voteId,date,bill,title,motionText,yea,nay,result,billUrl
24709-69269,2025-01-13,SR 3,Senate Rules; adopt,ADOPTION,55,1,Pass,https://www.legis.ga.gov/legislation/69269
24711-69270,2025-01-13,SR 4,"Senate Officials, Employees, and Committees; relative",ADOPTION,56,0,Pass,https://www.legis.ga.gov/legislation/69270
24713-69271,2025-01-13,SR 5,Senate Special Committee on Investigations; reauthorizing,ADOPTION,33,23,Pass,https://www.legis.ga.gov/legislation/69271
24714-69272,2025-01-13,SR 6,General Assembly Meetings and Adjournments; relative,ADOPTION,56,0,Pass,https://www.legis.ga.gov/legislation/69272
24733-69392,2025-02-03,SB 16,Public Officials; bail bond business; modify provisions,PASSAGE,51,2,Pass,https://www.legis.ga.gov/legislation/69392
24734-69273,2025-02-03,SR 7,State Highway System; dedicate certain portions,ADOPTION,52,0,Pass,https://www.legis.ga.gov/legislation/69273
24738-69285,2025-02-05,HB 5,Decatur County; board of commissioners; change district residency requirements for candidates,Local Calendar,160,1,Pass,https://www.legis.ga.gov/legislation/69285
24738-69286,2025-02-05,HB 6,Mitchell County; Board of Commissioners; filling vacancies; revise provisions ,Local Calendar,160,1,Pass,https://www.legis.ga.gov/legislation/69286
24738-69293,2025-02-05,HB 13,Echols County; Board of Education; provide for compensation,Local Calendar,160,1,Pass,https://www.legis.ga.gov/legislation/69293
24738-69308,2025-02-05,HB 28,Colquitt County; ad valorem tax for county purposes; provide homestead exemption,Local Calendar,160,1,Pass,https://www.legis.ga.gov/legislation/69308
24738-69309,2025-02-05,HB 29,Colquitt County; school district ad valorem tax; provide homestead exemption,Local Calendar,160,1,Pass,https://www.legis.ga.gov/legislation/69309
24738-69312,2025-02-05,HB 32,Cook County; Probate Court; authorize assessment and collection of a technology fee,Local Calendar,160,1,Pass,https://www.legis.ga.gov/legislation/69312
24738-69313,2025-02-05,HB 33,Cook County; Magistrate Court; authorize assessment and collection of a technology fee,Local Calendar,160,1,Pass,https://www.legis.ga.gov/legislation/69313
24738-69335,2025-02-05,HB 39,Habersham County; Magistrate Court; authorize assessment and collection of technology fee,Local Calendar,160,1,Pass,https://www.legis.ga.gov/legislation/69335
24738-69458,2025-02-05,HB 103,Troup County; ad valorem tax; educational purposes; increase homestead exemption,Local Calendar,160,1,Pass,https://www.legis.ga.gov/legislation/69458
24738-69598,2025-02-05,HB 160,Carroll County; State Court; provide additional judge,Local Calendar,160,1,Pass,https://www.legis.ga.gov/legislation/69598
24738-69651,2025-02-05,HB 174,"Centerville, City of; Municipal Court; charge a technology fee",Local Calendar,160,1,Pass,https://www.legis.ga.gov/legislation/69651
24741-69394,2025-02-06,HB 67,"Supplemental appropriations; State Fiscal Year July 1, 2024 - June 30, 2025",PASSAGE,166,3,Pass,https://www.legis.ga.gov/legislation/69394
24746-69274,2025-02-06,SB 1,'Fair and Safe Athletic Opportunities Act'; enact,PASSAGE BY SUBSTITUTE,35,17,Pass,https://www.legis.ga.gov/legislation/69274
24748-69595,2025-02-10,HB 157,"Braselton, Town of; annex certain properties ",Local Calendar,167,0,Pass,https://www.legis.ga.gov/legislation/69595
24748-69841,2025-02-10,HB 236,Bartow County; appointment of a county surveyor; provide,Local Calendar,167,0,Pass,https://www.legis.ga.gov/legislation/69841
24750-69327,2025-02-10,SB 8,Courts; arrest warrant requirements when juvenile courts are acting as courts of inquiry; provide,PASSAGE,51,1,Pass,https://www.legis.ga.gov/legislation/69327
24751-69480,2025-02-10,SB 23,Retirement; total percentage of funds that the Employees' Retirement System of Georgia may invest in alternative investments; raise the limit,PASSAGE,47,8,Pass,https://www.legis.ga.gov/legislation/69480
24752-69552,2025-02-10,SB 35,Property Insurance Policies; notice required to be given a policyholder before the nonrenewal of his or her homeowners' insurance policy; increase the number of days,PASSAGE BY SUBSTITUTE,55,0,Pass,https://www.legis.ga.gov/legislation/69552
24753-69329,2025-02-10,SB 6,Controlled Substances; determine whether a controlled substance has been adulterated; authorize the use of testing equipment,PASSAGE BY SUBSTITUTE,55,0,Pass,https://www.legis.ga.gov/legislation/69329
24754-69373,2025-02-11,HB 61,Motor vehicles; issuance of separate license plates for hearses and ambulances; provide,PASSAGE,165,0,Pass,https://www.legis.ga.gov/legislation/69373
24755-69467,2025-02-11,HB 114,Motor vehicles; federal regulations regarding safe operation of commercial motor vehicle and carriers; update reference date,PASSAGE,165,0,Pass,https://www.legis.ga.gov/legislation/69467
24756-69673,2025-02-11,HR 98,Property; granting of nonexclusive easements; authorize,ADOPT,166,0,Pass,https://www.legis.ga.gov/legislation/69673
24758-69672,2025-02-11,HR 97,Property; conveyance of certain state owned property; authorize,ADOPT,166,0,Pass,https://www.legis.ga.gov/legislation/69672
24760-69759,2025-02-11,SB 70,"""Conyers Community Improvement Districts Act""; enact",LOCAL CONSENT CALENDAR,49,0,Pass,https://www.legis.ga.gov/legislation/69759
24760-69804,2025-02-11,SB 78,"""City of Tybee Island Buildings and Public Facilities Authority Act""; enact",LOCAL CONSENT CALENDAR,49,0,Pass,https://www.legis.ga.gov/legislation/69804
24760-69824,2025-02-11,SB 83,Bartow County; school district ad valorem taxes for educational purposes; provide a homestead exemption ,LOCAL CONSENT CALENDAR,49,0,Pass,https://www.legis.ga.gov/legislation/69824
24765-69826,2025-02-11,SB 84,Special License Plates; specialty license plate honoring the Shepherd Center; establish,PASSAGE BY SUBSTITUTE,52,0,Pass,https://www.legis.ga.gov/legislation/69826
24768-69560,2025-02-11,SB 39,Employees' Insurance and Benefits Plans; expenses for gender-affirming care under the state health benefit plan or with any state funds; prohibit coverage,PASSAGE BY SUBSTITUTE,33,19,Pass,https://www.legis.ga.gov/legislation/69560
24771-69749,2025-02-12,HB 216,Richard H. Smith Georgia CHIPS Advancement in Research and Economic Development Act; enact,PASSAGE,163,2,Pass,https://www.legis.ga.gov/legislation/69749
24773-69353,2025-02-12,HB 55,Alapaha Judicial Circuit; superior courts; provide for an additional judge,PASSAGE,166,1,Pass,https://www.legis.ga.gov/legislation/69353
24774-69537,2025-02-12,HB 137,Contracts; increase dollar value of certain public works contracts exempt from provisions relating to retention of contractual payments,PASSAGE,152,9,Pass,https://www.legis.ga.gov/legislation/69537
24775-69715,2025-02-12,HB 199,Courts; protection of personally identifiable information of judges and their spouses; modify provisions,PASSAGE,165,0,Pass,https://www.legis.ga.gov/legislation/69715
24776-69295,2025-02-12,HB 15,Banking and finance; update terminology; provisions,PASSAGE,163,1,Pass,https://www.legis.ga.gov/legislation/69295
24778-69285,2025-02-12,HB 5,Decatur County; board of commissioners; change district residency requirements for candidates,LOCAL CONSENT CALENDAR,52,1,Pass,https://www.legis.ga.gov/legislation/69285
24778-69286,2025-02-12,HB 6,Mitchell County; Board of Commissioners; filling vacancies; revise provisions ,LOCAL CONSENT CALENDAR,52,1,Pass,https://www.legis.ga.gov/legislation/69286
24778-69293,2025-02-12,HB 13,Echols County; Board of Education; provide for compensation,LOCAL CONSENT CALENDAR,52,1,Pass,https://www.legis.ga.gov/legislation/69293
24778-69308,2025-02-12,HB 28,Colquitt County; ad valorem tax for county purposes; provide homestead exemption,LOCAL CONSENT CALENDAR,52,1,Pass,https://www.legis.ga.gov/legislation/69308
24778-69309,2025-02-12,HB 29,Colquitt County; school district ad valorem tax; provide homestead exemption,LOCAL CONSENT CALENDAR,52,1,Pass,https://www.legis.ga.gov/legislation/69309
24778-69312,2025-02-12,HB 32,Cook County; Probate Court; authorize assessment and collection of a technology fee,LOCAL CONSENT CALENDAR,52,1,Pass,https://www.legis.ga.gov/legislation/69312
24778-69313,2025-02-12,HB 33,Cook County; Magistrate Court; authorize assessment and collection of a technology fee,LOCAL CONSENT CALENDAR,52,1,Pass,https://www.legis.ga.gov/legislation/69313
24778-69335,2025-02-12,HB 39,Habersham County; Magistrate Court; authorize assessment and collection of technology fee,LOCAL CONSENT CALENDAR,52,1,Pass,https://www.legis.ga.gov/legislation/69335
24778-69458,2025-02-12,HB 103,Troup County; ad valorem tax; educational purposes; increase homestead exemption,LOCAL CONSENT CALENDAR,52,1,Pass,https://www.legis.ga.gov/legislation/69458
24778-69598,2025-02-12,HB 160,Carroll County; State Court; provide additional judge,LOCAL CONSENT CALENDAR,52,1,Pass,https://www.legis.ga.gov/legislation/69598
24778-69651,2025-02-12,HB 174,"Centerville, City of; Municipal Court; charge a technology fee",LOCAL CONSENT CALENDAR,52,1,Pass,https://www.legis.ga.gov/legislation/69651
24780-69280,2025-02-12,SB 5,Private Review Agents; health insurers to implement and maintain a program that allows for the selective application of reductions in prior authorization requirements; provide,PASSAGE,51,1,Pass,https://www.legis.ga.gov/legislation/69280
24781-69583,2025-02-12,SB 47,"Sales and Use Taxes; sales of firearms, ammunition, gun safes, and related accessories during an 11 day period each year; exempt",PASSAGE BY SUBSTITUTE,31,21,Pass,https://www.legis.ga.gov/legislation/69583
24782-69816,2025-02-12,SR 95,"""Sonny Perdue Legislative Center""; naming the forthcoming new legislative office complex",ADOPTION BY SUBSTITUTE,47,4,Pass,https://www.legis.ga.gov/legislation/69816
24784-69332,2025-02-13,HB 36,Guardian and ward; revise list of providers who are authorized to participate in the processes for appointment of a guardian for an adult,PASSAGE,99,70,Pass,https://www.legis.ga.gov/legislation/69332
24785-69415,2025-02-13,HB 81,Interstate Compact for School Psychologists; enter into,PASSAGE,165,2,Pass,https://www.legis.ga.gov/legislation/69415
24786-69865,2025-02-13,HB 252,"Newnan, City of; ad valorem tax; provide homestead exemption",Local Calendar,163,0,Pass,https://www.legis.ga.gov/legislation/69865
24786-70111,2025-02-13,HB 349,Douglas County; Board of Commissioners; filling vacancies; change provisions,Local Calendar,163,0,Pass,https://www.legis.ga.gov/legislation/70111
24786-70117,2025-02-13,HB 355,"Doraville, City of; office of councilmember or mayor; filling vacancies; provide",Local Calendar,163,0,Pass,https://www.legis.ga.gov/legislation/70117
24786-70118,2025-02-13,HB 356,City of Doraville Building and Public Facilities Authority Act; enact,Local Calendar,163,0,Pass,https://www.legis.ga.gov/legislation/70118
24786-70121,2025-02-13,HB 359,"Cedartown, City of; Redevelopment Powers Law; provide for a referendum",Local Calendar,163,0,Pass,https://www.legis.ga.gov/legislation/70121
24787-69406,2025-02-13,HB 74,Georgia Lottery for Education Act; correct a reference; provisions,PASSAGE,169,0,Pass,https://www.legis.ga.gov/legislation/69406
24788-69463,2025-02-13,HB 105,Public officers and employees; increase indemnification award of certain state public school personnel in the event of death,PASSAGE,168,0,Pass,https://www.legis.ga.gov/legislation/69463
24790-69581,2025-02-13,SB 44,"Equalization Grants, Annual Calculations, and Allocation; the definition of the term ""qualified local school system"" by reducing the minimum required millage rate; revise",PASSAGE BY SUBSTITUTE,51,0,Pass,https://www.legis.ga.gov/legislation/69581
24791-69807,2025-02-13,SB 76,License Plates; specialty license plate benefitting the Georgia Veterans Service Foundation; establish,PASSAGE BY SUBSTITUTE,52,0,Pass,https://www.legis.ga.gov/legislation/69807
24793-69478,2025-02-13,SB 21,Local Governments; violation of the prohibition on immigration sanctuary policies; waive sovereign and governmental immunities,PASSAGE BY SUBSTITUTE,33,18,Pass,https://www.legis.ga.gov/legislation/69478
24794-69937,2025-02-13,SB 99,Crimes and Offenses; definition of law enforcement officer; provide,PASSAGE BY SUBSTITUTE,49,1,Pass,https://www.legis.ga.gov/legislation/69937
24795-69431,2025-02-18,HB 92,Revenue and taxation; postpone date by which local governing authorities can opt out of base year homestead exemption,PASSAGE,173,1,Pass,https://www.legis.ga.gov/legislation/69431
24796-69472,2025-02-18,HR 42,General Assembly; motor fuel and diesel fuel taxes; ratify Governor Brian P. Kemp's Executive Orders ,ADOPT,172,0,Pass,https://www.legis.ga.gov/legislation/69472
24798-69776,2025-02-18,HB 223,Revenue and taxation; exclude from the calculation of taxable net income certain disaster relief or assistance grant program payments for agricultural losses suffered due to Hurricane Helene,PASSAGE,173,0,Pass,https://www.legis.ga.gov/legislation/69776
24801-69629,2025-02-18,SB 52,"""Timberlands Recovery, Exemption, and Earnings Stability (TREES) Act""; enact",PASSAGE BY SUBSTITUTE,53,0,Pass,https://www.legis.ga.gov/legislation/69629
24802-69637,2025-02-18,SB 58,"""Georgia Transporting Life-Saving Organs and Personnel Act""; enact",PASSAGE,53,0,Pass,https://www.legis.ga.gov/legislation/69637
24803-69809,2025-02-18,SB 81,Motor Vehicle Franchise Practices; protection of consumer data in motor vehicle sales; provide,PASSAGE BY SUBSTITUTE,52,1,Pass,https://www.legis.ga.gov/legislation/69809
24804-69334,2025-02-19,HB 38,Education; needs based financial aid program; revise definition of eligible student,PASSAGE,169,3,Pass,https://www.legis.ga.gov/legislation/69334
24805-69570,2025-02-19,HB 148,Public Accountancy Act of 2025; enact,PASSAGE,172,0,Pass,https://www.legis.ga.gov/legislation/69570
24806-69470,2025-02-19,HB 117,Food service establishments; require notification of the country of origin of seafood items,PASSAGE,165,7,Pass,https://www.legis.ga.gov/legislation/69470
24807-69600,2025-02-19,HB 162,Georgia Bureau of Investigation; restriction and seal of First Offender Act sentences until such status is revoked; provide,PASSAGE,172,0,Pass,https://www.legis.ga.gov/legislation/69600
24808-69656,2025-02-19,HB 177,Domestic relations; protection for household pets in both family violence and dating violence protective orders; provide,PASSAGE,164,3,Pass,https://www.legis.ga.gov/legislation/69656
24811-69805,2025-02-19,SB 77,City of Cartersville; independent school district ad valorem taxes for educational purposes; provide a homestead exemption,LOCAL CONSENT CALENDAR,51,0,Pass,https://www.legis.ga.gov/legislation/69805
24811-70094,2025-02-19,SB 137,City of Mulberry; provisions related to jurisdiction of the municipal court; revise,LOCAL CONSENT CALENDAR,51,0,Pass,https://www.legis.ga.gov/legislation/70094
24811-70121,2025-02-19,HB 359,"Cedartown, City of; Redevelopment Powers Law; provide for a referendum",LOCAL CONSENT CALENDAR,51,0,Pass,https://www.legis.ga.gov/legislation/70121
24813-69578,2025-02-19,SR 56,Bona Fide Conservation Use Property; maximum acreage to qualify for assessment and taxation; increase -CA,ADOPTION OF CONSTITUTIONAL AMENDMENT,51,1,Pass,https://www.legis.ga.gov/legislation/69578
24814-69580,2025-02-19,SB 45,Bona Fide Conservation Use Property; the maximum acreage to qualify for assessment and taxation; increase,PASSAGE,51,1,Pass,https://www.legis.ga.gov/legislation/69580
24815-69640,2025-02-19,SB 59,Bona Fide Conservation Use Property; a limitation on leased property; remove,PASSAGE,50,1,Pass,https://www.legis.ga.gov/legislation/69640
24816-69886,2025-02-19,SB 89,Income Taxes; amount of a tax credit based on the federal tax credit for certain child and dependent care expenses; increase,PASSAGE,49,0,Pass,https://www.legis.ga.gov/legislation/69886
24817-69469,2025-02-20,HB 116,"Public Safety, Department of; Motor Carrier Compliance Division to Commercial Vehicle Enforcement; change name",PASSAGE,162,5,Pass,https://www.legis.ga.gov/legislation/69469
24818-69569,2025-02-20,HB 147,Georgia Technology Authority; annual inventory of artificial intelligence usage by state agencies; provide,PASSAGE,172,0,Pass,https://www.legis.ga.gov/legislation/69569
24820-69348,2025-02-20,HB 51,Georgia Environmental Finance Authority; finance and perform certain duties for projects relating to natural gas facilities; authorize,PASSAGE,120,55,Pass,https://www.legis.ga.gov/legislation/69348
24821-69405,2025-02-20,HB 73,Seminole County; Board of Education; provide nonpartisan elections,PASSAGE,138,29,Pass,https://www.legis.ga.gov/legislation/69405
24822-69424,2025-02-20,HB 85,Superior Court Judicial Compensation Reform Act; enact,PASSAGE,163,7,Pass,https://www.legis.ga.gov/legislation/69424
24823-69425,2025-02-20,HB 86,Public officers and employees; calculating and setting the salaries of certain state officials; revise provisions,PASSAGE,167,6,Pass,https://www.legis.ga.gov/legislation/69425
24824-69429,2025-02-20,HB 90,Revenue and taxation; increase maximum acreage to qualify for assessment and taxation as a bona fide conservation use property,PASSAGE,111,62,Pass,https://www.legis.ga.gov/legislation/69429
24825-69592,2025-02-20,HB 155,Local government; selection and objection to arbitrators; revise procedures,PASSAGE,172,0,Pass,https://www.legis.ga.gov/legislation/69592
24826-69350,2025-02-20,HB 53,Georgia veterans; allow certain persons to be buried in Georgia veterans cemeteries,PASSAGE,164,0,Pass,https://www.legis.ga.gov/legislation/69350
24828-69922,2025-02-20,SB 96,"Official Code of Georgia Annotated; provisions creating certain boards, panels, authorities, centers, commissions, committees, councils, task forces, and other such bodies; update and modernize",PASSAGE,35,18,Pass,https://www.legis.ga.gov/legislation/69922
24829-69933,2025-02-20,SB 98,Guardian and Ward; county conservators; provide,PASSAGE BY SUBSTITUTE,50,0,Pass,https://www.legis.ga.gov/legislation/69933
24830-69979,2025-02-20,SB 102,Dogfighting; revise provisions,PASSAGE BY SUBSTITUTE,49,3,Pass,https://www.legis.ga.gov/legislation/69979
24832-70097,2025-02-20,SB 138,Incorporation of Municipal Corporations; transition of certain services related to newly incorporated municipalities in certain counties; provide,PASSAGE BY SUBSTITUTE,32,22,Pass,https://www.legis.ga.gov/legislation/70097
24834-69404,2025-02-20,SR 23,US Congress; limited to proposing an amendment to the Constitution of the United States to set a limit on the number of terms that a person may be elected; apply to call a convention,ADOPTION,34,18,Pass,https://www.legis.ga.gov/legislation/69404
24835-69785,2025-02-20,SR 96,"Purebred Dog Day; recognize May 1, 2025",ADOPTION BY SUBSTITUTE,40,9,Pass,https://www.legis.ga.gov/legislation/69785
24836-69644,2025-02-21,HB 167,Game and fish; authorize fluorescent pink hunting outer garments,PASSAGE,159,0,Pass,https://www.legis.ga.gov/legislation/69644
24837-69356,2025-02-21,HB 58,"Aviation; adoption of local ordinances, resolution, regulations, or policies that restrict the flight of unmanned aircraft systems over mass public gatherings; authorize",PASSAGE,153,4,Pass,https://www.legis.ga.gov/legislation/69356
24838-69950,2025-02-21,HB 283,Motor vehicles; issuance of a refusal to sign citation; provide,PASSAGE,155,6,Pass,https://www.legis.ga.gov/legislation/69950
24839-69712,2025-02-21,HB 196,State employees' health insurance plan; drugs dispensed for self-administration; provisions,PASSAGE,168,0,Pass,https://www.legis.ga.gov/legislation/69712
24841-69660,2025-02-21,HB 181,Vital records; issuance of a Certificate of Foreign Birth by the state registrar without a judicial order if certain criteria is satisfied; provide,PASSAGE,154,0,Pass,https://www.legis.ga.gov/legislation/69660
24842-69721,2025-02-21,HB 205,Board of Homeland Security; development of a list of approved unmanned aircraft systems; provide,PASSAGE,162,1,Pass,https://www.legis.ga.gov/legislation/69721
24843-69831,2025-02-21,HB 226,"Cochran, City of; change corporate limits",Local Calendar,170,0,Pass,https://www.legis.ga.gov/legislation/69831
24843-70180,2025-02-21,HB 380,Lower Chattahoochee Regional Airport Authority; repeal Act,Local Calendar,170,0,Pass,https://www.legis.ga.gov/legislation/70180
24843-70181,2025-02-21,HB 381,"Lower Chattahoochee Regional Transportation Authority; add Clay, Marion, and Webster counties",Local Calendar,170,0,Pass,https://www.legis.ga.gov/legislation/70181
24843-70197,2025-02-21,HB 396,"Acworth, City of; adopt by reference a certain map",Local Calendar,170,0,Pass,https://www.legis.ga.gov/legislation/70197
24843-70207,2025-02-21,HB 404,"Conyers, City of; revise city boundaries",Local Calendar,170,0,Pass,https://www.legis.ga.gov/legislation/70207
24843-70253,2025-02-21,HB 412,Polk County Water Authority; reappointment of members; change certain provisions,Local Calendar,170,0,Pass,https://www.legis.ga.gov/legislation/70253
24843-70320,2025-02-21,HB 448,Gilmer County; appointment of a county surveyor; provide,Local Calendar,170,0,Pass,https://www.legis.ga.gov/legislation/70320
24843-70349,2025-02-21,HB 462,Toombs County; Redevelopment Powers Law; provide for a referendum,Local Calendar,170,0,Pass,https://www.legis.ga.gov/legislation/70349
24843-70380,2025-02-21,HB 468,Heard County; Board of Education; revise compensation of members,Local Calendar,170,0,Pass,https://www.legis.ga.gov/legislation/70380
24843-70393,2025-02-21,HB 476,Watson-Stephens-Petrea-Franklin Tax Relief Act; enact,Local Calendar,170,0,Pass,https://www.legis.ga.gov/legislation/70393
24843-70422,2025-02-21,HB 498,Garden City Charm and Tourism Act; enact,Local Calendar,170,0,Pass,https://www.legis.ga.gov/legislation/70422
24844-69392,2025-02-21,SB 16,Public Officials; bail bond business; modify provisions,PASSAGE,159,6,Pass,https://www.legis.ga.gov/legislation/69392
24845-69701,2025-02-21,HB 192,Top State for Talent Act; enact,PASSAGE,155,1,Pass,https://www.legis.ga.gov/legislation/69701
24847-69841,2025-02-21,HB 236,Bartow County; appointment of a county surveyor; provide,LOCAL CONSENT CALENDAR,46,0,Pass,https://www.legis.ga.gov/legislation/69841
24847-69865,2025-02-21,HB 252,"Newnan, City of; ad valorem tax; provide homestead exemption",LOCAL CONSENT CALENDAR,46,0,Pass,https://www.legis.ga.gov/legislation/69865
24847-70118,2025-02-21,HB 356,City of Doraville Building and Public Facilities Authority Act; enact,LOCAL CONSENT CALENDAR,46,0,Pass,https://www.legis.ga.gov/legislation/70118
24847-70300,2025-02-21,SB 161,Gordon County; school district ad valorem taxes for educational purposes; provide homestead exemption,LOCAL CONSENT CALENDAR,46,0,Pass,https://www.legis.ga.gov/legislation/70300
24848-69368,2025-02-21,SB 10,Superior Courts of the Alapaha Judicial Circuit; additional judge; provide,PASSAGE BY SUBSTITUTE,49,0,Pass,https://www.legis.ga.gov/legislation/69368
24849-69383,2025-02-21,SB 12,Inspection of Public Records; documents and records in the possession of private persons or entities; revise provisions,PASSAGE BY SUBSTITUTE,49,0,Pass,https://www.legis.ga.gov/legislation/69383
24852-69756,2025-02-21,SB 68,"Civil Practice; substantive and comprehensive revision of provisions regarding civil practice, evidentiary matters, damages, and liability in tort actions; provide",PASSAGE BY SUBSTITUTE,33,21,Pass,https://www.legis.ga.gov/legislation/69756
24853-69330,2025-02-24,HB 34,Professional licensing boards; continuing education tracking solution to monitor compliance of licenses with applicable continuing education requirements; establish,PASSAGE,171,2,Pass,https://www.legis.ga.gov/legislation/69330
24854-69498,2025-02-24,HB 124,Insurance; require coverage for healthcare services for pediatric autoimmune neuropsychiatric disorders; provisions,PASSAGE,173,0,Pass,https://www.legis.ga.gov/legislation/69498
24855-69954,2025-02-24,HB 287,"Environmental Protection Division; Environmental Advisory Council; update reference date to standards, rules, and regulations",PASSAGE,171,0,Pass,https://www.legis.ga.gov/legislation/69954
24856-69410,2025-02-24,HB 78,Employees' Retirement System of Georgia; total percentage of funds invested in alternative investments; raise limit,PASSAGE,161,9,Pass,https://www.legis.ga.gov/legislation/69410
24857-69590,2025-02-24,HB 153,Sales and use tax; maintenance and replacement parts for certain machinery used to mix or transport concrete; extend exemption sunset date,PASSAGE,168,3,Pass,https://www.legis.ga.gov/legislation/69590
24859-70114,2025-02-24,HB 352,Georgia Gestational Diabetes Management Act; enact,PASSAGE,169,2,Pass,https://www.legis.ga.gov/legislation/70114
24860-69661,2025-02-24,HB 182,Life insurance; excluding or restricting liability for certain deaths occurring while an individual is an active duty service member; prohibit,PASSAGE,171,0,Pass,https://www.legis.ga.gov/legislation/69661
24861-69273,2025-02-24,SR 7,State Highway System; dedicate certain portions,ADOPT,174,0,Pass,https://www.legis.ga.gov/legislation/69273
24862-69641,2025-02-24,HB 164,"Highways, bridges, and ferries; allowable variance for weight limitations upon a vehicle or load; repeal automatic repeal provisions",PASSAGE,164,9,Pass,https://www.legis.ga.gov/legislation/69641
24863-69837,2025-02-24,HB 232,Interstate Massage Compact Act; enact,PASSAGE,165,5,Pass,https://www.legis.ga.gov/legislation/69837
24864-69535,2025-02-24,HB 136,Income tax; contributions to foster child support organizations; expand tax credit,PASSAGE,170,2,Pass,https://www.legis.ga.gov/legislation/69535
24866-69384,2025-02-24,SB 13,Georgia Environmental Finance Authority; finance and perform certain duties in connection with projects relating to natural gas facilities; authorize,PASSAGE,42,11,Pass,https://www.legis.ga.gov/legislation/69384
24867-69767,2025-02-24,SB 72,"""Hope for Georgia Patients Act""; enact",PASSAGE BY SUBSTITUTE,56,0,Pass,https://www.legis.ga.gov/legislation/69767
24868-70079,2025-02-24,SB 125,Professional Engineers and Land Surveyors; decouple the sequential order of experience and examination requirements,PASSAGE,56,0,Pass,https://www.legis.ga.gov/legislation/70079
24870-69523,2025-02-24,SB 28,"""Red Tape Rollback Act of 2025""; enact",PASSAGE BY SUBSTITUTE,33,21,Pass,https://www.legis.ga.gov/legislation/69523
24871-69468,2025-02-26,HB 115,"Natural Resources, Department of; certain notice upon registration of a vessel; provide",PASSAGE,164,0,Pass,https://www.legis.ga.gov/legislation/69468
24872-69648,2025-02-26,HB 171,Crimes and offenses; obscenity; repeal and replace Code Section 16-12-80,PASSAGE,160,0,Pass,https://www.legis.ga.gov/legislation/69648
24873-70316,2025-02-26,HB 444,Holidays; April of each year as Georgia Native Plant Month; designate,PASSAGE,158,3,Pass,https://www.legis.ga.gov/legislation/70316
24874-69533,2025-02-26,HB 134,Sales and use tax; manufactured homes; revise and expand exemption ,PASSAGE,160,0,Pass,https://www.legis.ga.gov/legislation/69533
24875-70019,2025-02-26,HB 308,Motor vehicles; operation of miniature on-road vehicles on certain highways; provide,PASSAGE,170,1,Pass,https://www.legis.ga.gov/legislation/70019
24876-70251,2025-02-26,HB 410,"Insurance, Department of; efficiency in the practices; provide",PASSAGE,164,0,Pass,https://www.legis.ga.gov/legislation/70251
24877-69775,2025-02-26,HB 222,Criminal procedure; inclusion of certain contact information on bonds and recognizances; require,PASSAGE,169,0,Pass,https://www.legis.ga.gov/legislation/69775
24878-69724,2025-02-26,HB 208,Special license plates; support state parks and historic sites; establish,PASSAGE,167,0,Pass,https://www.legis.ga.gov/legislation/69724
24879-69460,2025-02-26,HB 108,Safeguarding American Veteran Empowerment Act or SAVE Act; enact,PASSAGE,158,10,Pass,https://www.legis.ga.gov/legislation/69460
24880-70255,2025-02-26,HB 414,"Elections; ""person"" to include certain nonresidents; revise definition",PASSAGE,153,9,Pass,https://www.legis.ga.gov/legislation/70255
24882-69731,2025-02-26,HR 121,John W. Mixon Georgia Forestry Building; Dry Branch Community; dedicate,ADOPT,163,0,Pass,https://www.legis.ga.gov/legislation/69731
24883-69655,2025-02-26,HB 176,Appeal and error; judgments deemed directly appealable; change a provision,PASSAGE,168,0,Pass,https://www.legis.ga.gov/legislation/69655
24884-69593,2025-02-26,HB 156,"Transportation, Department of; authority over vertiports; provide",PASSAGE,162,7,Pass,https://www.legis.ga.gov/legislation/69593
24885-69529,2025-02-26,HB 131,Self-service storage facilities; revise advertisement requirements before an owner can enforce an owner's lien,PASSAGE,166,0,Pass,https://www.legis.ga.gov/legislation/69529
24886-69838,2025-02-26,HB 233,State symbols; Brunswick stew as the official state stew; designate,PASSAGE,152,2,Pass,https://www.legis.ga.gov/legislation/69838
24887-70193,2025-02-26,HB 392,Georgia Tax Court; certain events; revise dates,PASSAGE,164,0,Pass,https://www.legis.ga.gov/legislation/70193
24888-69649,2025-02-26,HB 172,Veterinary education; limits on student loan forgiveness program; provide,PASSAGE,164,4,Pass,https://www.legis.ga.gov/legislation/69649
24889-69294,2025-02-26,HB 14,State symbols; cornbread as official state bread; designate,PASSAGE,157,4,Pass,https://www.legis.ga.gov/legislation/69294
24890-69866,2025-02-26,HB 253,"Ethan's Law; enact
",PASSAGE,166,0,Pass,https://www.legis.ga.gov/legislation/69866
24893-69575,2025-02-26,SB 40,"Secondary Metals Recyclers; the definition of the term ""used, detached catalytic converters"" to said article;  provide for applicability",PASSAGE BY SUBSTITUTE,51,3,Pass,https://www.legis.ga.gov/legislation/69575
24894-70087,2025-02-26,SB 130,Health; medical education funding and the service cancelable loan program; expand,PASSAGE,52,4,Pass,https://www.legis.ga.gov/legislation/70087
24895-69394,2025-02-26,HB 67,"Supplemental appropriations; State Fiscal Year July 1, 2024 - June 30, 2025",PASSAGE BY SUBSTITUTE,55,1,Pass,https://www.legis.ga.gov/legislation/69394
24896-69811,2025-02-26,SB 79,"""Fentanyl Eradication and Removal Act""; enact",PASSAGE,50,3,Pass,https://www.legis.ga.gov/legislation/69811
24897-70077,2025-02-26,SB 123,Compulsory Attendance; provisions of the state's compulsory school attendance laws; update and revise,PASSAGE,54,0,Pass,https://www.legis.ga.gov/legislation/70077
24898-70277,2025-02-27,HB 428,Health; codify right to in vitro fertilization for individuals,PASSAGE,172,0,Pass,https://www.legis.ga.gov/legislation/70277
24899-70058,2025-02-27,HB 329,Professional and businesses; authorize certified nurse practitioners and physician assistants to perform artificial insemination,PASSAGE,167,0,Pass,https://www.legis.ga.gov/legislation/70058
24900-70094,2025-02-27,SB 137,City of Mulberry; provisions related to jurisdiction of the municipal court; revise,Local Calendar,169,0,Pass,https://www.legis.ga.gov/legislation/70094
24900-70252,2025-02-27,HB 411,Banks County; Board of Commissioners; change description of districts,Local Calendar,169,0,Pass,https://www.legis.ga.gov/legislation/70252
24900-70575,2025-02-27,HB 538,Schley County; Probate Court; authorize assessment and collection of technology fee,Local Calendar,169,0,Pass,https://www.legis.ga.gov/legislation/70575
24900-70598,2025-02-27,HB 553,Taylor County; Probate Court; authorize assessment and collection of technology fee,Local Calendar,169,0,Pass,https://www.legis.ga.gov/legislation/70598
24900-70648,2025-02-27,HB 568,"Euharlee, City of; levy an excise tax",Local Calendar,169,0,Pass,https://www.legis.ga.gov/legislation/70648
24900-70700,2025-02-27,HB 591,"Cleveland, City of; Municipal Court; charge a technology fee",Local Calendar,169,0,Pass,https://www.legis.ga.gov/legislation/70700
24900-70701,2025-02-27,HB 592,"Cleveland, City of; provide new charter",Local Calendar,169,0,Pass,https://www.legis.ga.gov/legislation/70701
24901-69667,2025-02-27,HB 187,Professions and businesses; contractors; change certain provisions ,PASSAGE,157,2,Pass,https://www.legis.ga.gov/legislation/69667
24903-69846,2025-02-27,HB 241,Contracts; convenience fees for payment by electronic means; revise provisions,PASSAGE,160,3,Pass,https://www.legis.ga.gov/legislation/69846
24904-69927,2025-02-27,HB 267,Riley Gaines Act; enact,PASSAGE,102,54,Pass,https://www.legis.ga.gov/legislation/69927
24905-69466,2025-02-27,HB 113,State government; prohibit the state or its agencies from purchasing goods from certain foreign countries or related entities,PASSAGE,148,17,Pass,https://www.legis.ga.gov/legislation/69466
24906-69646,2025-02-27,HB 169,Ad valorem tax; breach of a covenant for bona fide conservation use related to solar generation of energy; limit exceptions,PASSAGE,160,0,Pass,https://www.legis.ga.gov/legislation/69646
24907-69867,2025-02-27,HB 254,State government; provide placement of Revolutionary War Patriots marker on state capitol building grounds and state archives building grounds,PASSAGE,166,0,Pass,https://www.legis.ga.gov/legislation/69867
24908-69447,2025-02-27,HB 94,"Insurance; medically necessary expenses for standard fertility preservation services when a medically necessary treatment for cancer, sickle cell disease, or lupus may directly or indirectly cause an impairment of fertility; require coverage",PASSAGE,162,2,Pass,https://www.legis.ga.gov/legislation/69447
24909-69565,2025-02-27,HB 143,Water resources; water-measuring devices for farm use of surface and ground water; revise provisions,PASSAGE,165,0,Pass,https://www.legis.ga.gov/legislation/69565
24910-69832,2025-02-27,HB 227,Putting Georgia's Patients First Act; enact,PASSAGE,164,1,Pass,https://www.legis.ga.gov/legislation/69832
24911-69601,2025-02-27,HB 163,Food service establishments; certain food products be disclosed as containing cell cultured meat and plant based meat alternatives; require,PASSAGE,161,3,Pass,https://www.legis.ga.gov/legislation/69601
24913-69405,2025-02-27,HB 73,Seminole County; Board of Education; provide nonpartisan elections,LOCAL CONSENT CALENDAR,48,0,Pass,https://www.legis.ga.gov/legislation/69405
24913-69831,2025-02-27,HB 226,"Cochran, City of; change corporate limits",LOCAL CONSENT CALENDAR,48,0,Pass,https://www.legis.ga.gov/legislation/69831
24913-70180,2025-02-27,HB 380,Lower Chattahoochee Regional Airport Authority; repeal Act,LOCAL CONSENT CALENDAR,48,0,Pass,https://www.legis.ga.gov/legislation/70180
24913-70197,2025-02-27,HB 396,"Acworth, City of; adopt by reference a certain map",LOCAL CONSENT CALENDAR,48,0,Pass,https://www.legis.ga.gov/legislation/70197
24913-70253,2025-02-27,HB 412,Polk County Water Authority; reappointment of members; change certain provisions,LOCAL CONSENT CALENDAR,48,0,Pass,https://www.legis.ga.gov/legislation/70253
24915-69577,2025-02-27,SB 42,"Penalties for violating Code Sections 16-6-9 through 16-6-12; certain penalty provisions for the offense of prostitution, keeping a place of prostitution, pimping, and pandering; repeal",PASSAGE,50,0,Pass,https://www.legis.ga.gov/legislation/69577
24916-69955,2025-02-27,SB 101,Duchenne Muscular Dystrophy; testing in the newborn screening system; require,PASSAGE,46,4,Pass,https://www.legis.ga.gov/legislation/69955
24917-70090,2025-02-27,SB 131,Georgia Board of Health Care Workforce; Georgia Health Care Professionals Data System; establishment,PASSAGE BY SUBSTITUTE,49,1,Pass,https://www.legis.ga.gov/legislation/70090
24918-70175,2025-02-27,SB 141,Revenue and Taxation; the appeal and protest period from 30 days to 45 days for tax assessments; extend,PASSAGE BY SUBSTITUTE,51,0,Pass,https://www.legis.ga.gov/legislation/70175
24919-69757,2025-02-27,SB 69,"""Georgia Courts Access and Consumer Protection Act""; enact",PASSAGE,52,0,Pass,https://www.legis.ga.gov/legislation/69757
24921-70207,2025-02-28,HB 404,"Conyers, City of; revise city boundaries",LOCAL CONSENT CALENDAR,51,1,Pass,https://www.legis.ga.gov/legislation/70207
24921-70380,2025-02-28,HB 468,Heard County; Board of Education; revise compensation of members,LOCAL CONSENT CALENDAR,51,1,Pass,https://www.legis.ga.gov/legislation/70380
24921-70393,2025-02-28,HB 476,Watson-Stephens-Petrea-Franklin Tax Relief Act; enact,LOCAL CONSENT CALENDAR,51,1,Pass,https://www.legis.ga.gov/legislation/70393
24921-70422,2025-02-28,HB 498,Garden City Charm and Tourism Act; enact,LOCAL CONSENT CALENDAR,51,1,Pass,https://www.legis.ga.gov/legislation/70422
24921-70662,2025-02-28,SB 238,Rockdale County; board of commissioners; increase the board of commissioners to five members,LOCAL CONSENT CALENDAR,51,1,Pass,https://www.legis.ga.gov/legislation/70662
24923-69884,2025-02-28,SB 88,Douglas Judicial Circuit; a fourth judge of the superior courts; provide,PASSAGE BY SUBSTITUTE,48,6,Pass,https://www.legis.ga.gov/legislation/69884
24924-70210,2025-02-28,SB 145,Augusta Judicial Circuit; a sixth judge of the superior courts; provide,PASSAGE,53,0,Pass,https://www.legis.ga.gov/legislation/70210
24925-70247,2025-02-28,SB 153,"Official Code of Georgia Annotated; revise, modernize, correct errors or omissions in, and reenact the statutory portion of said Code",PASSAGE,51,1,Pass,https://www.legis.ga.gov/legislation/70247
24926-70245,2025-02-28,SB 152,"""Georgia Promise Scholarship Act""; the biological or adopted children of individuals who are foster parents and who meet certain conditions shall qualify for promise scholarship accounts; provide",PASSAGE BY SUBSTITUTE,32,22,Pass,https://www.legis.ga.gov/legislation/70245
24927-70709,2025-02-28,SR 247,"Loeffler, Kelly; commend",ADOPTION,35,14,Pass,https://www.legis.ga.gov/legislation/70709
24950-70018,2025-02-28,HB 307,Quality Basic Education Act; students significantly at risk of not achieving grade level reading proficiency or with characteristics of dyslexia; include provisions,PASSAGE,166,0,Pass,https://www.legis.ga.gov/legislation/70018
24951-70268,2025-02-28,HB 423,Emergency telephone number 9-1-1 system; Next Generation 9-1-1 systems and services; provide,PASSAGE,163,0,Pass,https://www.legis.ga.gov/legislation/70268
24952-70392,2025-02-28,HB 475,"Income tax credit; film, gaming, video or digital production; revise a definition",PASSAGE,161,2,Pass,https://www.legis.ga.gov/legislation/70392
24953-70419,2025-02-28,HB 495,Education; Center for Rural Prosperity and Innovation; repeal; provide for Georgia Rural Development Council,PASSAGE,167,0,Pass,https://www.legis.ga.gov/legislation/70419
24954-69385,2025-02-28,HB 66,Ad valorem tax; expand definition of rental motor vehicle,PASSAGE,164,2,Pass,https://www.legis.ga.gov/legislation/69385
24955-70139,2025-02-28,HB 377,Buildings and housing; manufactured homes; provisions,PASSAGE,166,0,Pass,https://www.legis.ga.gov/legislation/70139
24956-70267,2025-02-28,HB 422,State employees' health insurance; include high deductible health plans,PASSAGE,163,0,Pass,https://www.legis.ga.gov/legislation/70267
24957-70135,2025-02-28,HB 373,Insurance; annual prostate cancer screenings for certain men; require major medical coverage,PASSAGE,164,1,Pass,https://www.legis.ga.gov/legislation/70135
24958-69845,2025-02-28,HB 240,Mortgage lenders and brokers; prohibit unfair or deceptive practices in consumer transactions related to mortgage trigger leads,PASSAGE,165,0,Pass,https://www.legis.ga.gov/legislation/69845
24959-69977,2025-02-28,HB 303,Original 33 Memorial Act; enact,PASSAGE,167,0,Pass,https://www.legis.ga.gov/legislation/69977
24929-70349,2025-03-03,HB 462,Toombs County; Redevelopment Powers Law; provide for a referendum,LOCAL CONSENT CALENDAR,52,0,Pass,https://www.legis.ga.gov/legislation/70349
24929-70495,2025-03-03,SB 206,"""South Georgia Energy Authority Act""; enact",LOCAL CONSENT CALENDAR,52,0,Pass,https://www.legis.ga.gov/legislation/70495
24929-70650,2025-03-03,SB 234,City of Dalton; independent school district ad valorem taxes for educational purposes; provide a homestead exemption,LOCAL CONSENT CALENDAR,52,0,Pass,https://www.legis.ga.gov/legislation/70650
24929-70651,2025-03-03,SB 235,Whitfield County; school district ad valorem taxes for educational purposes; provide a homestead exemption,LOCAL CONSENT CALENDAR,52,0,Pass,https://www.legis.ga.gov/legislation/70651
24929-70661,2025-03-03,SB 237,Newton County Public Facilities Authority; contracts and borrowing of funds; revise provisions,LOCAL CONSENT CALENDAR,52,0,Pass,https://www.legis.ga.gov/legislation/70661
24929-70952,2025-03-03,SB 302,Peach County; ad valorem taxes for county purposes; provide a homestead exemption,LOCAL CONSENT CALENDAR,52,0,Pass,https://www.legis.ga.gov/legislation/70952
24931-69412,2025-03-03,SB 20,Veterinarians; student loan repayment; who practice shelter medicine and in nonprofit pet sterilization clinics; provide; create the State Veterinary Education Board for Shelter Medicine and Pet Sterilization,PASSAGE BY SUBSTITUTE,54,2,Pass,https://www.legis.ga.gov/legislation/69412
24932-69543,2025-03-03,SB 31,Income Taxes; all income received as retirement benefits derived from service in the armed forces of the United States or the reserve components; exempt from taxation,PASSAGE,53,1,Pass,https://www.legis.ga.gov/legislation/69543
24933-69579,2025-03-03,SB 46,"""Government Serves the People Act""; enact",PASSAGE,51,4,Pass,https://www.legis.ga.gov/legislation/69579
24935-69548,2025-03-03,SB 30,Hospitals and Related Institutions; hormone therapies and puberty-blocking medications for certain purposes to minors; prohibit prescribing or administering,PASSAGE,34,19,Pass,https://www.legis.ga.gov/legislation/69548
24936-69394,2025-03-03,HB 67,"Supplemental appropriations; State Fiscal Year July 1, 2024 - June 30, 2025",AGREE TO HOUSE AMENDMENT TO SENATE SUBSTITUTE,55,1,Pass,https://www.legis.ga.gov/legislation/69394
24937-69604,2025-03-03,SB 51,"State, County, and Municipal Road Systems; contracting procedures related to the acquisition of certain professional services by counties and municipalities; revise",PASSAGE,54,1,Pass,https://www.legis.ga.gov/legislation/69604
24938-69634,2025-03-03,SB 55,"""Dignity and Pay Act""; enact",PASSAGE,51,3,Pass,https://www.legis.ga.gov/legislation/69634
24939-70095,2025-03-03,SB 139,City of Mulberry; change the corporate limits of the city,PASSAGE BY SUBSTITUTE,31,22,Pass,https://www.legis.ga.gov/legislation/70095
24940-69803,2025-03-03,SB 74,Harmful Materials to Minors; exemption for libraries and librarians from the provisions of Code Section 16-12-103; repeal,PASSAGE BY SUBSTITUTE,32,23,Pass,https://www.legis.ga.gov/legislation/69803
24941-69827,2025-03-03,SB 85,"Grants for Foster Children; a grant program to provide grants to former foster youth who meet eligibility requirements, subject to specific appropriations; establish",PASSAGE BY SUBSTITUTE,53,0,Pass,https://www.legis.ga.gov/legislation/69827
24943-70386,2025-03-03,SB 185,Correctional Institutions of State and Counties; use of state funds or resources for certain treatments for state inmates; prohibit,PASSAGE,37,15,Pass,https://www.legis.ga.gov/legislation/70386
24944-69990,2025-03-03,SB 111,"""Georgia Consumer Privacy Protection Act""; enact",PASSAGE,53,2,Pass,https://www.legis.ga.gov/legislation/69990
24945-70239,2025-03-03,SB 151,"""Joint Development Authority of North Fulton Municipalities Act""; enact",PASSAGE,32,23,Pass,https://www.legis.ga.gov/legislation/70239
24946-70344,2025-03-03,SB 175,Elections and Primaries; use of ranked-choice voting; prohibit,PASSAGE,36,19,Pass,https://www.legis.ga.gov/legislation/70344
24947-70441,2025-03-03,SB 195,Pharmacies; pharmacists are authorized to dispense preexposure prophylaxis and postexposure prophylaxis under certain conditions; provide,PASSAGE AS AMENDED,55,0,Pass,https://www.legis.ga.gov/legislation/70441
24948-69545,2025-03-03,SB 29,"DNA Sampling, Collection, and Analysis; collection of DNA samples of individuals arrested for the commission of a felony at the time such individuals are booked or otherwise processed by a detention facility; provide",PASSAGE AS AMENDED,44,11,Pass,https://www.legis.ga.gov/legislation/69545
24949-69636,2025-03-03,SB 56,Georgia State Indemnification Fund; the Department of Administrative Services to purchase annuities for the payment of indemnification claims; authorize,PASSAGE BY SUBSTITUTE,54,1,Pass,https://www.legis.ga.gov/legislation/69636
24961-69970,2025-03-03,HB 296,Motor vehicles; presentation of a driver's license in a certain electronic format; provisions,PASSAGE,154,17,Pass,https://www.legis.ga.gov/legislation/69970
24962-70120,2025-03-03,HB 358,Agriculture; prohibiting acquisition of possessory interest in certain land by certain foreign persons and entities; provide for a definition,PASSAGE,120,50,Pass,https://www.legis.ga.gov/legislation/70120
24963-69428,2025-03-03,HB 89,"Public Health, Department of; require healthcare providers, facilities, and pharmacies to provide the Maternal Mortality Review Committee with psychiatric or other clinical records",PASSAGE,168,7,Pass,https://www.legis.ga.gov/legislation/69428
24964-69665,2025-03-03,HB 186,Revenue and taxation; eliminate title ad valorem tax fee requirement for certain inherited vehicles,PASSAGE,171,0,Pass,https://www.legis.ga.gov/legislation/69665
24965-69958,2025-03-03,HB 290,Revenue and taxation; Internal Revenue Code and Internal Revenue Code of 1986; revise terms and incorporate certain provisions of federal law into Georgia law,PASSAGE,176,0,Pass,https://www.legis.ga.gov/legislation/69958
24966-70056,2025-03-03,HB 327,Official Code of Georgia Annotated; amend various titles,PASSAGE,176,0,Pass,https://www.legis.ga.gov/legislation/70056
24967-70254,2025-03-03,HB 413,Agriculture; prohibit local ordinances that prohibit operation of mobile sawmills on agricultural land,PASSAGE,162,13,Pass,https://www.legis.ga.gov/legislation/70254
24968-70257,2025-03-03,HB 416,Local government; enterprise zones; revise class of retailer from which fees may be collected,PASSAGE,172,0,Pass,https://www.legis.ga.gov/legislation/70257
24969-70140,2025-03-03,HB 378,State courts of counties; online publishing of terms; provide,PASSAGE,162,11,Pass,https://www.legis.ga.gov/legislation/70140
24970-69394,2025-03-03,HB 67,"Supplemental appropriations; State Fiscal Year July 1, 2024 - June 30, 2025",Agree to Senate Sub as Am,170,3,Pass,https://www.legis.ga.gov/legislation/69394
24971-69433,2025-03-03,HR 32,General Assembly; increase maximum acreage to qualify for assessment and taxation as a bona fide conservation use property - CA,ADOPT,168,5,Pass,https://www.legis.ga.gov/legislation/69433
24972-70390,2025-03-03,HB 473,Controlled substances; Schedule I; provide certain provisions,PASSAGE,170,0,Pass,https://www.legis.ga.gov/legislation/70390
24973-70200,2025-03-03,HB 399,Property; require certain residential landlords to have in-state staff to manage tenant communications,PASSAGE,163,4,Pass,https://www.legis.ga.gov/legislation/70200
24974-70742,2025-03-03,HB 612,Behavioral Health Coordinating Council; add member,PASSAGE,170,2,Pass,https://www.legis.ga.gov/legislation/70742
24975-70326,2025-03-03,HB 454,Vince Dooley Battlefield Trust Fund Act; enact,PASSAGE,157,14,Pass,https://www.legis.ga.gov/legislation/70326
24976-69430,2025-03-03,HB 91,Professions and businesses; licensure for graduates of foreign colleges or schools of veterinary medicine who are board certified in a specialty; provide,PASSAGE,169,0,Pass,https://www.legis.ga.gov/legislation/69430
24977-70199,2025-03-03,HB 398,"Food, drugs, and cosmetics; authorize production and sale of cottage food items with certain exemptions, requirements, and disclosures",PASSAGE,171,2,Pass,https://www.legis.ga.gov/legislation/70199
24978-69868,2025-03-03,HB 255,Special license plates; Southern University Alumni; establish,PASSAGE,168,0,Pass,https://www.legis.ga.gov/legislation/69868
24979-69834,2025-03-03,HB 229,Sales and use tax; exempt materials used in construction of capital outlay projects for educational purposes; provisions,PASSAGE,169,2,Pass,https://www.legis.ga.gov/legislation/69834
24980-69542,2025-03-03,HR 69,Biomedical Research Day; every third Thursday in April; recognize,ADOPT,171,1,Pass,https://www.legis.ga.gov/legislation/69542
24981-69563,2025-03-03,HB 141,Revenue and taxation; allow businesses and practitioners to provide affidavits of certified public accountants in lieu of tax returns,PASSAGE,158,16,Pass,https://www.legis.ga.gov/legislation/69563
24982-69642,2025-03-03,HB 165,Income tax credit; business enterprises for leased motor vehicles; repeal and reserve,PASSAGE,173,0,Pass,https://www.legis.ga.gov/legislation/69642
24983-69881,2025-03-03,HB 262,"Community Health, Department of; grant program for purpose of acquiring and installing backup generators; provide",PASSAGE,173,0,Pass,https://www.legis.ga.gov/legislation/69881
24984-70489,2025-03-04,HB 516,State government; authorize county and regional library boards to conduct meetings via teleconference,PASSAGE,164,5,Pass,https://www.legis.ga.gov/legislation/70489
24985-69971,2025-03-04,HB 297,Ad valorem tax; define multipurpose off-highway vehicle; provisions,PASSAGE,168,0,Pass,https://www.legis.ga.gov/legislation/69971
24986-69840,2025-03-04,HB 235,Georgia Supporting Living Donor Educators Act; enact,PASSAGE,173,0,Pass,https://www.legis.ga.gov/legislation/69840
24987-69411,2025-03-04,HB 79,Firearm Safe Handling and Secure Storage Tax Credit Act; enact,PASSAGE,165,8,Pass,https://www.legis.ga.gov/legislation/69411
24989-70321,2025-03-04,HB 449,Public utilities; subject certain companies providing water services to regulation by Public Service Commission,PASSAGE,170,1,Pass,https://www.legis.ga.gov/legislation/70321
24990-69929,2025-03-04,HB 268,"Education; safety, health, and well-being of students and school communities; provide",PASSAGE,159,13,Pass,https://www.legis.ga.gov/legislation/69929
24991-69310,2025-03-04,HB 30,Catoosa County; school district ad valorem tax; provide homestead exemption,Local Calendar,172,0,Pass,https://www.legis.ga.gov/legislation/69310
24991-69759,2025-03-04,SB 70,"""Conyers Community Improvement Districts Act""; enact",Local Calendar,172,0,Pass,https://www.legis.ga.gov/legislation/69759
24991-69804,2025-03-04,SB 78,"""City of Tybee Island Buildings and Public Facilities Authority Act""; enact",Local Calendar,172,0,Pass,https://www.legis.ga.gov/legislation/69804
24991-69805,2025-03-04,SB 77,City of Cartersville; independent school district ad valorem taxes for educational purposes; provide a homestead exemption,Local Calendar,172,0,Pass,https://www.legis.ga.gov/legislation/69805
24991-69824,2025-03-04,SB 83,Bartow County; school district ad valorem taxes for educational purposes; provide a homestead exemption ,Local Calendar,172,0,Pass,https://www.legis.ga.gov/legislation/69824
24991-70517,2025-03-04,HB 534,"Fairburn, City of; levy an excise tax",Local Calendar,172,0,Pass,https://www.legis.ga.gov/legislation/70517
24991-70519,2025-03-04,HB 536,Public Facilities Authority of the City of Fairburn Act; enact,Local Calendar,172,0,Pass,https://www.legis.ga.gov/legislation/70519
24991-70576,2025-03-04,HB 539,Gwinnett County; school district ad valorem tax; increase homestead exemption,Local Calendar,172,0,Pass,https://www.legis.ga.gov/legislation/70576
24991-70577,2025-03-04,HB 540,Gwinnett County; ad valorem tax for educational purposes; expand additional homestead exemption to certain veterans and employees,Local Calendar,172,0,Pass,https://www.legis.ga.gov/legislation/70577
24991-70655,2025-03-04,HB 572,"Braselton, Town of; annex certain properties",Local Calendar,172,0,Pass,https://www.legis.ga.gov/legislation/70655
24991-70715,2025-03-04,HB 594,Baker County; board of commissioners meet on the first Tuesday of each month; provide,Local Calendar,172,0,Pass,https://www.legis.ga.gov/legislation/70715
24991-70716,2025-03-04,HB 595,Early County; homestead exemption from school district ad valorem tax; remove sunset date,Local Calendar,172,0,Pass,https://www.legis.ga.gov/legislation/70716
24991-70717,2025-03-04,HB 596,Colquitt County; State Court; authorize assessment and collection of a technology fee,Local Calendar,172,0,Pass,https://www.legis.ga.gov/legislation/70717
24991-70729,2025-03-04,HB 603,Banks County; Probate Court; authorize assessment and collection of a technology fee,Local Calendar,172,0,Pass,https://www.legis.ga.gov/legislation/70729
24991-70736,2025-03-04,HB 608,Muscogee County; School District; revise how vacancies on board of education are filled,Local Calendar,172,0,Pass,https://www.legis.ga.gov/legislation/70736
24991-70794,2025-03-04,HB 619,"Donalsonville, City of; election schedule for mayor and councilmembers; revise",Local Calendar,172,0,Pass,https://www.legis.ga.gov/legislation/70794
24991-70799,2025-03-04,HB 622,"Hoboken, City of; revise compensation of mayor and councilmembers",Local Calendar,172,0,Pass,https://www.legis.ga.gov/legislation/70799
24991-70802,2025-03-04,HB 625,Fulton County; State Court; provide additional judge,Local Calendar,172,0,Pass,https://www.legis.ga.gov/legislation/70802
24991-70831,2025-03-04,HB 640,"Alpharetta, City of; election of city offices by majority vote; provide",Local Calendar,172,0,Pass,https://www.legis.ga.gov/legislation/70831
24991-70847,2025-03-04,HB 648,"College Park, City of; ad valorem tax for municipal purposes; homestead exemption; remove income cap",Local Calendar,172,0,Pass,https://www.legis.ga.gov/legislation/70847
24992-70588,2025-03-04,HB 551,"Motor vehicles; conditions, procedures, and limitations for issuance of temporary operating permits; provide",PASSAGE,168,2,Pass,https://www.legis.ga.gov/legislation/70588
24993-70072,2025-03-04,HB 340,Distraction-Free Education Act; enact,PASSAGE,143,29,Pass,https://www.legis.ga.gov/legislation/70072
24994-70658,2025-03-04,HB 575,"Transportation, Department of; authorize notice of certain public hearings by electronic publication",PASSAGE,165,1,Pass,https://www.legis.ga.gov/legislation/70658
24995-69591,2025-03-04,HB 154,Emergency medical services; designate ambulance services as an essential service ,PASSAGE,172,0,Pass,https://www.legis.ga.gov/legislation/69591
24996-70350,2025-03-04,HB 463,Ad valorem tax; certain senior citizens who volunteer with local governments; provide homestead exemption,PASSAGE,171,0,Pass,https://www.legis.ga.gov/legislation/70350
24997-69497,2025-03-04,HB 123,Criminal procedure; pretrial proceedings in capital offense cases where the death penalty is sought when the accused has an intellectual disability; provide,PASSAGE,172,0,Pass,https://www.legis.ga.gov/legislation/69497
24998-70850,2025-03-04,HB 651,Motor vehicles; use of automated traffic enforcement safety devices in school zones; revise provisions,PASSAGE,164,8,Pass,https://www.legis.ga.gov/legislation/70850
24999-69659,2025-03-04,HB 180,Probate courts; modify certain requirements for probate judges,PASSAGE,171,0,Pass,https://www.legis.ga.gov/legislation/69659
25000-70020,2025-03-04,HB 309,Local government; require adoption of a resolution or ordinance and voter approval prior to abolishment of a police force that was created by such method,PASSAGE,169,3,Pass,https://www.legis.ga.gov/legislation/70020
25001-69658,2025-03-04,HB 179,Appellate practice; digital recording of certain trial proceedings; provide,PASSAGE,169,0,Pass,https://www.legis.ga.gov/legislation/69658
25002-70315,2025-03-04,HB 443,Game and fish; fees for reef and migratory fish endorsements; provide,PASSAGE,165,1,Pass,https://www.legis.ga.gov/legislation/70315
25003-70036,2025-03-04,HB 325,Domestic relations; Protective Order Registry; revise certain definitions,PASSAGE,168,0,Pass,https://www.legis.ga.gov/legislation/70036
25004-70327,2025-03-04,HB 455,Bingo; properties used for games; limit number of sessions; provisions,PASSAGE,149,15,Pass,https://www.legis.ga.gov/legislation/70327
25005-70110,2025-03-04,HB 348,Insurance; expand lines of insurance or reinsurance in which a limited purpose subsidiary and captive insurance company may engage,PASSAGE,168,0,Pass,https://www.legis.ga.gov/legislation/70110
25006-70352,2025-03-04,HB 465,Autism Missing Person Alert System Act; enact,PASSAGE,172,0,Pass,https://www.legis.ga.gov/legislation/70352
25007-70033,2025-03-04,HB 322,"Ga. Board of Dentistry; issuance of a dental or dental hygiene license for the sole purpose of teaching in an accredited dental, dental hygiene school, or academic medical center; revise provisions",PASSAGE,169,0,Pass,https://www.legis.ga.gov/legislation/70033
25008-69778,2025-03-04,HB 225,Motor vehicles; enforcement of speeding violations in school zones through automated traffic enforcement safety devices; repeal all laws,PASSAGE,129,37,Pass,https://www.legis.ga.gov/legislation/69778
25009-70209,2025-03-04,HB 406,"Judicial Retirement System; increase retirement age of superior court judges first taking office on or after July 1, 2026",PASSAGE,167,7,Pass,https://www.legis.ga.gov/legislation/70209
25010-70672,2025-03-04,HB 584,Health; reassign licensing and oversight of certain treatments and programs from Departments of Community Health to Behavioral Health and Developmental Disabilities,PASSAGE,171,0,Pass,https://www.legis.ga.gov/legislation/70672
25011-69849,2025-03-04,HB 244,State auditor; local governments to request and receive in certain circumstances due date extensions related to filing annual audits; provide,PASSAGE,162,7,Pass,https://www.legis.ga.gov/legislation/69849
25012-70275,2025-03-04,HB 426,Courts; nonpartisan election of magistrates; provide,PASSAGE,111,59,Pass,https://www.legis.ga.gov/legislation/70275
25013-70291,2025-03-04,HB 432,Game and fish; Georgia turkey stamps; provide,PASSAGE,166,1,Pass,https://www.legis.ga.gov/legislation/70291
25014-70131,2025-03-04,HB 369,Motor vehicles; sale of food or beverages; provide vehicle equipment standards,PASSAGE,156,14,Pass,https://www.legis.ga.gov/legislation/70131
25015-70025,2025-03-04,HB 314,Professions and businesses; athletic trainers; revise and update definitions,PASSAGE,93,77,Pass,https://www.legis.ga.gov/legislation/70025
25016-69978,2025-03-04,HB 304,Local government; Georgia Municipal Court Clerks' Council; create,PASSAGE,171,2,Pass,https://www.legis.ga.gov/legislation/69978
25017-69409,2025-03-04,HB 77,Motor vehicles; encountering funeral procession on two-lane highway; revise responsibilities,PASSAGE,171,2,Pass,https://www.legis.ga.gov/legislation/69409
25018-69652,2025-03-04,HB 175,Education; employee comprehensive background checks for early care and education programs and Head Start programs; revise provisions,PASSAGE,170,0,Pass,https://www.legis.ga.gov/legislation/69652
25019-69765,2025-03-04,HB 219,Professions and businesses; establish a professional health program to provide for monitoring and rehabilitation of impaired healthcare professionals; authorize,PASSAGE,168,0,Pass,https://www.legis.ga.gov/legislation/69765
25020-69503,2025-03-04,HB 129,Ad valorem tax; bona fide conservation use property; remove a limitation on leased property as to certain entities ,PASSAGE,165,7,Pass,https://www.legis.ga.gov/legislation/69503
25021-70614,2025-03-04,HB 563,Motor vehicles; authorize licensed physical therapists to certify an individual is disabled for purposes of obtaining special vehicle decals,PASSAGE,168,0,Pass,https://www.legis.ga.gov/legislation/70614
25022-70652,2025-03-04,HB 569,Labor and industrial relations; employment security; benefits and appeals; revise certain notice provisions ,PASSAGE,170,0,Pass,https://www.legis.ga.gov/legislation/70652
25023-69333,2025-03-04,HB 37,Education; require local school systems to notify employees regarding social security withholdings and eligibility for certain benefits,PASSAGE,169,2,Pass,https://www.legis.ga.gov/legislation/69333
25024-69843,2025-03-04,HB 238,Georgia Peace Officer Standards and Training Council; create and maintain an at-risk adult training course focusing on officer response to individuals with Alzheimer's disease or dementia,PASSAGE,171,0,Pass,https://www.legis.ga.gov/legislation/69843
25025-69713,2025-03-04,HB 197,Insurance; health care provider to respond to a private review agent or utility review entity's attempt to discuss the patient's care; detail the effort,PASSAGE,174,0,Pass,https://www.legis.ga.gov/legislation/69713
25026-69716,2025-03-04,HB 200,State Board of Education; establish a three-year pilot immersive writing program for eligible public elementary schools; provide,PASSAGE,167,2,Pass,https://www.legis.ga.gov/legislation/69716
25027-69566,2025-03-04,HB 144,Income tax; certain medical preceptor rotations; revise tax credit,PASSAGE,171,2,Pass,https://www.legis.ga.gov/legislation/69566
25028-70069,2025-03-04,HB 339,Motor vehicles; exempt ride share drivers or ride share network services from definition of motor carrier,PASSAGE,166,0,Pass,https://www.legis.ga.gov/legislation/70069
25031-69324,2025-03-04,SR 8,Deputy Brandon Cunningham Memorial Intersection; Paulding County; dedicate,ADOPTION BY SUBSTITUTE,49,0,Pass,https://www.legis.ga.gov/legislation/69324
25032-70591,2025-03-04,SR 231,Officer Jeremy Labonte Memorial Interchange; Fulton County; dedicate,ADOPTION,49,0,Pass,https://www.legis.ga.gov/legislation/70591
25033-70439,2025-03-04,SB 193,State Board of the Technical College System of Georgia; establish the adult workforce high school diploma program; authorize,PASSAGE BY SUBSTITUTE,48,0,Pass,https://www.legis.ga.gov/legislation/70439
25034-70479,2025-03-04,SB 199,State Ethics Commission; shall not accept or reject complaints made against candidates 60 days prior to an election; provide,PASSAGE BY SUBSTITUTE,55,0,Pass,https://www.legis.ga.gov/legislation/70479
25035-69888,2025-03-04,SB 91,"State Employees' Health Insurance Plan; Board of Community Health from entering into, executing, or renewing a contract with any pharmacy benefits manager that owns or has an ownership interest in any retail pharmacy; prohibit",PASSAGE,52,2,Pass,https://www.legis.ga.gov/legislation/69888
25036-69556,2025-03-04,SB 36,"""Georgia Religious Freedom Restoration Act""; enact",PASSAGE,32,23,Pass,https://www.legis.ga.gov/legislation/69556
25037-69277,2025-03-04,SB 4,Education; fundamental roles of local boards of education and local school superintendents; revise provisions,PASSAGE BY SUBSTITUTE,36,11,Pass,https://www.legis.ga.gov/legislation/69277
25038-70078,2025-03-04,SB 124,Education; State School Superintendent and the Department of Education to take all steps reasonably necessary to implement guidance documents from a federal agency; require,PASSAGE BY SUBSTITUTE,37,16,Pass,https://www.legis.ga.gov/legislation/70078
25039-69351,2025-03-04,SB 9,"""Ensuring Accountability for Illegal AI Activities Act""; enact",PASSAGE BY SUBSTITUTE,46,9,Pass,https://www.legis.ga.gov/legislation/69351
25040-70008,2025-03-04,SB 112,Selling and other Trade Practices; certain protections for consumers relative to warranties of HVAC systems and components of such systems; extend,PASSAGE,55,0,Pass,https://www.legis.ga.gov/legislation/70008
25041-70190,2025-03-04,SB 144,Fertilizers or Pesticides; a manufacturer cannot be held liable for failing to warn consumers of health risks above those required by the United States Environmental Protection Agency; clarify,PASSAGE BY SUBSTITUTE,42,12,Pass,https://www.legis.ga.gov/legislation/70190
25042-70289,2025-03-04,SB 160,Reckless Stunt Driving; a motor vehicle involved in a second offense of reckless stunt driving; replace the forfeiture penalty,PASSAGE,53,1,Pass,https://www.legis.ga.gov/legislation/70289
25043-70345,2025-03-04,SB 177,Government Transparency and Campaign Finance; transparency in foreign funded political activities within the state; provide,PASSAGE,36,18,Pass,https://www.legis.ga.gov/legislation/70345
25044-70673,2025-03-04,SB 241,Funeral Directors; organic human reduction as a means of disposing of deceased human bodies; provide,PASSAGE,52,1,Pass,https://www.legis.ga.gov/legislation/70673
25045-70373,2025-03-04,SB 180,High Demand Apprenticeship Program; opportunities for apprenticeship sponsors to enter into apprenticeship program contracts with State Board of the Technical College System of Georgia; provide,PASSAGE,53,1,Pass,https://www.legis.ga.gov/legislation/70373
25046-69699,2025-03-04,SB 63,"""Quality Basic Education Act""; local school systems offer certain exams to home study students; require",PASSAGE AS AMENDED,53,0,Pass,https://www.legis.ga.gov/legislation/69699
25047-69985,2025-03-04,SB 110,Definitions Relative to the Juvenile Code; definition of neglect and to provide for new definitions,PASSAGE BY SUBSTITUTE,52,1,Pass,https://www.legis.ga.gov/legislation/69985
25048-70080,2025-03-04,SB 126,Completion Special Schools Act; certain students to be enrolled; lower the age of eligibility from 18 to 16,PASSAGE,50,1,Pass,https://www.legis.ga.gov/legislation/70080
25050-70246,2025-03-04,SB 154,United States Department of Education; references from the Official Code of Georgia Annotated; revise or remove,PASSAGE,37,17,Pass,https://www.legis.ga.gov/legislation/70246
25051-70494,2025-03-04,SB 201,Consumer Transactions; increased consumer protection for homeowners entering into contracts with contractors following natural disasters; provide,PASSAGE BY SUBSTITUTE,53,1,Pass,https://www.legis.ga.gov/legislation/70494
25052-69349,2025-03-06,HB 52,Ad valorem tax; qualified disabled veterans; extend homestead exemption to unremarried surviving spouses or minor children ,PASSAGE,170,5,Pass,https://www.legis.ga.gov/legislation/69349
25053-69465,2025-03-06,HB 112,Income tax; one-time tax credit for taxpayers who filed returns for both 2023 and 2024 taxable years; provide,PASSAGE,175,0,Pass,https://www.legis.ga.gov/legislation/69465
25054-70484,2025-03-06,HB 511,Insurance; deductions from taxable income for contributions by taxpayers to catastrophe savings accounts and interest earned on such accounts; provide,PASSAGE,177,0,Pass,https://www.legis.ga.gov/legislation/70484
25055-69279,2025-03-06,HR 7,"George C. Trulock, Jr. Memorial Highway; Grady County; dedicate",ADOPT,172,0,Pass,https://www.legis.ga.gov/legislation/69279
25056-70845,2025-03-06,HB 646,Coroners; provide minimum salaries,PASSAGE,170,4,Pass,https://www.legis.ga.gov/legislation/70845
25057-70807,2025-03-06,HB 630,State Board of Registration; remove used car division and the used parts division; provisions,PASSAGE,165,3,Pass,https://www.legis.ga.gov/legislation/70807
25058-71104,2025-03-06,HB 718,Women's Golf Week; first week of April each year; provide,PASSAGE,174,1,Pass,https://www.legis.ga.gov/legislation/71104
25059-69599,2025-03-06,HB 161,Georgia Bureau of Investigation; authority to issue subpoenas of electronic communication records for purposes of investigating certain cyber enabled threats to life and property; provide,PASSAGE,158,8,Pass,https://www.legis.ga.gov/legislation/69599
25060-69763,2025-03-06,HB 217,Education; make Dual Achievement Program a permanent state-wide program,PASSAGE,169,2,Pass,https://www.legis.ga.gov/legislation/69763
25061-70133,2025-03-06,HB 371,Quality Basic Education Act; state's maximum authorization of capital outlay funding; provide for an increase,PASSAGE,170,2,Pass,https://www.legis.ga.gov/legislation/70133
25062-70829,2025-03-06,HB 638,MARTA; prohibit stopping or parking of a motor vehicle other than a transit vehicle in a designated transit vehicle lane in the City of Atlanta,PASSAGE,145,22,Pass,https://www.legis.ga.gov/legislation/70829
25063-70695,2025-03-06,HB 586,Revenue and taxation; intangible recording tax; revise notes ,PASSAGE,170,1,Pass,https://www.legis.ga.gov/legislation/70695
25064-69959,2025-03-06,HB 291,Health; certification of community health workers; provide,PASSAGE,169,4,Pass,https://www.legis.ga.gov/legislation/69959
25065-69501,2025-03-06,HB 127,Education; number of accumulated sick leave days for teachers and other school personnel; increase from three to five,PASSAGE,172,3,Pass,https://www.legis.ga.gov/legislation/69501
25066-70501,2025-03-06,HB 521,Local government; deannexation of certain properties; revise procedures,PASSAGE,165,10,Pass,https://www.legis.ga.gov/legislation/70501
25067-70647,2025-03-06,HB 567,Professions and businesses; authorize and regulate teledentistry by licensed dentists,PASSAGE,174,2,Pass,https://www.legis.ga.gov/legislation/70647
25068-70666,2025-03-06,HB 579,Professions and businesses; licensure to engage in trade; provisions,PASSAGE,158,2,Pass,https://www.legis.ga.gov/legislation/70666
25069-70347,2025-03-06,HB 460,Evidence; exclude certain communications made between attorney and client when client is in a penal institution,PASSAGE,172,0,Pass,https://www.legis.ga.gov/legislation/70347
25070-70744,2025-03-06,HB 614,Local government; prohibit use or ignition of consumer fireworks in proximity to certain facilities housing equines; authorize,PASSAGE,168,1,Pass,https://www.legis.ga.gov/legislation/70744
25071-69926,2025-03-06,HB 266,Income tax; exempt income received as personal compensation for full-time duty in the active military service of the United States,PASSAGE,171,0,Pass,https://www.legis.ga.gov/legislation/69926
25072-70415,2025-03-06,HB 491,Game and fish; remove an exception for use of air guns to hunt wildlife,PASSAGE,171,3,Pass,https://www.legis.ga.gov/legislation/70415
25073-70513,2025-03-06,HB 530,Courts; authorization for electronic filing of pleadings in probate court; provide,PASSAGE,174,0,Pass,https://www.legis.ga.gov/legislation/70513
25074-70846,2025-03-06,HB 647,"Mulberry, City of; change corporate limits",PASSAGE,98,76,Pass,https://www.legis.ga.gov/legislation/70846
25075-69777,2025-03-06,HB 224,"Highways, bridges, and ferries; construction or maintenance of roads upon military bases or installations paid for by the United States Department of Defense or other entities; authorize",PASSAGE,172,0,Pass,https://www.legis.ga.gov/legislation/69777
25076-70298,2025-03-06,HB 439,Revenue and taxation; revise deductions allowed to dealers,PASSAGE,170,1,Pass,https://www.legis.ga.gov/legislation/70298
25077-70486,2025-03-06,HB 513,Local government; criteria for service delivery strategy; revise provisions,PASSAGE,169,1,Pass,https://www.legis.ga.gov/legislation/70486
25078-70813,2025-03-06,HB 635,State Licensing Board for Residential and Commercial General Contractors; revise provisions,PASSAGE,171,2,Pass,https://www.legis.ga.gov/legislation/70813
25079-70670,2025-03-06,HB 582,Georgia Survivor Justice Act; enact,PASSAGE,166,2,Pass,https://www.legis.ga.gov/legislation/70670
25080-70354,2025-03-06,HB 466,State symbols; marsh tacky horse as official Georgia heritage horse breed; designate,PASSAGE,168,1,Pass,https://www.legis.ga.gov/legislation/70354
25081-70270,2025-03-06,HB 425,Revenue and taxation; purchase of an emergency power generator to convenience stores and grocery stores; provide tax credit,PASSAGE,171,2,Pass,https://www.legis.ga.gov/legislation/70270
25082-70654,2025-03-06,HB 571,Professions and businesses; licensing of radiologist assistants; provide,PASSAGE,162,11,Pass,https://www.legis.ga.gov/legislation/70654
25083-69853,2025-03-06,HB 248,Income tax; tax credit for certain expenses incurred by taxpayers for certain geothermal machinery installations at residential dwellings; provide,PASSAGE,170,3,Pass,https://www.legis.ga.gov/legislation/69853
25084-69426,2025-03-06,HB 87,Insurance; require health benefit policy coverage for medically necessary orthotic and prosthetic devices and their materials and components,PASSAGE,171,2,Pass,https://www.legis.ga.gov/legislation/69426
25085-70436,2025-03-06,HB 506,Social services; Medicaid coverage for tobacco cessation treatments; provide,PASSAGE,142,31,Pass,https://www.legis.ga.gov/legislation/70436
25086-69464,2025-03-06,HB 111,Income tax; reduce rate of tax ,PASSAGE,110,60,Pass,https://www.legis.ga.gov/legislation/69464
25087-69354,2025-03-06,HB 56,"Education; grants to spouses of law enforcement officers, firefighters, and prison guards who are killed or permanently disabled in the line of duty; provide",PASSAGE,172,0,Pass,https://www.legis.ga.gov/legislation/69354
25088-70844,2025-03-06,HB 645,Health; COVID-19 testing of staff members in long term-care facilities; repeal certain provisions,PASSAGE,123,49,Pass,https://www.legis.ga.gov/legislation/70844
25089-70388,2025-03-06,HB 471,Health; licensed general hospitals and birthing centers make available a water safety education video to parents or guardians of newborn infants; require,PASSAGE,169,0,Pass,https://www.legis.ga.gov/legislation/70388
25090-70184,2025-03-06,HB 384,Crimes and offenses; uniform oaths to be sworn by all peace officers; provide,PASSAGE,171,0,Pass,https://www.legis.ga.gov/legislation/70184
25091-70292,2025-03-06,HB 433,"Human Services, Department of; authorized to access restricted and sealed information to conduct employee oversight in certain circumstances; provide",PASSAGE,177,0,Pass,https://www.legis.ga.gov/legislation/70292
25092-70408,2025-03-06,HB 485,Official Code of Georgia Annotated; various provisions enacted prior to 2013 which are contingent upon funding and which remain unfunded; repeal,PASSAGE,175,0,Pass,https://www.legis.ga.gov/legislation/70408
25093-70586,2025-03-06,HB 549,Peace officers; extend time frame for which reimbursement of total training expenses by a subsequent employer may be sought,PASSAGE,164,0,Pass,https://www.legis.ga.gov/legislation/70586
25094-70512,2025-03-06,HB 529,Georgia Online Automatic Renewal Transparency Act; enact,PASSAGE,169,2,Pass,https://www.legis.ga.gov/legislation/70512
25095-70518,2025-03-06,HB 535,Penal institutions; credit for time served regarding probation revocation sentencing; provide,PASSAGE,178,0,Pass,https://www.legis.ga.gov/legislation/70518
25096-69931,2025-03-06,HB 270,Eviction Service and Airplane Evictions Act; enact,PASSAGE,172,0,Pass,https://www.legis.ga.gov/legislation/69931
25097-69597,2025-03-06,HB 159,Georgia Housing and Finance Authority; increase outstanding bond limit,PASSAGE,162,10,Pass,https://www.legis.ga.gov/legislation/69597
25098-70515,2025-03-06,HB 532,Conservation and natural resources; grants and special revenue disbursements; revise provisions,PASSAGE,168,0,Pass,https://www.legis.ga.gov/legislation/70515
25099-70514,2025-03-06,HB 531,Appeal and error; certain appellate procedures regarding the denial of sovereign and any other immunity available to the state or a city or county in this state; provide,PASSAGE,161,13,Pass,https://www.legis.ga.gov/legislation/70514
25100-70404,2025-03-06,HB 483,Crimes and offenses; protections for inspectors of code enforcement; provide,PASSAGE,168,5,Pass,https://www.legis.ga.gov/legislation/70404
25101-70323,2025-03-06,HB 451,Quality Basic Education Act; local boards shall be authorized to provide instruction in hunting safety in grades six through 12; provide,PASSAGE,159,16,Pass,https://www.legis.ga.gov/legislation/70323
25102-69956,2025-03-06,HB 288,Appeal and error; declaratory judgments in instances involving accusations made by a prosecuting attorney regarding credibility of a peace officer; provide,PASSAGE,146,20,Pass,https://www.legis.ga.gov/legislation/69956
25103-70804,2025-03-06,HB 627,Courts; juvenile proceedings; use of a deadly weapon; revise a provision,PASSAGE,156,2,Pass,https://www.legis.ga.gov/legislation/70804
25104-70122,2025-03-06,HB 360,Revenue and taxation; rehabilitation of historic structures; revise tax credit,PASSAGE,168,3,Pass,https://www.legis.ga.gov/legislation/70122
25105-70319,2025-03-06,HB 447,"Crimes and offenses; crimes of gift card theft, gift card forgery, and gift card fraud; provide",PASSAGE,168,2,Pass,https://www.legis.ga.gov/legislation/70319
25106-70749,2025-03-06,HB 618,Property; require any seller of real property to make certain disclosures regarding flood damage to such real property,PASSAGE,170,2,Pass,https://www.legis.ga.gov/legislation/70749
25107-70851,2025-03-06,HB 652,Motor fuel tax; electricity delivered by certain electric vehicle charging stations; provide exception ,PASSAGE,167,4,Pass,https://www.legis.ga.gov/legislation/70851
25108-70407,2025-03-06,HB 484,General Assembly; digitization and electronic publication of Georgia Laws; provide,PASSAGE,173,0,Pass,https://www.legis.ga.gov/legislation/70407
25109-70113,2025-03-06,HB 351,Board of Natural Resources; modify powers and duties,PASSAGE,175,0,Pass,https://www.legis.ga.gov/legislation/70113
25110-70057,2025-03-06,HB 328,Revenue and taxation; increase annual aggregate limit for tax credits available for certain contributions to student scholarship organizations,PASSAGE,98,75,Pass,https://www.legis.ga.gov/legislation/70057
25111-70317,2025-03-06,HB 445,Ad valorem tax; language required to be included in notices of current assessment; revise,PASSAGE,167,0,Pass,https://www.legis.ga.gov/legislation/70317
25112-69666,2025-03-06,HB 185,"Professions and businesses; repeal and reenact Chapter 11A, the Dietetics Practice Act",PASSAGE,171,2,Pass,https://www.legis.ga.gov/legislation/69666
25113-70280,2025-03-06,HB 430,Sexual Offender Risk Review Board; venue for certain petitions regarding state sexual offender registry; provide,PASSAGE,168,0,Pass,https://www.legis.ga.gov/legislation/70280
25115-69863,2025-03-06,HB 250,Better Small Business Employee Benefits Act; enact,PASSAGE,165,7,Pass,https://www.legis.ga.gov/legislation/69863
25116-69352,2025-03-06,HB 54,Health; advanced practice registered nurses and physician assistants to order home healthcare services; authorize,PASSAGE,177,0,Pass,https://www.legis.ga.gov/legislation/69352
25117-70664,2025-03-06,HB 577,Georgia Nicotine Vapor Products Directory Act; enact,PASSAGE,159,12,Pass,https://www.legis.ga.gov/legislation/70664
25118-70198,2025-03-06,HB 397,Elections; allow municipalities to opt in to providing advance voting on Saturdays for municipal elections,PASSAGE,159,13,Pass,https://www.legis.ga.gov/legislation/70198
25119-70278,2025-03-06,HB 429,"Ad valorem tax; exempt vehicles owned by a natural person for which a title was issued before March 1, 2013",PASSAGE,166,0,Pass,https://www.legis.ga.gov/legislation/70278
25120-70978,2025-03-06,HB 677,Health; certain placement procedures for children upon discharge from a hospital or psychiatric residential treatment facility; provide,PASSAGE,173,1,Pass,https://www.legis.ga.gov/legislation/70978
25121-69587,2025-03-06,HB 150,Combating Threats from China Act of 2025 - Higher Education; enact,PASSAGE,145,22,Pass,https://www.legis.ga.gov/legislation/69587
25122-70418,2025-03-06,HB 494,Motor vehicles; require mopeds to be covered by a form of minimum financial responsibility for accident damages,PASSAGE,160,14,Pass,https://www.legis.ga.gov/legislation/70418
25123-70714,2025-03-06,HB 593,Baker County; probate judge; provide nonpartisan elections,PASSAGE,150,20,Pass,https://www.legis.ga.gov/legislation/70714
25124-70034,2025-03-06,HB 323,Bridging the Gap for ALS and Chronic Kidney Disease Act of 2025; enact,PASSAGE,174,2,Pass,https://www.legis.ga.gov/legislation/70034
25125-69779,2025-03-06,HR 128,"Watkins, Mr. Joseph Samuel; compensate",ADOPT,151,12,Pass,https://www.legis.ga.gov/legislation/69779
25126-70132,2025-03-06,HB 370,Ad valorem tax; school districts; state-wide base year homestead exemption; provisions,PASSAGE,96,77,Pass,https://www.legis.ga.gov/legislation/70132
25127-70671,2025-03-06,HB 583,Motor vehicles; increase number of free license plates issued to certain veterans,PASSAGE,171,0,Pass,https://www.legis.ga.gov/legislation/70671
25128-70060,2025-03-06,HB 331,Animals; prohibit transfer of certain domestic animals at certain locations,PASSAGE,161,13,Pass,https://www.legis.ga.gov/legislation/70060
25133-69961,2025-03-06,SB 105,Veterinarians and Veterinary Technicians; licensed veterinarians and veterinary technicians to practice veterinary teleadvice; authorize,PASSAGE,52,0,Pass,https://www.legis.ga.gov/legislation/69961
25134-69393,2025-03-06,SB 17,"""Ricky and Alyssa's Law""; enact",PASSAGE BY SUBSTITUTE,55,0,Pass,https://www.legis.ga.gov/legislation/69393
25135-69639,2025-03-06,SB 61,Delinquency; additional offenses over which superior courts are authorized to exercise exclusive original jurisdiction; provide,PASSAGE BY SUBSTITUTE,33,22,Pass,https://www.legis.ga.gov/legislation/69639
25136-70372,2025-03-06,SB 179,Education; the academic and disciplinary records of each transferring student shall be provided within five days; require,PASSAGE BY SUBSTITUTE,54,1,Pass,https://www.legis.ga.gov/legislation/70372
25137-70919,2025-03-06,SB 276,Recovery of Medical Assistance from Third Party; certain provisions to comply with federal law; revise,PASSAGE,54,1,Pass,https://www.legis.ga.gov/legislation/70919
25138-70797,2025-03-06,SB 259,Juvenile Code; certain procedures to be followed when there is a determination of suspected child abuse or neglect; provide,PASSAGE BY SUBSTITUTE,55,0,Pass,https://www.legis.ga.gov/legislation/70797
25139-69550,2025-03-06,SB 33,"""Georgia Hemp Farming Act""; total THC concentration of consumable hemp products; provide limits",PASSAGE BY SUBSTITUTE,50,6,Pass,https://www.legis.ga.gov/legislation/69550
25142-70786,2025-03-06,SB 254,"""Georgia Hemp Farming Act,""; delta-9-THC in consumable hemp products; provide milligram limits",PASSAGE BY SUBSTITUTE,42,14,Pass,https://www.legis.ga.gov/legislation/70786
25147-70559,2025-03-06,SB 220,"""Putting Georgia's Patients First Act""; enact ",PASSAGE BY SUBSTITUTE,39,17,Pass,https://www.legis.ga.gov/legislation/70559
25148-70540,2025-03-06,SB 218,Prosecuting Attorneys Qualifications Commission; shall be assigned for administrative purposes only to the Administrative Office of the Courts; provide,PASSAGE BY SUBSTITUTE,34,21,Pass,https://www.legis.ga.gov/legislation/70540
25149-70493,2025-03-06,SB 207,Professions and Businesses; a preclearance process in the licensing of individuals with criminal records who make application to or are investigated by certain licensing boards and commissions; create,PASSAGE,55,0,Pass,https://www.legis.ga.gov/legislation/70493
25150-69980,2025-03-06,SB 109,Life Insurance; a policy of group life insurance from excluding or restricting liability for certain deaths occurring while an individual is an active duty service member; prohibit,PASSAGE BY SUBSTITUTE,53,0,Pass,https://www.legis.ga.gov/legislation/69980
25151-70240,2025-03-06,SB 149,Tuition Equalization Grants at Private Colleges and Universities; definition of approved school; revise,PASSAGE,50,4,Pass,https://www.legis.ga.gov/legislation/70240
25153-70302,2025-03-06,SB 163,Brady Law Regulations; standards for bringing an action against the government for an unauthorized act relating to regulation of weapons; revise,PASSAGE BY SUBSTITUTE,33,23,Pass,https://www.legis.ga.gov/legislation/70302
25154-70787,2025-03-06,SB 255,General Assembly; authorization of statutory investigatory powers to certain committees of the General Assembly; codify a process,PASSAGE,33,23,Pass,https://www.legis.ga.gov/legislation/70787
25155-70644,2025-03-06,SB 233,Behavioral Health Reform and Innovation Commission; revise the subcommittees,PASSAGE BY SUBSTITUTE,51,4,Pass,https://www.legis.ga.gov/legislation/70644
25159-69635,2025-03-06,SB 57,"""Freedom of Speech and Belief Act""; enact",PASSAGE BY SUBSTITUTE,13,43,Fail,https://www.legis.ga.gov/legislation/69635
25162-70916,2025-03-06,SB 291,"Special License Plates; establish an ""America First"" specialty license plate",PASSAGE BY SUBSTITUTE,33,23,Pass,https://www.legis.ga.gov/legislation/70916
25163-70927,2025-03-06,SB 293,License Plates for Certain Veterans; the number of free license plates issued to certain veterans; increase,PASSAGE,56,0,Pass,https://www.legis.ga.gov/legislation/70927
25164-69508,2025-03-06,SB 27,Stalking; offense of doxxing; penalties; protective order; provide,PASSAGE BY SUBSTITUTE,52,1,Pass,https://www.legis.ga.gov/legislation/69508
25165-69808,2025-03-06,SB 82,"""Local Charter School Authorization and Support Act of 2025""; enact",PASSAGE BY SUBSTITUTE,44,9,Pass,https://www.legis.ga.gov/legislation/69808
25166-70301,2025-03-06,SB 162,Georgia Composite Medical Board; implement an automated credentialing system for healthcare providers in this state; provide,PASSAGE BY SUBSTITUTE,53,0,Pass,https://www.legis.ga.gov/legislation/70301
25167-69936,2025-03-06,SB 100,"""Andee's Law""; enact",PASSAGE,55,0,Pass,https://www.legis.ga.gov/legislation/69936
25168-70106,2025-03-06,SB 140,Optometrists; doctors of optometry to dispense and sell pharmaceutical agents to patients under certain conditions; provide,PASSAGE,54,1,Pass,https://www.legis.ga.gov/legislation/70106
25169-70405,2025-03-06,SB 191,Employment Security; certain notice provisions relating to benefits and appeals; revise,PASSAGE,38,16,Pass,https://www.legis.ga.gov/legislation/70405
25170-70783,2025-03-06,SB 252,Real and Personal Property; conveyance of municipal property interests to independent school systems; provide,PASSAGE,56,0,Pass,https://www.legis.ga.gov/legislation/70783
25171-70531,2025-03-06,SB 213,"""Fair Business Practices Act of 1975"" commercial cheating services that target students and examinees seeking a professional license as an unlawful, unfair, and deceptive trade practice; ban",PASSAGE AS AMENDED,53,1,Pass,https://www.legis.ga.gov/legislation/70531
25172-70341,2025-03-06,SB 173,Pleadings and Motions; movants to file notices of uncontested motions in superior courts and state courts; authorize,PASSAGE,49,5,Pass,https://www.legis.ga.gov/legislation/70341
25173-70720,2025-03-06,SB 245,Grandparents; include within the category of persons who may seek to revoke or amend an existing grandparent visitation order,PASSAGE,56,0,Pass,https://www.legis.ga.gov/legislation/70720
25174-70798,2025-03-06,SB 260,Central State Hospital Redevelopment Authority; create,PASSAGE BY SUBSTITUTE,52,1,Pass,https://www.legis.ga.gov/legislation/70798
25175-70039,2025-03-06,SB 119,Manufactured or Mobile Homes; limited exceptions to circumstances under which a manufactured home shall become real property; provide,PASSAGE,53,0,Pass,https://www.legis.ga.gov/legislation/70039
25176-70241,2025-03-06,SB 148,Public School Property and Facilities; outdoor learning spaces pilot program; provide,PASSAGE BY SUBSTITUTE,53,1,Pass,https://www.legis.ga.gov/legislation/70241
25177-70943,2025-03-06,SB 298,Judgements and Rulings; certain appellate procedures regarding the denial of sovereign and any other immunity available to the state; provide,PASSAGE BY SUBSTITUTE,54,2,Pass,https://www.legis.ga.gov/legislation/70943
25178-69900,2025-03-06,SB 93,"""Georgia Early Literacy Act""; the three-cuing system from inclusion in high-quality instructional materials or structured literacy; prohibit",PASSAGE BY SUBSTITUTE,50,3,Pass,https://www.legis.ga.gov/legislation/69900
25179-70660,2025-03-06,SB 236,"""Quality Basic Education Act,""; certain students whose parents or guardians are on active duty are eligible for enrollment in the public school of the attendance zone in which they intend to reside; provide",PASSAGE BY SUBSTITUTE,54,1,Pass,https://www.legis.ga.gov/legislation/70660
25180-70088,2025-03-06,SB 132,Insanity and Mental Incapacity; hearing before a court orders an evaluation of the mental competency of an accused person to stand trial; require,PASSAGE BY SUBSTITUTE,55,0,Pass,https://www.legis.ga.gov/legislation/70088
25181-70041,2025-03-06,SB 121,Uninsured Motorist Coverage; minimum required under motor vehicle liability policies for a individual convicted of driving under the influence or reckless driving; increase,PASSAGE BY SUBSTITUTE,53,2,Pass,https://www.legis.ga.gov/legislation/70041
25182-70476,2025-03-06,SB 204,"Criminal Procedure; offenses that are not serious violent felonies, sexual felonies, or other certain offenses to be charged by accusation of the district attorney; allow",PASSAGE,51,4,Pass,https://www.legis.ga.gov/legislation/70476
25183-70926,2025-03-06,SB 284,"""Georgia Uniform Securities Act of 2008,""; issuance of orders by the Commissioner of Securities directing persons who have violated certain securities provisions to return; authorize",PASSAGE,54,1,Pass,https://www.legis.ga.gov/legislation/70926
25184-70084,2025-03-06,SB 129,"""Georgia Supporting those Who Sacrificed for Service Act""; enact",PASSAGE BY SUBSTITUTE,56,0,Pass,https://www.legis.ga.gov/legislation/70084
25185-70712,2025-03-06,SB 244,Criminal Proceedings; the award of reasonable attorney's fees and costs in a criminal case to the defendant upon such defendant making a successful motion to disqualify the prosecuting attorney for misconduct in connection with the case; provide,PASSAGE AS AMENDED,55,0,Pass,https://www.legis.ga.gov/legislation/70712
25186-70237,2025-03-06,SB 147,"Correctional Institutions of State and Counties; consent for the release of certain criminal history, vocational, and educational information for inmates upon release; provide",PASSAGE AS AMENDED,55,0,Pass,https://www.legis.ga.gov/legislation/70237
25187-70789,2025-03-06,SB 256,Electric Membership Corporation; disclose certain acquisitions and other information to its members within a certain time frame; require,PASSAGE BY SUBSTITUTE,51,2,Pass,https://www.legis.ga.gov/legislation/70789
25188-70838,2025-03-06,SB 268,Offenses Against Public Order; crime of interference with a first responder; provide,PASSAGE,38,17,Pass,https://www.legis.ga.gov/legislation/70838
25189-70528,2025-03-06,SB 212,"""Quality Basic Education Act""; disclosure of public student directory information to political candidates or persons or groups acting on their behalf; prohibit",PASSAGE,33,19,Pass,https://www.legis.ga.gov/legislation/70528
25190-70340,2025-03-06,SB 170,Georgia Interagency Council for the Homeless; create,PASSAGE BY SUBSTITUTE,50,2,Pass,https://www.legis.ga.gov/legislation/70340
25192-70487,2025-03-10,HB 514,"Kennesaw, City of; corporate limits; change provisions",Local Calendar,165,0,Pass,https://www.legis.ga.gov/legislation/70487
25192-70585,2025-03-10,HB 548,Albany-Dougherty Inner City Authority Act; enact,Local Calendar,165,0,Pass,https://www.legis.ga.gov/legislation/70585
25192-70696,2025-03-10,HB 587,"Cartersville, City of; provide for a finance director",Local Calendar,165,0,Pass,https://www.legis.ga.gov/legislation/70696
25192-70800,2025-03-10,HB 623,Carroll County; Probate Court; authorize assessment and collection of a technology fee,Local Calendar,165,0,Pass,https://www.legis.ga.gov/legislation/70800
25192-70801,2025-03-10,HB 624,Carroll County; State Court; authorize assessment and collection of a technology fee,Local Calendar,165,0,Pass,https://www.legis.ga.gov/legislation/70801
25192-71017,2025-03-10,HB 685,Bartow County Community Improvement Districts Act; enact,Local Calendar,165,0,Pass,https://www.legis.ga.gov/legislation/71017
25192-71064,2025-03-10,HB 697,"Chickamauga, City of; ad valorem tax; educational purposes; provide homestead exemption",Local Calendar,165,0,Pass,https://www.legis.ga.gov/legislation/71064
25192-71065,2025-03-10,HB 698,Walker County; ad valorem tax for educational purposes; provide homestead exemption,Local Calendar,165,0,Pass,https://www.legis.ga.gov/legislation/71065
25192-71071,2025-03-10,HB 703,"Peachtree City, City of; ad valorem tax for municipal purposes; homestead exemption; increase income cap",Local Calendar,165,0,Pass,https://www.legis.ga.gov/legislation/71071
25194-70117,2025-03-10,HB 355,"Doraville, City of; office of councilmember or mayor; filling vacancies; provide",LOCAL CONSENT CALENDAR,43,1,Pass,https://www.legis.ga.gov/legislation/70117
25194-70252,2025-03-10,HB 411,Banks County; Board of Commissioners; change description of districts,LOCAL CONSENT CALENDAR,43,1,Pass,https://www.legis.ga.gov/legislation/70252
25194-70320,2025-03-10,HB 448,Gilmer County; appointment of a county surveyor; provide,LOCAL CONSENT CALENDAR,43,1,Pass,https://www.legis.ga.gov/legislation/70320
25194-70575,2025-03-10,HB 538,Schley County; Probate Court; authorize assessment and collection of technology fee,LOCAL CONSENT CALENDAR,43,1,Pass,https://www.legis.ga.gov/legislation/70575
25194-70598,2025-03-10,HB 553,Taylor County; Probate Court; authorize assessment and collection of technology fee,LOCAL CONSENT CALENDAR,43,1,Pass,https://www.legis.ga.gov/legislation/70598
25194-70648,2025-03-10,HB 568,"Euharlee, City of; levy an excise tax",LOCAL CONSENT CALENDAR,43,1,Pass,https://www.legis.ga.gov/legislation/70648
25194-70700,2025-03-10,HB 591,"Cleveland, City of; Municipal Court; charge a technology fee",LOCAL CONSENT CALENDAR,43,1,Pass,https://www.legis.ga.gov/legislation/70700
25194-70701,2025-03-10,HB 592,"Cleveland, City of; provide new charter",LOCAL CONSENT CALENDAR,43,1,Pass,https://www.legis.ga.gov/legislation/70701
25194-70913,2025-03-10,SB 281,"""Port Wentworth Convention and Visitors Bureau Authority Act""; enact",LOCAL CONSENT CALENDAR,43,1,Pass,https://www.legis.ga.gov/legislation/70913
25194-71059,2025-03-10,SB 317,Magistrate Court of Clinch County; assessment and collection of a technology fee; authorize ,LOCAL CONSENT CALENDAR,43,1,Pass,https://www.legis.ga.gov/legislation/71059
25194-71060,2025-03-10,SB 316,Probate Court of Clinch County; assessment and collection of a technology fee; authorize,LOCAL CONSENT CALENDAR,43,1,Pass,https://www.legis.ga.gov/legislation/71060
25195-69295,2025-03-10,HB 15,Banking and finance; update terminology; provisions,PASSAGE,46,1,Pass,https://www.legis.ga.gov/legislation/69295
25197-69395,2025-03-11,HB 68,"General appropriations; State Fiscal Year July 1, 2025 - June 30, 2026",PASSAGE,171,4,Pass,https://www.legis.ga.gov/legislation/69395
25199-69954,2025-03-11,HB 287,"Environmental Protection Division; Environmental Advisory Council; update reference date to standards, rules, and regulations",PASSAGE,50,0,Pass,https://www.legis.ga.gov/legislation/69954
25200-69672,2025-03-11,HR 97,Property; conveyance of certain state owned property; authorize,ADOPTION BY SUBSTITUTE,49,0,Pass,https://www.legis.ga.gov/legislation/69672
25201-69673,2025-03-11,HR 98,Property; granting of nonexclusive easements; authorize,ADOPTION BY SUBSTITUTE,49,0,Pass,https://www.legis.ga.gov/legislation/69673
25202-70095,2025-03-13,SB 139,City of Mulberry; change the corporate limits of the city,PASSAGE,96,74,Pass,https://www.legis.ga.gov/legislation/70095
25203-70097,2025-03-13,SB 138,Incorporation of Municipal Corporations; transition of certain services related to newly incorporated municipalities in certain counties; provide,PASSAGE,96,69,Pass,https://www.legis.ga.gov/legislation/70097
25204-69809,2025-03-13,SB 81,Motor Vehicle Franchise Practices; protection of consumer data in motor vehicle sales; provide,PASSAGE,165,5,Pass,https://www.legis.ga.gov/legislation/69809
25205-70662,2025-03-13,SB 238,Rockdale County; board of commissioners; increase the board of commissioners to five members,Local Calendar,169,0,Pass,https://www.legis.ga.gov/legislation/70662
25205-71066,2025-03-13,HB 699,Dawson County; board of elections and registration; provide staggered terms,Local Calendar,169,0,Pass,https://www.legis.ga.gov/legislation/71066
25205-71068,2025-03-13,HB 701,Terrell County; Probate Court; authorize assessment and collection of a technology fee,Local Calendar,169,0,Pass,https://www.legis.ga.gov/legislation/71068
25205-71100,2025-03-13,HB 714,"Rincon, City of; designation of electors; revise provisions",Local Calendar,169,0,Pass,https://www.legis.ga.gov/legislation/71100
25205-71121,2025-03-13,HB 719,Worth County; board of education; revise compensation of chairperson and members,Local Calendar,169,0,Pass,https://www.legis.ga.gov/legislation/71121
25205-71122,2025-03-13,HB 720,Lee County; Board of Education; revise compensation of members,Local Calendar,169,0,Pass,https://www.legis.ga.gov/legislation/71122
25205-71131,2025-03-13,HB 722,Bryan County; State Court; provide for a chief judge and an associate judge,Local Calendar,169,0,Pass,https://www.legis.ga.gov/legislation/71131
25205-71133,2025-03-13,HB 724,"Pembroke, City of; mayor and city council members; provide four-year terms",Local Calendar,169,0,Pass,https://www.legis.ga.gov/legislation/71133
25206-70190,2025-03-13,SB 144,Fertilizers or Pesticides; a manufacturer cannot be held liable for failing to warn consumers of health risks above those required by the United States Environmental Protection Agency; clarify,PASSAGE,101,58,Pass,https://www.legis.ga.gov/legislation/70190
25209-69310,2025-03-13,HB 30,Catoosa County; school district ad valorem tax; provide homestead exemption,LOCAL CONSENT CALENDAR,48,0,Pass,https://www.legis.ga.gov/legislation/69310
25209-70517,2025-03-13,HB 534,"Fairburn, City of; levy an excise tax",LOCAL CONSENT CALENDAR,48,0,Pass,https://www.legis.ga.gov/legislation/70517
25209-70519,2025-03-13,HB 536,Public Facilities Authority of the City of Fairburn Act; enact,LOCAL CONSENT CALENDAR,48,0,Pass,https://www.legis.ga.gov/legislation/70519
25209-70715,2025-03-13,HB 594,Baker County; board of commissioners meet on the first Tuesday of each month; provide,LOCAL CONSENT CALENDAR,48,0,Pass,https://www.legis.ga.gov/legislation/70715
25209-70716,2025-03-13,HB 595,Early County; homestead exemption from school district ad valorem tax; remove sunset date,LOCAL CONSENT CALENDAR,48,0,Pass,https://www.legis.ga.gov/legislation/70716
25209-70717,2025-03-13,HB 596,Colquitt County; State Court; authorize assessment and collection of a technology fee,LOCAL CONSENT CALENDAR,48,0,Pass,https://www.legis.ga.gov/legislation/70717
25209-70729,2025-03-13,HB 603,Banks County; Probate Court; authorize assessment and collection of a technology fee,LOCAL CONSENT CALENDAR,48,0,Pass,https://www.legis.ga.gov/legislation/70729
25212-69415,2025-03-13,HB 81,Interstate Compact for School Psychologists; enter into,PASSAGE,48,2,Pass,https://www.legis.ga.gov/legislation/69415
25213-69644,2025-03-13,HB 167,Game and fish; authorize fluorescent pink hunting outer garments,PASSAGE,50,0,Pass,https://www.legis.ga.gov/legislation/69644
25214-69552,2025-03-18,SB 35,Property Insurance Policies; notice required to be given a policyholder before the nonrenewal of his or her homeowners' insurance policy; increase the number of days,PASSAGE,168,0,Pass,https://www.legis.ga.gov/legislation/69552
25216-69634,2025-03-18,SB 55,"""Dignity and Pay Act""; enact",PASSAGE,163,2,Pass,https://www.legis.ga.gov/legislation/69634
25217-70828,2025-03-18,HB 637,Cobb County; board of commissioners; revise a requirement for public hearings,Local Calendar,171,0,Pass,https://www.legis.ga.gov/legislation/70828
25217-70952,2025-03-18,SB 302,Peach County; ad valorem taxes for county purposes; provide a homestead exemption,Local Calendar,171,0,Pass,https://www.legis.ga.gov/legislation/70952
25217-71185,2025-03-18,HB 732,Glynn County; levy an excise tax,Local Calendar,171,0,Pass,https://www.legis.ga.gov/legislation/71185
25217-71187,2025-03-18,HB 734,"Vidalia, City of; Redevelopment Powers Law; provide for a referendum",Local Calendar,171,0,Pass,https://www.legis.ga.gov/legislation/71187
25217-71188,2025-03-18,HB 735,"Lyons, City of; Redevelopment Powers Law; provide for a referendum",Local Calendar,171,0,Pass,https://www.legis.ga.gov/legislation/71188
25217-71190,2025-03-18,HB 737,Haralson County; levy an excise tax,Local Calendar,171,0,Pass,https://www.legis.ga.gov/legislation/71190
25217-71196,2025-03-18,HB 738,Butts County; appointment of county surveyor; provide,Local Calendar,171,0,Pass,https://www.legis.ga.gov/legislation/71196
25217-71217,2025-03-18,HB 739,"Lawrenceville, City of; annexation of certain territory; provide",Local Calendar,171,0,Pass,https://www.legis.ga.gov/legislation/71217
25217-71245,2025-03-18,HB 741,Petrea-Stephens-Franklin-Watson Tax Relief Act; enact,Local Calendar,171,0,Pass,https://www.legis.ga.gov/legislation/71245
25218-69884,2025-03-18,SB 88,Douglas Judicial Circuit; a fourth judge of the superior courts; provide,PASSAGE,171,0,Pass,https://www.legis.ga.gov/legislation/69884
25219-69329,2025-03-18,SB 6,Controlled Substances; determine whether a controlled substance has been adulterated; authorize the use of testing equipment,PASSAGE,170,0,Pass,https://www.legis.ga.gov/legislation/69329
25220-69980,2025-03-18,SB 109,Life Insurance; a policy of group life insurance from excluding or restricting liability for certain deaths occurring while an individual is an active duty service member; prohibit,PASSAGE,172,0,Pass,https://www.legis.ga.gov/legislation/69980
25221-70210,2025-03-18,SB 145,Augusta Judicial Circuit; a sixth judge of the superior courts; provide,PASSAGE,172,0,Pass,https://www.legis.ga.gov/legislation/70210
25222-70919,2025-03-18,SB 276,Recovery of Medical Assistance from Third Party; certain provisions to comply with federal law; revise,PASSAGE,168,2,Pass,https://www.legis.ga.gov/legislation/70919
25224-70181,2025-03-18,HB 381,"Lower Chattahoochee Regional Transportation Authority; add Clay, Marion, and Webster counties",LOCAL CONSENT CALENDAR,51,0,Pass,https://www.legis.ga.gov/legislation/70181
25224-70736,2025-03-18,HB 608,Muscogee County; School District; revise how vacancies on board of education are filled,LOCAL CONSENT CALENDAR,51,0,Pass,https://www.legis.ga.gov/legislation/70736
25224-70794,2025-03-18,HB 619,"Donalsonville, City of; election schedule for mayor and councilmembers; revise",LOCAL CONSENT CALENDAR,51,0,Pass,https://www.legis.ga.gov/legislation/70794
25224-70799,2025-03-18,HB 622,"Hoboken, City of; revise compensation of mayor and councilmembers",LOCAL CONSENT CALENDAR,51,0,Pass,https://www.legis.ga.gov/legislation/70799
25224-70831,2025-03-18,HB 640,"Alpharetta, City of; election of city offices by majority vote; provide",LOCAL CONSENT CALENDAR,51,0,Pass,https://www.legis.ga.gov/legislation/70831
25226-69428,2025-03-18,HB 89,"Public Health, Department of; require healthcare providers, facilities, and pharmacies to provide the Maternal Mortality Review Committee with psychiatric or other clinical records",PASSAGE,50,1,Pass,https://www.legis.ga.gov/legislation/69428
25227-69776,2025-03-18,HB 223,Revenue and taxation; exclude from the calculation of taxable net income certain disaster relief or assistance grant program payments for agricultural losses suffered due to Hurricane Helene,PASSAGE BY SUBSTITUTE,50,1,Pass,https://www.legis.ga.gov/legislation/69776
25228-69429,2025-03-18,HB 90,Revenue and taxation; increase maximum acreage to qualify for assessment and taxation as a bona fide conservation use property,PASSAGE,47,3,Pass,https://www.legis.ga.gov/legislation/69429
25229-69433,2025-03-18,HR 32,General Assembly; increase maximum acreage to qualify for assessment and taxation as a bona fide conservation use property - CA,ADOPTION OF CONSTITUTIONAL AMENDMENT,50,1,Pass,https://www.legis.ga.gov/legislation/69433
25231-70086,2025-03-18,SR 148,Taiwan; recognize,ADOPTION BY SUBSTITUTE,47,5,Pass,https://www.legis.ga.gov/legislation/70086
25232-70706,2025-03-18,SR 245,"Collins, Doug; commend",ADOPTION,37,10,Pass,https://www.legis.ga.gov/legislation/70706
25237-70708,2025-03-18,SR 246,President Donald J. Trump; commend,ADOPTION,31,18,Pass,https://www.legis.ga.gov/legislation/70708
25240-70783,2025-03-20,SB 252,Real and Personal Property; conveyance of municipal property interests to independent school systems; provide,PASSAGE,169,0,Pass,https://www.legis.ga.gov/legislation/70783
25241-70247,2025-03-20,SB 153,"Official Code of Georgia Annotated; revise, modernize, correct errors or omissions in, and reenact the statutory portion of said Code",PASSAGE,169,0,Pass,https://www.legis.ga.gov/legislation/70247
25242-69756,2025-03-20,SB 68,"Civil Practice; substantive and comprehensive revision of provisions regarding civil practice, evidentiary matters, damages, and liability in tort actions; provide",PASSAGE,91,82,Pass,https://www.legis.ga.gov/legislation/69756
25244-70714,2025-03-20,HB 593,Baker County; probate judge; provide nonpartisan elections,LOCAL CONSENT CALENDAR,51,0,Pass,https://www.legis.ga.gov/legislation/70714
25244-70847,2025-03-20,HB 648,"College Park, City of; ad valorem tax for municipal purposes; homestead exemption; remove income cap",LOCAL CONSENT CALENDAR,51,0,Pass,https://www.legis.ga.gov/legislation/70847
25244-71299,2025-03-20,SB 330,City of Atlanta; independent school district ad valorem for educational purposes; provide homestead exemption,LOCAL CONSENT CALENDAR,51,0,Pass,https://www.legis.ga.gov/legislation/71299
25244-71340,2025-03-20,SB 333,City of Chickamauga; independent school district ad valorem taxes for educational purposes; provide a homestead exemption,LOCAL CONSENT CALENDAR,51,0,Pass,https://www.legis.ga.gov/legislation/71340
25244-71341,2025-03-20,SB 335,Chattooga County; independent school district ad valorem taxes; homestead exemption,LOCAL CONSENT CALENDAR,51,0,Pass,https://www.legis.ga.gov/legislation/71341
25244-71342,2025-03-20,SB 334,City of Trion; independent school district ad valorem taxes for educational purposes; provide a homestead exemption,LOCAL CONSENT CALENDAR,51,0,Pass,https://www.legis.ga.gov/legislation/71342
25244-71343,2025-03-20,SB 336,Dade County; school district ad valorem taxes; homestead exemption,LOCAL CONSENT CALENDAR,51,0,Pass,https://www.legis.ga.gov/legislation/71343
25245-71308,2025-03-20,SB 331,City of Winder and the County of Barrow; creating and establishing a joint airport authority; repeal,PASSAGE AS AMENDED,54,0,Pass,https://www.legis.ga.gov/legislation/71308
25248-69353,2025-03-20,HB 55,Alapaha Judicial Circuit; superior courts; provide for an additional judge,PASSAGE BY SUBSTITUTE,51,1,Pass,https://www.legis.ga.gov/legislation/69353
25250-69464,2025-03-20,HB 111,Income tax; reduce rate of tax ,PASSAGE,30,23,Pass,https://www.legis.ga.gov/legislation/69464
25251-69465,2025-03-20,HB 112,Income tax; one-time tax credit for taxpayers who filed returns for both 2023 and 2024 taxable years; provide,PASSAGE,52,0,Pass,https://www.legis.ga.gov/legislation/69465
25252-69599,2025-03-20,HB 161,Georgia Bureau of Investigation; authority to issue subpoenas of electronic communication records for purposes of investigating certain cyber enabled threats to life and property; provide,PASSAGE BY SUBSTITUTE,48,4,Pass,https://www.legis.ga.gov/legislation/69599
25253-70209,2025-03-20,HB 406,"Judicial Retirement System; increase retirement age of superior court judges first taking office on or after July 1, 2026",PASSAGE,53,0,Pass,https://www.legis.ga.gov/legislation/70209
25254-70268,2025-03-20,HB 423,Emergency telephone number 9-1-1 system; Next Generation 9-1-1 systems and services; provide,PASSAGE,53,0,Pass,https://www.legis.ga.gov/legislation/70268
25255-70672,2025-03-20,HB 584,Health; reassign licensing and oversight of certain treatments and programs from Departments of Community Health to Behavioral Health and Developmental Disabilities,PASSAGE BY SUBSTITUTE,52,0,Pass,https://www.legis.ga.gov/legislation/70672
25256-70744,2025-03-20,HB 614,Local government; prohibit use or ignition of consumer fireworks in proximity to certain facilities housing equines; authorize,PASSAGE BY SUBSTITUTE,50,1,Pass,https://www.legis.ga.gov/legislation/70744
25257-69472,2025-03-20,HR 42,General Assembly; motor fuel and diesel fuel taxes; ratify Governor Brian P. Kemp's Executive Orders ,ADOPTION,53,1,Pass,https://www.legis.ga.gov/legislation/69472
25258-70661,2025-03-21,SB 237,Newton County Public Facilities Authority; contracts and borrowing of funds; revise provisions,Local Calendar,158,0,Pass,https://www.legis.ga.gov/legislation/70661
25258-71170,2025-03-21,HB 730,Chatham-Savannah Authority for the Homeless; provide for membership,Local Calendar,158,0,Pass,https://www.legis.ga.gov/legislation/71170
25258-71267,2025-03-21,HB 742,"Broxton, City of; increase compensation of mayor and councilmembers",Local Calendar,158,0,Pass,https://www.legis.ga.gov/legislation/71267
25258-71268,2025-03-21,HB 743,"Social Circle, City of; ad valorem tax; provide homestead exemption",Local Calendar,158,0,Pass,https://www.legis.ga.gov/legislation/71268
25258-71269,2025-03-21,HB 744,"Walnut Grove, City of; ad valorem tax; provide homestead exemption",Local Calendar,158,0,Pass,https://www.legis.ga.gov/legislation/71269
25258-71270,2025-03-21,HB 745,"Loganville, City of; ad valorem tax; provide homestead exemption",Local Calendar,158,0,Pass,https://www.legis.ga.gov/legislation/71270
25258-71271,2025-03-21,HB 746,"Monroe, City of; ad valorem tax; provide homestead exemption",Local Calendar,158,0,Pass,https://www.legis.ga.gov/legislation/71271
25258-71273,2025-03-21,HB 748,Carroll County; change compensation of coroner,Local Calendar,158,0,Pass,https://www.legis.ga.gov/legislation/71273
25258-71274,2025-03-21,HB 749,Carroll County; Board of Commissioners; chairperson and members; change annual salary,Local Calendar,158,0,Pass,https://www.legis.ga.gov/legislation/71274
25258-71275,2025-03-21,HB 750,Forsyth County; State Court; add a judge,Local Calendar,158,0,Pass,https://www.legis.ga.gov/legislation/71275
25258-71286,2025-03-21,HB 754,Catoosa County; Board of Education; require an internal audit function and establish position of internal auditor,Local Calendar,158,0,Pass,https://www.legis.ga.gov/legislation/71286
25258-71348,2025-03-21,HB 768,Gwinnett County; State Court; supplement for chief judge; provide,Local Calendar,158,0,Pass,https://www.legis.ga.gov/legislation/71348
25258-71349,2025-03-21,HB 769,Gwinnett Judicial Circuit; salary supplements for judges; change provisions,Local Calendar,158,0,Pass,https://www.legis.ga.gov/legislation/71349
25258-71350,2025-03-21,HB 770,Gwinnett Judicial Circuit; additional supplement for chief judge; provide,Local Calendar,158,0,Pass,https://www.legis.ga.gov/legislation/71350
25258-71352,2025-03-21,HB 772,"Norcross, City of; ad valorem tax; raise homestead exemption amounts",Local Calendar,158,0,Pass,https://www.legis.ga.gov/legislation/71352
25258-71384,2025-03-21,HB 775,Butts County; school district ad valorem tax; increase homestead exemption ,Local Calendar,158,0,Pass,https://www.legis.ga.gov/legislation/71384
25258-71385,2025-03-21,HB 776,Fulton County; school district ad valorem tax; provide homestead exemption,Local Calendar,158,0,Pass,https://www.legis.ga.gov/legislation/71385
25258-71386,2025-03-21,HB 777,Fulton County; school district ad valorem tax; provide homestead exemption,Local Calendar,158,0,Pass,https://www.legis.ga.gov/legislation/71386
25260-69922,2025-03-21,SB 96,"Official Code of Georgia Annotated; provisions creating certain boards, panels, authorities, centers, commissions, committees, councils, task forces, and other such bodies; update and modernize",PASSAGE,162,0,Pass,https://www.legis.ga.gov/legislation/69922
25261-70246,2025-03-21,SB 154,United States Department of Education; references from the Official Code of Georgia Annotated; revise or remove,PASSAGE,144,15,Pass,https://www.legis.ga.gov/legislation/70246
25262-69637,2025-03-21,SB 58,"""Georgia Transporting Life-Saving Organs and Personnel Act""; enact",PASSAGE,161,0,Pass,https://www.legis.ga.gov/legislation/69637
25263-69826,2025-03-21,SB 84,Special License Plates; specialty license plate honoring the Shepherd Center; establish,PASSAGE,162,0,Pass,https://www.legis.ga.gov/legislation/69826
25264-69384,2025-03-21,SB 13,Georgia Environmental Finance Authority; finance and perform certain duties in connection with projects relating to natural gas facilities; authorize,PASSAGE,109,50,Pass,https://www.legis.ga.gov/legislation/69384
25265-69776,2025-03-21,HB 223,Revenue and taxation; exclude from the calculation of taxable net income certain disaster relief or assistance grant program payments for agricultural losses suffered due to Hurricane Helene,Agree to Senate Substitute,153,0,Pass,https://www.legis.ga.gov/legislation/69776
25266-69933,2025-03-21,SB 98,Guardian and Ward; county conservators; provide,PASSAGE,162,0,Pass,https://www.legis.ga.gov/legislation/69933
25268-70487,2025-03-21,HB 514,"Kennesaw, City of; corporate limits; change provisions",LOCAL CONSENT CALENDAR,53,0,Pass,https://www.legis.ga.gov/legislation/70487
25268-70576,2025-03-21,HB 539,Gwinnett County; school district ad valorem tax; increase homestead exemption,LOCAL CONSENT CALENDAR,53,0,Pass,https://www.legis.ga.gov/legislation/70576
25268-70577,2025-03-21,HB 540,Gwinnett County; ad valorem tax for educational purposes; expand additional homestead exemption to certain veterans and employees,LOCAL CONSENT CALENDAR,53,0,Pass,https://www.legis.ga.gov/legislation/70577
25268-70696,2025-03-21,HB 587,"Cartersville, City of; provide for a finance director",LOCAL CONSENT CALENDAR,53,0,Pass,https://www.legis.ga.gov/legislation/70696
25268-70800,2025-03-21,HB 623,Carroll County; Probate Court; authorize assessment and collection of a technology fee,LOCAL CONSENT CALENDAR,53,0,Pass,https://www.legis.ga.gov/legislation/70800
25268-70801,2025-03-21,HB 624,Carroll County; State Court; authorize assessment and collection of a technology fee,LOCAL CONSENT CALENDAR,53,0,Pass,https://www.legis.ga.gov/legislation/70801
25268-71071,2025-03-21,HB 703,"Peachtree City, City of; ad valorem tax for municipal purposes; homestead exemption; increase income cap",LOCAL CONSENT CALENDAR,53,0,Pass,https://www.legis.ga.gov/legislation/71071
25268-71262,2025-03-21,SB 328,State Court of Henry County; additional judge; provide,LOCAL CONSENT CALENDAR,53,0,Pass,https://www.legis.ga.gov/legislation/71262
25268-71263,2025-03-21,SB 329,Flint Judicial Circuit; chief judge; annual stipend in addition to county compensation to superior court judges; provide,LOCAL CONSENT CALENDAR,53,0,Pass,https://www.legis.ga.gov/legislation/71263
25270-69356,2025-03-21,HB 58,"Aviation; adoption of local ordinances, resolution, regulations, or policies that restrict the flight of unmanned aircraft systems over mass public gatherings; authorize",PASSAGE BY SUBSTITUTE,53,2,Pass,https://www.legis.ga.gov/legislation/69356
25271-69597,2025-03-21,HB 159,Georgia Housing and Finance Authority; increase outstanding bond limit,PASSAGE,49,6,Pass,https://www.legis.ga.gov/legislation/69597
25272-69926,2025-03-21,HB 266,Income tax; exempt income received as personal compensation for full-time duty in the active military service of the United States,PASSAGE BY SUBSTITUTE,53,2,Pass,https://www.legis.ga.gov/legislation/69926
25273-70060,2025-03-21,HB 331,Animals; prohibit transfer of certain domestic animals at certain locations,PASSAGE,53,1,Pass,https://www.legis.ga.gov/legislation/70060
25274-70275,2025-03-21,HB 426,Courts; nonpartisan election of magistrates; provide,PASSAGE,43,11,Pass,https://www.legis.ga.gov/legislation/70275
25275-69756,2025-03-21,SB 68,"Civil Practice; substantive and comprehensive revision of provisions regarding civil practice, evidentiary matters, damages, and liability in tort actions; provide",AGREE TO HOUSE SUBSTITUTE AS AMENDED,22,32,Fail,https://www.legis.ga.gov/legislation/69756
25276-69756,2025-03-21,SB 68,"Civil Practice; substantive and comprehensive revision of provisions regarding civil practice, evidentiary matters, damages, and liability in tort actions; provide",AGREE TO HOUSE SUBSTITUTE,34,21,Pass,https://www.legis.ga.gov/legislation/69756
25277-69805,2025-03-21,SB 77,City of Cartersville; independent school district ad valorem taxes for educational purposes; provide a homestead exemption,AGREE TO HOUSE SUBSTITUTE AS AMENDED BY AMENDMENT #2,55,0,Pass,https://www.legis.ga.gov/legislation/69805
25278-69824,2025-03-21,SB 83,Bartow County; school district ad valorem taxes for educational purposes; provide a homestead exemption ,AGREE TO HOUSE SUBSTITUTE,54,0,Pass,https://www.legis.ga.gov/legislation/69824
25279-70744,2025-03-25,HB 614,Local government; prohibit use or ignition of consumer fireworks in proximity to certain facilities housing equines; authorize,Agree to Senate Substitute,168,1,Pass,https://www.legis.ga.gov/legislation/70744
25280-69673,2025-03-25,HR 98,Property; granting of nonexclusive easements; authorize,Agree to Senate Substitute,166,0,Pass,https://www.legis.ga.gov/legislation/69673
25281-69353,2025-03-25,HB 55,Alapaha Judicial Circuit; superior courts; provide for an additional judge,Agree to Senate Substitute,166,0,Pass,https://www.legis.ga.gov/legislation/69353
25282-70240,2025-03-25,SB 149,Tuition Equalization Grants at Private Colleges and Universities; definition of approved school; revise,PASSAGE,162,2,Pass,https://www.legis.ga.gov/legislation/70240
25283-70039,2025-03-25,SB 119,Manufactured or Mobile Homes; limited exceptions to circumstances under which a manufactured home shall become real property; provide,PASSAGE,168,0,Pass,https://www.legis.ga.gov/legislation/70039
25285-69985,2025-03-25,SB 110,Definitions Relative to the Juvenile Code; definition of neglect and to provide for new definitions,PASSAGE,100,69,Pass,https://www.legis.ga.gov/legislation/69985
25286-71272,2025-03-25,HB 747,Cobb County; State Court; change compensation of judges,Local Calendar,170,0,Pass,https://www.legis.ga.gov/legislation/71272
25286-71300,2025-03-25,HB 755,Cherokee County; levy an excise tax,Local Calendar,170,0,Pass,https://www.legis.ga.gov/legislation/71300
25286-71304,2025-03-25,HB 758,Spalding County; school district ad valorem tax; provide homestead exemption,Local Calendar,170,0,Pass,https://www.legis.ga.gov/legislation/71304
25286-71305,2025-03-25,HB 759,Spalding County; board of elections; terms of members; update provisions,Local Calendar,170,0,Pass,https://www.legis.ga.gov/legislation/71305
25286-71306,2025-03-25,HB 760,Glynn County; board of commissioners; chairperson and members; change annual salary,Local Calendar,170,0,Pass,https://www.legis.ga.gov/legislation/71306
25286-71307,2025-03-25,HB 761,"Lilburn, City of; ad valorem tax; provide additional homestead exemption",Local Calendar,170,0,Pass,https://www.legis.ga.gov/legislation/71307
25286-71310,2025-03-25,HB 762,Savannah Music Commission Act; enact,Local Calendar,170,0,Pass,https://www.legis.ga.gov/legislation/71310
25286-71311,2025-03-25,HB 763,Richmond Hill-Bryan County Airport Authority Act; enact,Local Calendar,170,0,Pass,https://www.legis.ga.gov/legislation/71311
25286-71312,2025-03-25,HB 764,"Nelson, City of; office of mayor or city council member; provide for appointments to vacancies",Local Calendar,170,0,Pass,https://www.legis.ga.gov/legislation/71312
25286-71336,2025-03-25,HB 766,Sumter-Americus Unification Commission Act; enact,Local Calendar,170,0,Pass,https://www.legis.ga.gov/legislation/71336
25286-71351,2025-03-25,HB 771,Cherokee County; school district ad valorem tax; extend homestead exemption,Local Calendar,170,0,Pass,https://www.legis.ga.gov/legislation/71351
25286-71404,2025-03-25,HB 782,Chatham County Schools' Tax Relief Act; enact,Local Calendar,170,0,Pass,https://www.legis.ga.gov/legislation/71404
25286-71405,2025-03-25,HB 783,Columbia County; school district ad valorem tax; provide homestead exemption,Local Calendar,170,0,Pass,https://www.legis.ga.gov/legislation/71405
25286-71406,2025-03-25,HB 784,Columbia County; ad valorem tax for county purposes; provide homestead exemption,Local Calendar,170,0,Pass,https://www.legis.ga.gov/legislation/71406
25287-69672,2025-03-25,HR 97,Property; conveyance of certain state owned property; authorize,Agree to Senate Substitute,162,0,Pass,https://www.legis.ga.gov/legislation/69672
25288-69577,2025-03-25,SB 42,"Penalties for violating Code Sections 16-6-9 through 16-6-12; certain penalty provisions for the offense of prostitution, keeping a place of prostitution, pimping, and pandering; repeal",PASSAGE,169,0,Pass,https://www.legis.ga.gov/legislation/69577
25289-70428,2025-03-25,HR 273,"City of Incheon, South Korea; designate as sister city-state of State of Georgia",ADOPT,165,0,Pass,https://www.legis.ga.gov/legislation/70428
25290-70439,2025-03-25,SB 193,State Board of the Technical College System of Georgia; establish the adult workforce high school diploma program; authorize,PASSAGE,159,2,Pass,https://www.legis.ga.gov/legislation/70439
25291-70077,2025-03-25,SB 123,Compulsory Attendance; provisions of the state's compulsory school attendance laws; update and revise,PASSAGE,160,1,Pass,https://www.legis.ga.gov/legislation/70077
25292-69599,2025-03-25,HB 161,Georgia Bureau of Investigation; authority to issue subpoenas of electronic communication records for purposes of investigating certain cyber enabled threats to life and property; provide,Agree to Senate Substitute,150,18,Pass,https://www.legis.ga.gov/legislation/69599
25293-70008,2025-03-25,SB 112,Selling and other Trade Practices; certain protections for consumers relative to warranties of HVAC systems and components of such systems; extend,PASSAGE,166,1,Pass,https://www.legis.ga.gov/legislation/70008
25295-71064,2025-03-25,HB 697,"Chickamauga, City of; ad valorem tax; educational purposes; provide homestead exemption",LOCAL CONSENT CALENDAR,52,0,Pass,https://www.legis.ga.gov/legislation/71064
25295-71065,2025-03-25,HB 698,Walker County; ad valorem tax for educational purposes; provide homestead exemption,LOCAL CONSENT CALENDAR,52,0,Pass,https://www.legis.ga.gov/legislation/71065
25295-71068,2025-03-25,HB 701,Terrell County; Probate Court; authorize assessment and collection of a technology fee,LOCAL CONSENT CALENDAR,52,0,Pass,https://www.legis.ga.gov/legislation/71068
25295-71100,2025-03-25,HB 714,"Rincon, City of; designation of electors; revise provisions",LOCAL CONSENT CALENDAR,52,0,Pass,https://www.legis.ga.gov/legislation/71100
25295-71121,2025-03-25,HB 719,Worth County; board of education; revise compensation of chairperson and members,LOCAL CONSENT CALENDAR,52,0,Pass,https://www.legis.ga.gov/legislation/71121
25295-71122,2025-03-25,HB 720,Lee County; Board of Education; revise compensation of members,LOCAL CONSENT CALENDAR,52,0,Pass,https://www.legis.ga.gov/legislation/71122
25295-71131,2025-03-25,HB 722,Bryan County; State Court; provide for a chief judge and an associate judge,LOCAL CONSENT CALENDAR,52,0,Pass,https://www.legis.ga.gov/legislation/71131
25295-71133,2025-03-25,HB 724,"Pembroke, City of; mayor and city council members; provide four-year terms",LOCAL CONSENT CALENDAR,52,0,Pass,https://www.legis.ga.gov/legislation/71133
25295-71339,2025-03-25,SB 332,County Board of Education of DeKalb County; board members shall only be elected by electors of the DeKalb County school district; provide,LOCAL CONSENT CALENDAR,52,0,Pass,https://www.legis.ga.gov/legislation/71339
25297-69350,2025-03-25,HB 53,Georgia veterans; allow certain persons to be buried in Georgia veterans cemeteries,PASSAGE BY SUBSTITUTE,54,0,Pass,https://www.legis.ga.gov/legislation/69350
25298-69431,2025-03-25,HB 92,Revenue and taxation; postpone date by which local governing authorities can opt out of base year homestead exemption,PASSAGE BY SUBSTITUTE,52,2,Pass,https://www.legis.ga.gov/legislation/69431
25299-69565,2025-03-25,HB 143,Water resources; water-measuring devices for farm use of surface and ground water; revise provisions,PASSAGE,53,0,Pass,https://www.legis.ga.gov/legislation/69565
25300-69958,2025-03-25,HB 290,Revenue and taxation; Internal Revenue Code and Internal Revenue Code of 1986; revise terms and incorporate certain provisions of federal law into Georgia law,PASSAGE,54,0,Pass,https://www.legis.ga.gov/legislation/69958
25301-70193,2025-03-25,HB 392,Georgia Tax Court; certain events; revise dates,PASSAGE,54,0,Pass,https://www.legis.ga.gov/legislation/70193
25303-70392,2025-03-25,HB 475,"Income tax credit; film, gaming, video or digital production; revise a definition",PASSAGE AS AMENDED,49,5,Pass,https://www.legis.ga.gov/legislation/70392
25304-71018,2025-03-25,SR 310,Senate Study Committee on Additional Services and Resources for Transition Age Youth in Foster Care; create,ADOPTION,54,0,Pass,https://www.legis.ga.gov/legislation/71018
25307-70072,2025-03-25,HB 340,Distraction-Free Education Act; enact,PASSAGE,54,2,Pass,https://www.legis.ga.gov/legislation/70072
25308-70644,2025-03-27,SB 233,Behavioral Health Reform and Innovation Commission; revise the subcommittees,PASSAGE,164,2,Pass,https://www.legis.ga.gov/legislation/70644
25309-70392,2025-03-27,HB 475,"Income tax credit; film, gaming, video or digital production; revise a definition",Agree to Senate Amendment,159,2,Pass,https://www.legis.ga.gov/legislation/70392
25310-69757,2025-03-27,SB 69,"""Georgia Courts Access and Consumer Protection Act""; enact",PASSAGE,98,69,Pass,https://www.legis.ga.gov/legislation/69757
25311-69827,2025-03-27,SB 85,"Grants for Foster Children; a grant program to provide grants to former foster youth who meet eligibility requirements, subject to specific appropriations; establish",PASSAGE,166,2,Pass,https://www.legis.ga.gov/legislation/69827
25312-69636,2025-03-27,SB 56,Georgia State Indemnification Fund; the Department of Administrative Services to purchase annuities for the payment of indemnification claims; authorize,PASSAGE,165,0,Pass,https://www.legis.ga.gov/legislation/69636
25313-69699,2025-03-27,SB 63,"""Quality Basic Education Act""; local school systems offer certain exams to home study students; require",PASSAGE,166,0,Pass,https://www.legis.ga.gov/legislation/69699
25314-69351,2025-03-27,SB 9,"""Ensuring Accountability for Illegal AI Activities Act""; enact",PASSAGE,152,12,Pass,https://www.legis.ga.gov/legislation/69351
25315-69961,2025-03-27,SB 105,Veterinarians and Veterinary Technicians; licensed veterinarians and veterinary technicians to practice veterinary teleadvice; authorize,PASSAGE,168,0,Pass,https://www.legis.ga.gov/legislation/69961
25316-69356,2025-03-27,HB 58,"Aviation; adoption of local ordinances, resolution, regulations, or policies that restrict the flight of unmanned aircraft systems over mass public gatherings; authorize",Agree to Senate Sub as Am,162,1,Pass,https://www.legis.ga.gov/legislation/69356
25317-71359,2025-03-27,HB 774,Dekalb County; Probate Court; authorize assessment and collection of a technology fee,Local Calendar,164,0,Pass,https://www.legis.ga.gov/legislation/71359
25317-71400,2025-03-27,HB 778,Upson County; Magistrate Court; authorize assessment and collection of a technology fee,Local Calendar,164,0,Pass,https://www.legis.ga.gov/legislation/71400
25317-71402,2025-03-27,HB 780,"Greensboro, City of; ad valorem tax for municipal purposes; provide homestead exemption",Local Calendar,164,0,Pass,https://www.legis.ga.gov/legislation/71402
25317-71403,2025-03-27,HB 781,Crawford County; Magistrate Court; authorize assessment and collection of a technology fee,Local Calendar,164,0,Pass,https://www.legis.ga.gov/legislation/71403
25317-71407,2025-03-27,HB 785,Crawford County; Probate Court; authorize assessment and collection of a technology fee,Local Calendar,164,0,Pass,https://www.legis.ga.gov/legislation/71407
25317-71408,2025-03-27,HB 786,Dodge County Building and Public Facilities Authority Act; enact,Local Calendar,164,0,Pass,https://www.legis.ga.gov/legislation/71408
25317-71409,2025-03-27,HB 787,"Chickamauga, City of; ad valorem tax for municipal purposes; provide homestead exemption",Local Calendar,164,0,Pass,https://www.legis.ga.gov/legislation/71409
25317-71410,2025-03-27,HB 788,Macon County; rename position of chief election official as chief election supervisor,Local Calendar,164,0,Pass,https://www.legis.ga.gov/legislation/71410
25317-71411,2025-03-27,HB 789,"Oglethorpe, City of; certain hearings of the governing authority; revise provisions",Local Calendar,164,0,Pass,https://www.legis.ga.gov/legislation/71411
25317-71412,2025-03-27,HB 790,Macon County; Probate Court; authorize assessment and collection of a technology fee,Local Calendar,164,0,Pass,https://www.legis.ga.gov/legislation/71412
25317-71413,2025-03-27,HB 791,Butts County; ad valorem tax; increase homestead exemption,Local Calendar,164,0,Pass,https://www.legis.ga.gov/legislation/71413
25317-71418,2025-03-27,HB 793,Home Ownership Municipal Exemption (H.O.M.E.) Act; enact,Local Calendar,164,0,Pass,https://www.legis.ga.gov/legislation/71418
25317-71419,2025-03-27,HB 794,Clayton County; Board of Commissioners; code of ethics and board of ethics; revise and update provisions,Local Calendar,164,0,Pass,https://www.legis.ga.gov/legislation/71419
25317-71422,2025-03-27,HB 797,Homelessness Prevention Act of Chatham County; enact,Local Calendar,164,0,Pass,https://www.legis.ga.gov/legislation/71422
25317-71429,2025-03-27,HB 798,"Spalding County; State Court; modernize, update, and readopt provisions",Local Calendar,164,0,Pass,https://www.legis.ga.gov/legislation/71429
25318-69575,2025-03-27,SB 40,"Secondary Metals Recyclers; the definition of the term ""used, detached catalytic converters"" to said article;  provide for applicability",PASSAGE,159,3,Pass,https://www.legis.ga.gov/legislation/69575
25320-69350,2025-03-27,HB 53,Georgia veterans; allow certain persons to be buried in Georgia veterans cemeteries,Agree to Senate Substitute,163,0,Pass,https://www.legis.ga.gov/legislation/69350
25321-69767,2025-03-27,SB 72,"""Hope for Georgia Patients Act""; enact",PASSAGE,161,0,Pass,https://www.legis.ga.gov/legislation/69767
25322-69431,2025-03-27,HB 92,Revenue and taxation; postpone date by which local governing authorities can opt out of base year homestead exemption,Agree to Senate Substitute,165,0,Pass,https://www.legis.ga.gov/legislation/69431
25346-69595,2025-03-27,HB 157,"Braselton, Town of; annex certain properties ",LOCAL CONSENT CALENDAR,52,0,Pass,https://www.legis.ga.gov/legislation/69595
25346-70802,2025-03-27,HB 625,Fulton County; State Court; provide additional judge,LOCAL CONSENT CALENDAR,52,0,Pass,https://www.legis.ga.gov/legislation/70802
25346-71017,2025-03-27,HB 685,Bartow County Community Improvement Districts Act; enact,LOCAL CONSENT CALENDAR,52,0,Pass,https://www.legis.ga.gov/legislation/71017
25346-71190,2025-03-27,HB 737,Haralson County; levy an excise tax,LOCAL CONSENT CALENDAR,52,0,Pass,https://www.legis.ga.gov/legislation/71190
25346-71217,2025-03-27,HB 739,"Lawrenceville, City of; annexation of certain territory; provide",LOCAL CONSENT CALENDAR,52,0,Pass,https://www.legis.ga.gov/legislation/71217
25346-71245,2025-03-27,HB 741,Petrea-Stephens-Franklin-Watson Tax Relief Act; enact,LOCAL CONSENT CALENDAR,52,0,Pass,https://www.legis.ga.gov/legislation/71245
25346-71267,2025-03-27,HB 742,"Broxton, City of; increase compensation of mayor and councilmembers",LOCAL CONSENT CALENDAR,52,0,Pass,https://www.legis.ga.gov/legislation/71267
25346-71268,2025-03-27,HB 743,"Social Circle, City of; ad valorem tax; provide homestead exemption",LOCAL CONSENT CALENDAR,52,0,Pass,https://www.legis.ga.gov/legislation/71268
25346-71269,2025-03-27,HB 744,"Walnut Grove, City of; ad valorem tax; provide homestead exemption",LOCAL CONSENT CALENDAR,52,0,Pass,https://www.legis.ga.gov/legislation/71269
25346-71391,2025-03-27,SB 340,City of Tybee Island; selection of a mayor pro tem; provide,LOCAL CONSENT CALENDAR,52,0,Pass,https://www.legis.ga.gov/legislation/71391
25346-71478,2025-03-27,SB 344,Probate Court of Crawford County; assessment and collection of a technology fee; authorize,LOCAL CONSENT CALENDAR,52,0,Pass,https://www.legis.ga.gov/legislation/71478
25346-71479,2025-03-27,SB 345,Magistrate Court of Crawford County;  the assessment and collection of a technology fee; authorize,LOCAL CONSENT CALENDAR,52,0,Pass,https://www.legis.ga.gov/legislation/71479
25346-71481,2025-03-27,SB 347,Brunswick and Glynn County Development Authority; method of appointing the membership; change,LOCAL CONSENT CALENDAR,52,0,Pass,https://www.legis.ga.gov/legislation/71481
25346-71503,2025-03-27,SB 348,Hancock County; Board of County Commissioners; description of the commissioner districts; change,LOCAL CONSENT CALENDAR,52,0,Pass,https://www.legis.ga.gov/legislation/71503
25346-71510,2025-03-27,SB 349,Hancock County; levy an excise tax pursuant to subsection (b) of Code Section 48-13-51 of the O.C.G.A.; authorize the governing authority,LOCAL CONSENT CALENDAR,52,0,Pass,https://www.legis.ga.gov/legislation/71510
25346-71542,2025-03-27,SB 351,County of Treutlen; the salary of the judge and solicitor-general; change,LOCAL CONSENT CALENDAR,52,0,Pass,https://www.legis.ga.gov/legislation/71542
25346-71600,2025-03-27,SB 355,Paulding County; school district ad valorem taxes for educational purposes; provide a homestead exemption,LOCAL CONSENT CALENDAR,52,0,Pass,https://www.legis.ga.gov/legislation/71600
25347-71508,2025-03-27,SB 350,"DeKalb County; certain judges, judicial officers, and county officers; revise the compensation",PASSAGE AS AMENDED,52,0,Pass,https://www.legis.ga.gov/legislation/71508
25348-70277,2025-03-27,HB 428,Health; codify right to in vitro fertilization for individuals,PASSAGE BY SUBSTITUTE,53,1,Pass,https://www.legis.ga.gov/legislation/70277
25351-69425,2025-03-27,HB 86,Public officers and employees; calculating and setting the salaries of certain state officials; revise provisions,PASSAGE AS AMENDED,45,10,Pass,https://www.legis.ga.gov/legislation/69425
25352-69641,2025-03-27,HB 164,"Highways, bridges, and ferries; allowable variance for weight limitations upon a vehicle or load; repeal automatic repeal provisions",PASSAGE,55,1,Pass,https://www.legis.ga.gov/legislation/69641
25353-69652,2025-03-27,HB 175,Education; employee comprehensive background checks for early care and education programs and Head Start programs; revise provisions,PASSAGE,54,0,Pass,https://www.legis.ga.gov/legislation/69652
25354-69712,2025-03-27,HB 196,State employees' health insurance plan; drugs dispensed for self-administration; provisions,PASSAGE BY SUBSTITUTE,55,0,Pass,https://www.legis.ga.gov/legislation/69712
25355-69724,2025-03-27,HB 208,Special license plates; support state parks and historic sites; establish,PASSAGE BY SUBSTITUTE,55,0,Pass,https://www.legis.ga.gov/legislation/69724
25356-69846,2025-03-27,HB 241,Contracts; convenience fees for payment by electronic means; revise provisions,PASSAGE,53,3,Pass,https://www.legis.ga.gov/legislation/69846
25357-70018,2025-03-27,HB 307,Quality Basic Education Act; students significantly at risk of not achieving grade level reading proficiency or with characteristics of dyslexia; include provisions,PASSAGE BY SUBSTITUTE,55,0,Pass,https://www.legis.ga.gov/legislation/70018
25358-70390,2025-03-27,HB 473,Controlled substances; Schedule I; provide certain provisions,PASSAGE,53,0,Pass,https://www.legis.ga.gov/legislation/70390
25359-70407,2025-03-27,HB 484,General Assembly; digitization and electronic publication of Georgia Laws; provide,PASSAGE,52,2,Pass,https://www.legis.ga.gov/legislation/70407
25360-70588,2025-03-27,HB 551,"Motor vehicles; conditions, procedures, and limitations for issuance of temporary operating permits; provide",PASSAGE BY SUBSTITUTE,48,3,Pass,https://www.legis.ga.gov/legislation/70588
25361-70666,2025-03-27,HB 579,Professions and businesses; licensure to engage in trade; provisions,PASSAGE,53,0,Pass,https://www.legis.ga.gov/legislation/70666
25362-70929,2025-03-27,SR 292,Senate Special Committee on Investigations; investigate additional matters; to authorize the use of compulsory process to secure the attendance of witnesses; authorize,ADOPTION,33,21,Pass,https://www.legis.ga.gov/legislation/70929
25363-69384,2025-03-27,SB 13,Georgia Environmental Finance Authority; finance and perform certain duties in connection with projects relating to natural gas facilities; authorize,AGREE TO HOUSE SUBSTITUTE,50,0,Pass,https://www.legis.ga.gov/legislation/69384
25364-69922,2025-03-27,SB 96,"Official Code of Georgia Annotated; provisions creating certain boards, panels, authorities, centers, commissions, committees, councils, task forces, and other such bodies; update and modernize",AGREE TO HOUSE SUBSTITUTE,51,0,Pass,https://www.legis.ga.gov/legislation/69922
25365-70247,2025-03-27,SB 153,"Official Code of Georgia Annotated; revise, modernize, correct errors or omissions in, and reenact the statutory portion of said Code",AGREE TO HOUSE SUBSTITUTE,50,1,Pass,https://www.legis.ga.gov/legislation/70247
25366-70783,2025-03-27,SB 252,Real and Personal Property; conveyance of municipal property interests to independent school systems; provide,AGREE TO HOUSE SUBSTITUTE,52,0,Pass,https://www.legis.ga.gov/legislation/70783
25368-69811,2025-03-28,SB 79,"""Fentanyl Eradication and Removal Act""; enact",PASSAGE,131,31,Pass,https://www.legis.ga.gov/legislation/69811
25369-70495,2025-03-28,SB 206,"""South Georgia Energy Authority Act""; enact",Local Calendar,160,0,Pass,https://www.legis.ga.gov/legislation/70495
25369-71091,2025-03-28,HB 709,"Demorest, City of; Redevelopment Powers Law; provide for a referendum",Local Calendar,160,0,Pass,https://www.legis.ga.gov/legislation/71091
25369-71308,2025-03-28,SB 331,City of Winder and the County of Barrow; creating and establishing a joint airport authority; repeal,Local Calendar,160,0,Pass,https://www.legis.ga.gov/legislation/71308
25369-71484,2025-03-28,HB 799,Long County; Board of Education; provide compensation for members,Local Calendar,160,0,Pass,https://www.legis.ga.gov/legislation/71484
25369-71486,2025-03-28,HB 801,Long County; Board of Commissioners; revise powers of chairperson,Local Calendar,160,0,Pass,https://www.legis.ga.gov/legislation/71486
25369-71487,2025-03-28,HB 802,"Cedartown, City of; Redevelopment Powers Law; provide for a referendum",Local Calendar,160,0,Pass,https://www.legis.ga.gov/legislation/71487
25369-71488,2025-03-28,HB 803,"Dublin, City of; school district ad valorem tax; provide homestead exemption",Local Calendar,160,0,Pass,https://www.legis.ga.gov/legislation/71488
25369-71490,2025-03-28,HB 805,"Dublin, City of; school district ad valorem tax; provide homestead exemption",Local Calendar,160,0,Pass,https://www.legis.ga.gov/legislation/71490
25369-71491,2025-03-28,HB 806,Oglethorpe County; school district ad valorem tax; provide homestead exemption,Local Calendar,160,0,Pass,https://www.legis.ga.gov/legislation/71491
25369-71500,2025-03-28,HB 807,"Woodstock, City of; ad valorem tax; extend homestead exemption to surviving spouses",Local Calendar,160,0,Pass,https://www.legis.ga.gov/legislation/71500
25370-70720,2025-03-28,SB 245,Grandparents; include within the category of persons who may seek to revoke or amend an existing grandparent visitation order,PASSAGE,160,1,Pass,https://www.legis.ga.gov/legislation/70720
25371-70277,2025-03-28,HB 428,Health; codify right to in vitro fertilization for individuals,Agree to Senate Substitute,160,0,Pass,https://www.legis.ga.gov/legislation/70277
25372-70237,2025-03-28,SB 147,"Correctional Institutions of State and Counties; consent for the release of certain criminal history, vocational, and educational information for inmates upon release; provide",PASSAGE,163,0,Pass,https://www.legis.ga.gov/legislation/70237
25374-70672,2025-03-28,HB 584,Health; reassign licensing and oversight of certain treatments and programs from Departments of Community Health to Behavioral Health and Developmental Disabilities,Agree to Senate Substitute,163,0,Pass,https://www.legis.ga.gov/legislation/70672
25375-70373,2025-03-28,SB 180,High Demand Apprenticeship Program; opportunities for apprenticeship sponsors to enter into apprenticeship program contracts with State Board of the Technical College System of Georgia; provide,PASSAGE,158,0,Pass,https://www.legis.ga.gov/legislation/70373
25376-69581,2025-03-28,SB 44,"Equalization Grants, Annual Calculations, and Allocation; the definition of the term ""qualified local school system"" by reducing the minimum required millage rate; revise",PASSAGE,138,23,Pass,https://www.legis.ga.gov/legislation/69581
25378-70655,2025-03-28,HB 572,"Braselton, Town of; annex certain properties",LOCAL CONSENT CALENDAR,53,0,Pass,https://www.legis.ga.gov/legislation/70655
25378-70828,2025-03-28,HB 637,Cobb County; board of commissioners; revise a requirement for public hearings,LOCAL CONSENT CALENDAR,53,0,Pass,https://www.legis.ga.gov/legislation/70828
25378-71066,2025-03-28,HB 699,Dawson County; board of elections and registration; provide staggered terms,LOCAL CONSENT CALENDAR,53,0,Pass,https://www.legis.ga.gov/legislation/71066
25378-71170,2025-03-28,HB 730,Chatham-Savannah Authority for the Homeless; provide for membership,LOCAL CONSENT CALENDAR,53,0,Pass,https://www.legis.ga.gov/legislation/71170
25378-71185,2025-03-28,HB 732,Glynn County; levy an excise tax,LOCAL CONSENT CALENDAR,53,0,Pass,https://www.legis.ga.gov/legislation/71185
25378-71187,2025-03-28,HB 734,"Vidalia, City of; Redevelopment Powers Law; provide for a referendum",LOCAL CONSENT CALENDAR,53,0,Pass,https://www.legis.ga.gov/legislation/71187
25378-71188,2025-03-28,HB 735,"Lyons, City of; Redevelopment Powers Law; provide for a referendum",LOCAL CONSENT CALENDAR,53,0,Pass,https://www.legis.ga.gov/legislation/71188
25378-71196,2025-03-28,HB 738,Butts County; appointment of county surveyor; provide,LOCAL CONSENT CALENDAR,53,0,Pass,https://www.legis.ga.gov/legislation/71196
25378-71270,2025-03-28,HB 745,"Loganville, City of; ad valorem tax; provide homestead exemption",LOCAL CONSENT CALENDAR,53,0,Pass,https://www.legis.ga.gov/legislation/71270
25378-71271,2025-03-28,HB 746,"Monroe, City of; ad valorem tax; provide homestead exemption",LOCAL CONSENT CALENDAR,53,0,Pass,https://www.legis.ga.gov/legislation/71271
25378-71272,2025-03-28,HB 747,Cobb County; State Court; change compensation of judges,LOCAL CONSENT CALENDAR,53,0,Pass,https://www.legis.ga.gov/legislation/71272
25378-71273,2025-03-28,HB 748,Carroll County; change compensation of coroner,LOCAL CONSENT CALENDAR,53,0,Pass,https://www.legis.ga.gov/legislation/71273
25378-71286,2025-03-28,HB 754,Catoosa County; Board of Education; require an internal audit function and establish position of internal auditor,LOCAL CONSENT CALENDAR,53,0,Pass,https://www.legis.ga.gov/legislation/71286
25378-71300,2025-03-28,HB 755,Cherokee County; levy an excise tax,LOCAL CONSENT CALENDAR,53,0,Pass,https://www.legis.ga.gov/legislation/71300
25378-71304,2025-03-28,HB 758,Spalding County; school district ad valorem tax; provide homestead exemption,LOCAL CONSENT CALENDAR,53,0,Pass,https://www.legis.ga.gov/legislation/71304
25378-71305,2025-03-28,HB 759,Spalding County; board of elections; terms of members; update provisions,LOCAL CONSENT CALENDAR,53,0,Pass,https://www.legis.ga.gov/legislation/71305
25378-71306,2025-03-28,HB 760,Glynn County; board of commissioners; chairperson and members; change annual salary,LOCAL CONSENT CALENDAR,53,0,Pass,https://www.legis.ga.gov/legislation/71306
25378-71307,2025-03-28,HB 761,"Lilburn, City of; ad valorem tax; provide additional homestead exemption",LOCAL CONSENT CALENDAR,53,0,Pass,https://www.legis.ga.gov/legislation/71307
25378-71310,2025-03-28,HB 762,Savannah Music Commission Act; enact,LOCAL CONSENT CALENDAR,53,0,Pass,https://www.legis.ga.gov/legislation/71310
25378-71311,2025-03-28,HB 763,Richmond Hill-Bryan County Airport Authority Act; enact,LOCAL CONSENT CALENDAR,53,0,Pass,https://www.legis.ga.gov/legislation/71311
25378-71312,2025-03-28,HB 764,"Nelson, City of; office of mayor or city council member; provide for appointments to vacancies",LOCAL CONSENT CALENDAR,53,0,Pass,https://www.legis.ga.gov/legislation/71312
25378-71351,2025-03-28,HB 771,Cherokee County; school district ad valorem tax; extend homestead exemption,LOCAL CONSENT CALENDAR,53,0,Pass,https://www.legis.ga.gov/legislation/71351
25378-71384,2025-03-28,HB 775,Butts County; school district ad valorem tax; increase homestead exemption ,LOCAL CONSENT CALENDAR,53,0,Pass,https://www.legis.ga.gov/legislation/71384
25378-71385,2025-03-28,HB 776,Fulton County; school district ad valorem tax; provide homestead exemption,LOCAL CONSENT CALENDAR,53,0,Pass,https://www.legis.ga.gov/legislation/71385
25378-71386,2025-03-28,HB 777,Fulton County; school district ad valorem tax; provide homestead exemption,LOCAL CONSENT CALENDAR,53,0,Pass,https://www.legis.ga.gov/legislation/71386
25378-71404,2025-03-28,HB 782,Chatham County Schools' Tax Relief Act; enact,LOCAL CONSENT CALENDAR,53,0,Pass,https://www.legis.ga.gov/legislation/71404
25378-71405,2025-03-28,HB 783,Columbia County; school district ad valorem tax; provide homestead exemption,LOCAL CONSENT CALENDAR,53,0,Pass,https://www.legis.ga.gov/legislation/71405
25378-71406,2025-03-28,HB 784,Columbia County; ad valorem tax for county purposes; provide homestead exemption,LOCAL CONSENT CALENDAR,53,0,Pass,https://www.legis.ga.gov/legislation/71406
25378-71556,2025-03-28,SB 352,Jasper County; school district ad valorem taxes for educational purposes;  provide a homestead exemption ,LOCAL CONSENT CALENDAR,53,0,Pass,https://www.legis.ga.gov/legislation/71556
25380-69334,2025-03-28,HB 38,Education; needs based financial aid program; revise definition of eligible student,PASSAGE,46,5,Pass,https://www.legis.ga.gov/legislation/69334
25381-69395,2025-03-28,HB 68,"General appropriations; State Fiscal Year July 1, 2025 - June 30, 2026",PASSAGE BY SUBSTITUTE,48,7,Pass,https://www.legis.ga.gov/legislation/69395
25383-69424,2025-03-28,HB 85,Superior Court Judicial Compensation Reform Act; enact,PASSAGE,51,2,Pass,https://www.legis.ga.gov/legislation/69424
25384-69466,2025-03-28,HB 113,State government; prohibit the state or its agencies from purchasing goods from certain foreign countries or related entities,PASSAGE BY SUBSTITUTE,51,0,Pass,https://www.legis.ga.gov/legislation/69466
25385-69535,2025-03-28,HB 136,Income tax; contributions to foster child support organizations; expand tax credit,PASSAGE BY SUBSTITUTE,50,0,Pass,https://www.legis.ga.gov/legislation/69535
25386-69661,2025-03-28,HB 182,Life insurance; excluding or restricting liability for certain deaths occurring while an individual is an active duty service member; prohibit,PASSAGE BY SUBSTITUTE,46,0,Pass,https://www.legis.ga.gov/legislation/69661
25387-69701,2025-03-28,HB 192,Top State for Talent Act; enact,PASSAGE,48,1,Pass,https://www.legis.ga.gov/legislation/69701
25388-69763,2025-03-28,HB 217,Education; make Dual Achievement Program a permanent state-wide program,PASSAGE AS AMENDED,44,2,Pass,https://www.legis.ga.gov/legislation/69763
25391-70110,2025-03-28,HB 348,Insurance; expand lines of insurance or reinsurance in which a limited purpose subsidiary and captive insurance company may engage,PASSAGE,47,2,Pass,https://www.legis.ga.gov/legislation/70110
25393-70113,2025-03-28,HB 351,Board of Natural Resources; modify powers and duties,PASSAGE AS AMENDED,47,0,Pass,https://www.legis.ga.gov/legislation/70113
25394-70251,2025-03-28,HB 410,"Insurance, Department of; efficiency in the practices; provide",PASSAGE,47,0,Pass,https://www.legis.ga.gov/legislation/70251
25395-70292,2025-03-28,HB 433,"Human Services, Department of; authorized to access restricted and sealed information to conduct employee oversight in certain circumstances; provide",PASSAGE,43,7,Pass,https://www.legis.ga.gov/legislation/70292
25396-70658,2025-03-28,HB 575,"Transportation, Department of; authorize notice of certain public hearings by electronic publication",PASSAGE BY SUBSTITUTE,50,0,Pass,https://www.legis.ga.gov/legislation/70658
25398-70122,2025-03-28,HB 360,Revenue and taxation; rehabilitation of historic structures; revise tax credit,PASSAGE,26,24,Pass,https://www.legis.ga.gov/legislation/70122
25399-69811,2025-03-28,SB 79,"""Fentanyl Eradication and Removal Act""; enact",AGREE TO HOUSE SUBSTITUTE,49,0,Pass,https://www.legis.ga.gov/legislation/69811
25401-69757,2025-03-28,SB 69,"""Georgia Courts Access and Consumer Protection Act""; enact",AGREE TO HOUSE SUBSTITUTE AS AMENDED,52,0,Pass,https://www.legis.ga.gov/legislation/69757
25402-70479,2025-03-31,SB 199,State Ethics Commission; shall not accept or reject complaints made against candidates 60 days prior to an election; provide,PASSAGE,167,1,Pass,https://www.legis.ga.gov/legislation/70479
25403-69929,2025-03-31,HB 268,"Education; safety, health, and well-being of students and school communities; provide",Agree to Senate Substitute,154,12,Pass,https://www.legis.ga.gov/legislation/69929
25404-69466,2025-03-31,HB 113,State government; prohibit the state or its agencies from purchasing goods from certain foreign countries or related entities,Agree to Senate Substitute,146,18,Pass,https://www.legis.ga.gov/legislation/69466
25405-69712,2025-03-31,HB 196,State employees' health insurance plan; drugs dispensed for self-administration; provisions,Agree to Senate Substitute,166,0,Pass,https://www.legis.ga.gov/legislation/69712
25406-70588,2025-03-31,HB 551,"Motor vehicles; conditions, procedures, and limitations for issuance of temporary operating permits; provide",Agree to Senate Sub as Am,162,3,Pass,https://www.legis.ga.gov/legislation/70588
25407-69900,2025-03-31,SB 93,"""Georgia Early Literacy Act""; the three-cuing system from inclusion in high-quality instructional materials or structured literacy; prohibit",PASSAGE,168,0,Pass,https://www.legis.ga.gov/legislation/69900
25408-69327,2025-03-31,SB 8,Courts; arrest warrant requirements when juvenile courts are acting as courts of inquiry; provide,PASSAGE,79,87,Fail,https://www.legis.ga.gov/legislation/69327
25409-70018,2025-03-31,HB 307,Quality Basic Education Act; students significantly at risk of not achieving grade level reading proficiency or with characteristics of dyslexia; include provisions,Agree to Senate Substitute,167,0,Pass,https://www.legis.ga.gov/legislation/70018
25410-70494,2025-03-31,SB 201,Consumer Transactions; increased consumer protection for homeowners entering into contracts with contractors following natural disasters; provide,PASSAGE,163,1,Pass,https://www.legis.ga.gov/legislation/70494
25411-70175,2025-03-31,SB 141,Revenue and Taxation; the appeal and protest period from 30 days to 45 days for tax assessments; extend,PASSAGE,166,0,Pass,https://www.legis.ga.gov/legislation/70175
25412-69808,2025-03-31,SB 82,"""Local Charter School Authorization and Support Act of 2025""; enact",PASSAGE,107,62,Pass,https://www.legis.ga.gov/legislation/69808
25413-69724,2025-03-31,HB 208,Special license plates; support state parks and historic sites; establish,Agree to Senate Substitute,164,0,Pass,https://www.legis.ga.gov/legislation/69724
25414-70789,2025-03-31,SB 256,Electric Membership Corporation; disclose certain acquisitions and other information to its members within a certain time frame; require,PASSAGE,163,1,Pass,https://www.legis.ga.gov/legislation/70789
25415-69956,2025-03-31,HB 288,Appeal and error; declaratory judgments in instances involving accusations made by a prosecuting attorney regarding credibility of a peace officer; provide,Agree to Senate Substitute,152,14,Pass,https://www.legis.ga.gov/legislation/69956
25416-70943,2025-03-31,SB 298,Judgements and Rulings; certain appellate procedures regarding the denial of sovereign and any other immunity available to the state; provide,PASSAGE,142,23,Pass,https://www.legis.ga.gov/legislation/70943
25417-70113,2025-03-31,HB 351,Board of Natural Resources; modify powers and duties,Agree to Senate Amendment,163,0,Pass,https://www.legis.ga.gov/legislation/70113
25418-71550,2025-03-31,HB 811,Lowndes County; school district ad valorem tax; provide homestead exemption,Local Calendar Without HBs 851 & 852,165,0,Pass,https://www.legis.ga.gov/legislation/71550
25418-71552,2025-03-31,HB 813,Lowndes County; school district ad valorem tax; provide homestead exemption,Local Calendar Without HBs 851 & 852,165,0,Pass,https://www.legis.ga.gov/legislation/71552
25418-71553,2025-03-31,HB 814,Lowndes County; ad valorem tax for county purposes; provide homestead exemption,Local Calendar Without HBs 851 & 852,165,0,Pass,https://www.legis.ga.gov/legislation/71553
25418-71554,2025-03-31,HB 815,Lowndes County; ad valorem tax for county purposes; provide homestead exemption,Local Calendar Without HBs 851 & 852,165,0,Pass,https://www.legis.ga.gov/legislation/71554
25418-71555,2025-03-31,HB 816,Greene County Public Facilities Authority Act; enact,Local Calendar Without HBs 851 & 852,165,0,Pass,https://www.legis.ga.gov/legislation/71555
25418-71560,2025-03-31,HB 819,Jasper County; levy an excise tax,Local Calendar Without HBs 851 & 852,165,0,Pass,https://www.legis.ga.gov/legislation/71560
25418-71561,2025-03-31,HB 820,Jasper County; school district ad valorem tax; provide homestead exemption,Local Calendar Without HBs 851 & 852,165,0,Pass,https://www.legis.ga.gov/legislation/71561
25418-71606,2025-03-31,HB 823,Dawson County; ad valorem tax; homestead exemption; revise definition of senior citizen,Local Calendar Without HBs 851 & 852,165,0,Pass,https://www.legis.ga.gov/legislation/71606
25418-71607,2025-03-31,HB 824,Dawson County; ad valorem tax; close new applications for certain homestead exemptions for senior citizens,Local Calendar Without HBs 851 & 852,165,0,Pass,https://www.legis.ga.gov/legislation/71607
25418-71633,2025-03-31,HB 832,Paulding County; school district ad valorem tax; provide homestead exemption,Local Calendar Without HBs 851 & 852,165,0,Pass,https://www.legis.ga.gov/legislation/71633
25418-71635,2025-03-31,HB 834,"Cedartown, City of; Redevelopment Powers Law; provide for a referendum",Local Calendar Without HBs 851 & 852,165,0,Pass,https://www.legis.ga.gov/legislation/71635
25418-71636,2025-03-31,HB 835,"Dalton, City of; school district ad valorem tax; increase homestead exemption",Local Calendar Without HBs 851 & 852,165,0,Pass,https://www.legis.ga.gov/legislation/71636
25418-71637,2025-03-31,HB 836,Coweta County; School District ad valorem tax; raise homestead exemption amounts,Local Calendar Without HBs 851 & 852,165,0,Pass,https://www.legis.ga.gov/legislation/71637
25418-71639,2025-03-31,HB 837,Richmond County; Probate Court; authorize assessment and collection of a technology fee,Local Calendar Without HBs 851 & 852,165,0,Pass,https://www.legis.ga.gov/legislation/71639
25418-71640,2025-03-31,HB 838,"Newnan, City of; change corporate limits",Local Calendar Without HBs 851 & 852,165,0,Pass,https://www.legis.ga.gov/legislation/71640
25418-71641,2025-03-31,HB 839,Jackson County; board of commissioners; filling vacancies; revise provisions,Local Calendar Without HBs 851 & 852,165,0,Pass,https://www.legis.ga.gov/legislation/71641
25418-71642,2025-03-31,HB 840,Pickens County Airport Authority; repeal Act,Local Calendar Without HBs 851 & 852,165,0,Pass,https://www.legis.ga.gov/legislation/71642
25418-71643,2025-03-31,HB 841,Pickens County; school district ad valorem tax; provide homestead exemption,Local Calendar Without HBs 851 & 852,165,0,Pass,https://www.legis.ga.gov/legislation/71643
25418-71644,2025-03-31,HB 842,Whitfield County; ad valorem tax; revise homestead exemption amount,Local Calendar Without HBs 851 & 852,165,0,Pass,https://www.legis.ga.gov/legislation/71644
25418-71645,2025-03-31,HB 843,"Dalton, City of; ad valorem tax for municipal purposes; increase homestead exemption",Local Calendar Without HBs 851 & 852,165,0,Pass,https://www.legis.ga.gov/legislation/71645
25418-71646,2025-03-31,HB 844,Whitfield County; School District ad valorem tax; revise homestead exemption amount,Local Calendar Without HBs 851 & 852,165,0,Pass,https://www.legis.ga.gov/legislation/71646
25418-71647,2025-03-31,HB 845,Cherokee County; Board of Education; require an internal audit function and establish position of internal auditor,Local Calendar Without HBs 851 & 852,165,0,Pass,https://www.legis.ga.gov/legislation/71647
25418-71648,2025-03-31,HB 846,Cherokee County; ad valorem tax; provide homestead exemption,Local Calendar Without HBs 851 & 852,165,0,Pass,https://www.legis.ga.gov/legislation/71648
25418-71649,2025-03-31,HB 847,Cobb County; tax commissioner and certain employees; change compensation,Local Calendar Without HBs 851 & 852,165,0,Pass,https://www.legis.ga.gov/legislation/71649
25418-71650,2025-03-31,HB 848,Polk County; school district ad valorem tax; provide homestead exemption,Local Calendar Without HBs 851 & 852,165,0,Pass,https://www.legis.ga.gov/legislation/71650
25418-71651,2025-03-31,HB 849,Randolph County Airport Authority Act; enact,Local Calendar Without HBs 851 & 852,165,0,Pass,https://www.legis.ga.gov/legislation/71651
25418-71652,2025-03-31,HB 850,Augusta-Richmond County; ad valorem tax; provide homestead exemption,Local Calendar Without HBs 851 & 852,165,0,Pass,https://www.legis.ga.gov/legislation/71652
25418-71655,2025-03-31,HB 853,"Tunnel Hill, City of; ad valorem tax for municipal purposes; provide new homestead exemption",Local Calendar Without HBs 851 & 852,165,0,Pass,https://www.legis.ga.gov/legislation/71655
25418-71656,2025-03-31,HB 854,"Cohutta, City of; ad valorem tax for municipal purposes; increase homestead exemption",Local Calendar Without HBs 851 & 852,165,0,Pass,https://www.legis.ga.gov/legislation/71656
25418-71657,2025-03-31,HB 855,"Thomasville, City of; excise tax; expenditure of certain proceeds; revise provisions",Local Calendar Without HBs 851 & 852,165,0,Pass,https://www.legis.ga.gov/legislation/71657
25418-71658,2025-03-31,HB 856,Brooks County Development Authority; appointment of members; revise provisions,Local Calendar Without HBs 851 & 852,165,0,Pass,https://www.legis.ga.gov/legislation/71658
25418-71659,2025-03-31,HB 857,Cobb County; State Court; chief deputy clerk and clerk; change salary,Local Calendar Without HBs 851 & 852,165,0,Pass,https://www.legis.ga.gov/legislation/71659
25418-71660,2025-03-31,HB 858,Cobb County; State Court; change compensation and number of certain staff of solicitor-general,Local Calendar Without HBs 851 & 852,165,0,Pass,https://www.legis.ga.gov/legislation/71660
25418-71661,2025-03-31,HB 859,"Cartersville, City of; independent school district ad valorem tax; provide homestead exemption",Local Calendar Without HBs 851 & 852,165,0,Pass,https://www.legis.ga.gov/legislation/71661
25418-71662,2025-03-31,HB 860,Gordon County; school district ad valorem tax; increase homestead exemption for certain residents,Local Calendar Without HBs 851 & 852,165,0,Pass,https://www.legis.ga.gov/legislation/71662
25418-71663,2025-03-31,HB 861,"Calhoun, City of; school district ad valorem tax; increase homestead exemption for certain residents",Local Calendar Without HBs 851 & 852,165,0,Pass,https://www.legis.ga.gov/legislation/71663
25418-71793,2025-03-31,HB 869,Bartow County; joint airport authority; legislative delegation to appoint a member; provide,Local Calendar Without HBs 851 & 852,165,0,Pass,https://www.legis.ga.gov/legislation/71793
25418-71794,2025-03-31,HB 870,Clayton County; ad valorem tax for county purposes; provide homestead exemption,Local Calendar Without HBs 851 & 852,165,0,Pass,https://www.legis.ga.gov/legislation/71794
25419-70041,2025-03-31,SB 121,Uninsured Motorist Coverage; minimum required under motor vehicle liability policies for a individual convicted of driving under the influence or reckless driving; increase,PASSAGE,157,11,Pass,https://www.legis.ga.gov/legislation/70041
25420-69926,2025-03-31,HB 266,Income tax; exempt income received as personal compensation for full-time duty in the active military service of the United States,Agree to Senate Sub as Am,164,0,Pass,https://www.legis.ga.gov/legislation/69926
25421-69937,2025-03-31,SB 99,Crimes and Offenses; definition of law enforcement officer; provide,PASSAGE,152,11,Pass,https://www.legis.ga.gov/legislation/69937
25422-70528,2025-03-31,SB 212,"""Quality Basic Education Act""; disclosure of public student directory information to political candidates or persons or groups acting on their behalf; prohibit",PASSAGE,98,66,Pass,https://www.legis.ga.gov/legislation/70528
25423-69715,2025-03-31,HB 199,Courts; protection of personally identifiable information of judges and their spouses; modify provisions,Agree to Senate Substitute,164,0,Pass,https://www.legis.ga.gov/legislation/69715
25424-70106,2025-03-31,SB 140,Optometrists; doctors of optometry to dispense and sell pharmaceutical agents to patients under certain conditions; provide,PASSAGE,166,0,Pass,https://www.legis.ga.gov/legislation/70106
25425-70239,2025-03-31,SB 151,"""Joint Development Authority of North Fulton Municipalities Act""; enact",PASSAGE,101,63,Pass,https://www.legis.ga.gov/legislation/70239
25426-70087,2025-03-31,SB 130,Health; medical education funding and the service cancelable loan program; expand,PASSAGE,155,7,Pass,https://www.legis.ga.gov/legislation/70087
25427-71301,2025-03-31,HB 756,Chatham Area Transit Authority; abolish current memberships; provide new board,Supplemental Local Calendar,167,0,Pass,https://www.legis.ga.gov/legislation/71301
25428-70340,2025-03-31,SB 170,Georgia Interagency Council for the Homeless; create,PASSAGE,165,3,Pass,https://www.legis.ga.gov/legislation/70340
25429-70531,2025-03-31,SB 213,"""Fair Business Practices Act of 1975"" commercial cheating services that target students and examinees seeking a professional license as an unlawful, unfair, and deceptive trade practice; ban",PASSAGE,155,7,Pass,https://www.legis.ga.gov/legislation/70531
25430-69497,2025-03-31,HB 123,Criminal procedure; pretrial proceedings in capital offense cases where the death penalty is sought when the accused has an intellectual disability; provide,Agree to Senate Substitute,150,3,Pass,https://www.legis.ga.gov/legislation/69497
25431-70673,2025-03-31,SB 241,Funeral Directors; organic human reduction as a means of disposing of deceased human bodies; provide,PASSAGE,157,4,Pass,https://www.legis.ga.gov/legislation/70673
25433-69274,2025-03-31,SB 1,'Fair and Safe Athletic Opportunities Act'; enact,PASSAGE,100,64,Pass,https://www.legis.ga.gov/legislation/69274
25435-69757,2025-03-31,SB 69,"""Georgia Courts Access and Consumer Protection Act""; enact",Agree to SAm to HSub,120,42,Pass,https://www.legis.ga.gov/legislation/69757
25436-70405,2025-03-31,SB 191,Employment Security; certain notice provisions relating to benefits and appeals; revise,PASSAGE,146,16,Pass,https://www.legis.ga.gov/legislation/70405
25439-71274,2025-03-31,HB 749,Carroll County; Board of Commissioners; chairperson and members; change annual salary,LOCAL CONSENT CALENDAR,49,0,Pass,https://www.legis.ga.gov/legislation/71274
25439-71275,2025-03-31,HB 750,Forsyth County; State Court; add a judge,LOCAL CONSENT CALENDAR,49,0,Pass,https://www.legis.ga.gov/legislation/71275
25439-71352,2025-03-31,HB 772,"Norcross, City of; ad valorem tax; raise homestead exemption amounts",LOCAL CONSENT CALENDAR,49,0,Pass,https://www.legis.ga.gov/legislation/71352
25439-71359,2025-03-31,HB 774,Dekalb County; Probate Court; authorize assessment and collection of a technology fee,LOCAL CONSENT CALENDAR,49,0,Pass,https://www.legis.ga.gov/legislation/71359
25439-71402,2025-03-31,HB 780,"Greensboro, City of; ad valorem tax for municipal purposes; provide homestead exemption",LOCAL CONSENT CALENDAR,49,0,Pass,https://www.legis.ga.gov/legislation/71402
25439-71403,2025-03-31,HB 781,Crawford County; Magistrate Court; authorize assessment and collection of a technology fee,LOCAL CONSENT CALENDAR,49,0,Pass,https://www.legis.ga.gov/legislation/71403
25439-71407,2025-03-31,HB 785,Crawford County; Probate Court; authorize assessment and collection of a technology fee,LOCAL CONSENT CALENDAR,49,0,Pass,https://www.legis.ga.gov/legislation/71407
25439-71409,2025-03-31,HB 787,"Chickamauga, City of; ad valorem tax for municipal purposes; provide homestead exemption",LOCAL CONSENT CALENDAR,49,0,Pass,https://www.legis.ga.gov/legislation/71409
25439-71410,2025-03-31,HB 788,Macon County; rename position of chief election official as chief election supervisor,LOCAL CONSENT CALENDAR,49,0,Pass,https://www.legis.ga.gov/legislation/71410
25439-71411,2025-03-31,HB 789,"Oglethorpe, City of; certain hearings of the governing authority; revise provisions",LOCAL CONSENT CALENDAR,49,0,Pass,https://www.legis.ga.gov/legislation/71411
25439-71412,2025-03-31,HB 790,Macon County; Probate Court; authorize assessment and collection of a technology fee,LOCAL CONSENT CALENDAR,49,0,Pass,https://www.legis.ga.gov/legislation/71412
25439-71413,2025-03-31,HB 791,Butts County; ad valorem tax; increase homestead exemption,LOCAL CONSENT CALENDAR,49,0,Pass,https://www.legis.ga.gov/legislation/71413
25439-71418,2025-03-31,HB 793,Home Ownership Municipal Exemption (H.O.M.E.) Act; enact,LOCAL CONSENT CALENDAR,49,0,Pass,https://www.legis.ga.gov/legislation/71418
25439-71419,2025-03-31,HB 794,Clayton County; Board of Commissioners; code of ethics and board of ethics; revise and update provisions,LOCAL CONSENT CALENDAR,49,0,Pass,https://www.legis.ga.gov/legislation/71419
25439-71422,2025-03-31,HB 797,Homelessness Prevention Act of Chatham County; enact,LOCAL CONSENT CALENDAR,49,0,Pass,https://www.legis.ga.gov/legislation/71422
25439-71429,2025-03-31,HB 798,"Spalding County; State Court; modernize, update, and readopt provisions",LOCAL CONSENT CALENDAR,49,0,Pass,https://www.legis.ga.gov/legislation/71429
25439-71605,2025-03-31,SB 356,Polk County; school district ad valorem taxes for educational purposes; provide homestead exemption,LOCAL CONSENT CALENDAR,49,0,Pass,https://www.legis.ga.gov/legislation/71605
25439-71629,2025-03-31,SB 358,DeKalb County; verification of ethics complaints; revise administrative procedures,LOCAL CONSENT CALENDAR,49,0,Pass,https://www.legis.ga.gov/legislation/71629
25439-71630,2025-03-31,SB 359,Henry County; Board of Commissioners; code of ethics; revise and restate provisions,LOCAL CONSENT CALENDAR,49,0,Pass,https://www.legis.ga.gov/legislation/71630
25441-69467,2025-03-31,HB 114,Motor vehicles; federal regulations regarding safe operation of commercial motor vehicle and carriers; update reference date,PASSAGE,52,0,Pass,https://www.legis.ga.gov/legislation/69467
25442-69469,2025-03-31,HB 116,"Public Safety, Department of; Motor Carrier Compliance Division to Commercial Vehicle Enforcement; change name",PASSAGE,51,0,Pass,https://www.legis.ga.gov/legislation/69469
25443-69537,2025-03-31,HB 137,Contracts; increase dollar value of certain public works contracts exempt from provisions relating to retention of contractual payments,PASSAGE,45,5,Pass,https://www.legis.ga.gov/legislation/69537
25445-69587,2025-03-31,HB 150,Combating Threats from China Act of 2025 - Higher Education; enact,PASSAGE BY SUBSTITUTE,32,19,Pass,https://www.legis.ga.gov/legislation/69587
25446-69715,2025-03-31,HB 199,Courts; protection of personally identifiable information of judges and their spouses; modify provisions,PASSAGE BY SUBSTITUTE,54,0,Pass,https://www.legis.ga.gov/legislation/69715
25448-69929,2025-03-31,HB 268,"Education; safety, health, and well-being of students and school communities; provide",PASSAGE BY SUBSTITUTE,45,9,Pass,https://www.legis.ga.gov/legislation/69929
25449-69956,2025-03-31,HB 288,Appeal and error; declaratory judgments in instances involving accusations made by a prosecuting attorney regarding credibility of a peace officer; provide,PASSAGE BY SUBSTITUTE,55,0,Pass,https://www.legis.ga.gov/legislation/69956
25450-70419,2025-03-31,HB 495,Education; Center for Rural Prosperity and Innovation; repeal; provide for Georgia Rural Development Council,PASSAGE,50,1,Pass,https://www.legis.ga.gov/legislation/70419
25451-69977,2025-03-31,HB 303,Original 33 Memorial Act; enact,PASSAGE,52,0,Pass,https://www.legis.ga.gov/legislation/69977
25452-69406,2025-03-31,HB 74,Georgia Lottery for Education Act; correct a reference; provisions,PASSAGE,51,0,Pass,https://www.legis.ga.gov/legislation/69406
25453-69447,2025-03-31,HB 94,"Insurance; medically necessary expenses for standard fertility preservation services when a medically necessary treatment for cancer, sickle cell disease, or lupus may directly or indirectly cause an impairment of fertility; require coverage",PASSAGE BY SUBSTITUTE,52,1,Pass,https://www.legis.ga.gov/legislation/69447
25454-69497,2025-03-31,HB 123,Criminal procedure; pretrial proceedings in capital offense cases where the death penalty is sought when the accused has an intellectual disability; provide,PASSAGE BY SUBSTITUTE,53,1,Pass,https://www.legis.ga.gov/legislation/69497
25455-69566,2025-03-31,HB 144,Income tax; certain medical preceptor rotations; revise tax credit,PASSAGE,48,5,Pass,https://www.legis.ga.gov/legislation/69566
25456-69590,2025-03-31,HB 153,Sales and use tax; maintenance and replacement parts for certain machinery used to mix or transport concrete; extend exemption sunset date,PASSAGE,44,7,Pass,https://www.legis.ga.gov/legislation/69590
25458-69592,2025-03-31,HB 155,Local government; selection and objection to arbitrators; revise procedures,PASSAGE BY SUBSTITUTE,54,0,Pass,https://www.legis.ga.gov/legislation/69592
25459-69273,2025-03-31,SR 7,State Highway System; dedicate certain portions,AGREE TO HOUSE SUBSTITUTE,50,0,Pass,https://www.legis.ga.gov/legislation/69273
25460-70237,2025-03-31,SB 147,"Correctional Institutions of State and Counties; consent for the release of certain criminal history, vocational, and educational information for inmates upon release; provide",AGREE TO HOUSE SUBSTITUTE,51,0,Pass,https://www.legis.ga.gov/legislation/70237
25461-69356,2025-03-31,HB 58,"Aviation; adoption of local ordinances, resolution, regulations, or policies that restrict the flight of unmanned aircraft systems over mass public gatherings; authorize",AGREE TO HOUSE AMENDMENT TO SENATE SUBSTITUTE AS AMENDED,12,41,Fail,https://www.legis.ga.gov/legislation/69356
25462-69356,2025-03-31,HB 58,"Aviation; adoption of local ordinances, resolution, regulations, or policies that restrict the flight of unmanned aircraft systems over mass public gatherings; authorize",AGREE TO HOUSE AMENDMENT TO SENATE SUBSTITUTE,54,0,Pass,https://www.legis.ga.gov/legislation/69356
25463-70246,2025-03-31,SB 154,United States Department of Education; references from the Official Code of Georgia Annotated; revise or remove,AGREE TO HOUSE SUBSTITUTE,44,8,Pass,https://www.legis.ga.gov/legislation/70246
25464-69931,2025-03-31,HB 270,Eviction Service and Airplane Evictions Act; enact,PASSAGE,49,0,Pass,https://www.legis.ga.gov/legislation/69931
25465-69749,2025-03-31,HB 216,Richard H. Smith Georgia CHIPS Advancement in Research and Economic Development Act; enact,PASSAGE,50,2,Pass,https://www.legis.ga.gov/legislation/69749
25466-69279,2025-03-31,HR 7,"George C. Trulock, Jr. Memorial Highway; Grady County; dedicate",ADOPTION BY SUBSTITUTE,49,0,Pass,https://www.legis.ga.gov/legislation/69279
25467-70484,2025-03-31,HB 511,Insurance; deductions from taxable income for contributions by taxpayers to catastrophe savings accounts and interest earned on such accounts; provide,PASSAGE,54,0,Pass,https://www.legis.ga.gov/legislation/70484
25468-70056,2025-03-31,HB 327,Official Code of Georgia Annotated; amend various titles,PASSAGE,49,0,Pass,https://www.legis.ga.gov/legislation/70056
25469-70175,2025-03-31,SB 141,Revenue and Taxation; the appeal and protest period from 30 days to 45 days for tax assessments; extend,AGREE TO HOUSE SUBSTITUTE,47,6,Pass,https://www.legis.ga.gov/legislation/70175
25470-70106,2025-03-31,SB 140,Optometrists; doctors of optometry to dispense and sell pharmaceutical agents to patients under certain conditions; provide,AGREE TO HOUSE SUBSTITUTE,52,0,Pass,https://www.legis.ga.gov/legislation/70106
25471-70041,2025-03-31,SB 121,Uninsured Motorist Coverage; minimum required under motor vehicle liability policies for a individual convicted of driving under the influence or reckless driving; increase,AGREE TO HOUSE SUBSTITUTE,51,2,Pass,https://www.legis.ga.gov/legislation/70041
25472-69274,2025-03-31,SB 1,'Fair and Safe Athletic Opportunities Act'; enact,AGREE TO HOUSE SUBSTITUTE AS AMENDED,17,37,Fail,https://www.legis.ga.gov/legislation/69274
25473-69274,2025-03-31,SB 1,'Fair and Safe Athletic Opportunities Act'; enact,AGREE TO HOUSE SUBSTITUTE,34,20,Pass,https://www.legis.ga.gov/legislation/69274
25474-70257,2025-03-31,HB 416,Local government; enterprise zones; revise class of retailer from which fees may be collected,PASSAGE,47,8,Pass,https://www.legis.ga.gov/legislation/70257
25475-70033,2025-03-31,HB 322,"Ga. Board of Dentistry; issuance of a dental or dental hygiene license for the sole purpose of teaching in an accredited dental, dental hygiene school, or academic medical center; revise provisions",PASSAGE,52,0,Pass,https://www.legis.ga.gov/legislation/70033
25476-70120,2025-03-31,HB 358,Agriculture; prohibiting acquisition of possessory interest in certain land by certain foreign persons and entities; provide for a definition,PASSAGE,35,20,Pass,https://www.legis.ga.gov/legislation/70120
25477-69731,2025-03-31,HR 121,John W. Mixon Georgia Forestry Building; Dry Branch Community; dedicate,ADOPTION,54,0,Pass,https://www.legis.ga.gov/legislation/69731
25478-69845,2025-03-31,HB 240,Mortgage lenders and brokers; prohibit unfair or deceptive practices in consumer transactions related to mortgage trigger leads,PASSAGE,51,1,Pass,https://www.legis.ga.gov/legislation/69845
25479-70591,2025-04-02,SR 231,Officer Jeremy Labonte Memorial Interchange; Fulton County; dedicate,ADOPT,163,0,Pass,https://www.legis.ga.gov/legislation/70591
25480-69447,2025-04-02,HB 94,"Insurance; medically necessary expenses for standard fertility preservation services when a medically necessary treatment for cancer, sickle cell disease, or lupus may directly or indirectly cause an impairment of fertility; require coverage",Agree to Senate Substitute,162,3,Pass,https://www.legis.ga.gov/legislation/69447
25481-69579,2025-04-02,SB 46,"""Government Serves the People Act""; enact",PASSAGE,128,35,Pass,https://www.legis.ga.gov/legislation/69579
25482-71262,2025-04-02,SB 328,State Court of Henry County; additional judge; provide,Local Calendar,168,0,Pass,https://www.legis.ga.gov/legislation/71262
25482-71263,2025-04-02,SB 329,Flint Judicial Circuit; chief judge; annual stipend in addition to county compensation to superior court judges; provide,Local Calendar,168,0,Pass,https://www.legis.ga.gov/legislation/71263
25482-71391,2025-04-02,SB 340,City of Tybee Island; selection of a mayor pro tem; provide,Local Calendar,168,0,Pass,https://www.legis.ga.gov/legislation/71391
25482-71478,2025-04-02,SB 344,Probate Court of Crawford County; assessment and collection of a technology fee; authorize,Local Calendar,168,0,Pass,https://www.legis.ga.gov/legislation/71478
25482-71479,2025-04-02,SB 345,Magistrate Court of Crawford County;  the assessment and collection of a technology fee; authorize,Local Calendar,168,0,Pass,https://www.legis.ga.gov/legislation/71479
25482-71481,2025-04-02,SB 347,Brunswick and Glynn County Development Authority; method of appointing the membership; change,Local Calendar,168,0,Pass,https://www.legis.ga.gov/legislation/71481
25483-69535,2025-04-02,HB 136,Income tax; contributions to foster child support organizations; expand tax credit,Agree to Senate Sub as Am,163,4,Pass,https://www.legis.ga.gov/legislation/69535
25484-69592,2025-04-02,HB 155,Local government; selection and objection to arbitrators; revise procedures,Agree to Senate Sub as Am,130,35,Pass,https://www.legis.ga.gov/legislation/69592
25485-69661,2025-04-02,HB 182,Life insurance; excluding or restricting liability for certain deaths occurring while an individual is an active duty service member; prohibit,Agree to Senate Sub as Am,166,2,Pass,https://www.legis.ga.gov/legislation/69661
25486-70088,2025-04-02,SB 132,Insanity and Mental Incapacity; hearing before a court orders an evaluation of the mental competency of an accused person to stand trial; require,PASSAGE,142,24,Pass,https://www.legis.ga.gov/legislation/70088
25487-70386,2025-04-02,SB 185,Correctional Institutions of State and Counties; use of state funds or resources for certain treatments for state inmates; prohibit,PASSAGE,100,2,Pass,https://www.legis.ga.gov/legislation/70386
25488-69280,2025-04-02,SB 5,Private Review Agents; health insurers to implement and maintain a program that allows for the selective application of reductions in prior authorization requirements; provide,PASSAGE,169,2,Pass,https://www.legis.ga.gov/legislation/69280
25489-70712,2025-04-02,SB 244,Criminal Proceedings; the award of reasonable attorney's fees and costs in a criminal case to the defendant upon such defendant making a successful motion to disqualify the prosecuting attorney for misconduct in connection with the case; provide,PASSAGE,103,61,Pass,https://www.legis.ga.gov/legislation/70712
25490-69575,2025-04-02,SB 40,"Secondary Metals Recyclers; the definition of the term ""used, detached catalytic converters"" to said article;  provide for applicability",Agree to SAm to HSub,91,63,Pass,https://www.legis.ga.gov/legislation/69575
25491-70797,2025-04-02,SB 259,Juvenile Code; certain procedures to be followed when there is a determination of suspected child abuse or neglect; provide,PASSAGE,163,0,Pass,https://www.legis.ga.gov/legislation/70797
25492-70916,2025-04-02,SB 291,"Special License Plates; establish an ""America First"" specialty license plate",PASSAGE,95,68,Pass,https://www.legis.ga.gov/legislation/70916
25493-69324,2025-04-02,SR 8,Deputy Brandon Cunningham Memorial Intersection; Paulding County; dedicate,ADOPT,168,0,Pass,https://www.legis.ga.gov/legislation/69324
25494-69393,2025-04-02,SB 17,"""Ricky and Alyssa's Law""; enact",PASSAGE,171,0,Pass,https://www.legis.ga.gov/legislation/69393
25495-70079,2025-04-02,SB 125,Professional Engineers and Land Surveyors; decouple the sequential order of experience and examination requirements,PASSAGE,104,61,Pass,https://www.legis.ga.gov/legislation/70079
25496-70658,2025-04-02,HB 575,"Transportation, Department of; authorize notice of certain public hearings by electronic publication",Agree to Senate Substitute,167,1,Pass,https://www.legis.ga.gov/legislation/70658
25497-70341,2025-04-02,SB 173,Pleadings and Motions; movants to file notices of uncontested motions in superior courts and state courts; authorize,PASSAGE,168,0,Pass,https://www.legis.ga.gov/legislation/70341
25498-71664,2025-04-02,HB 862,Fulton County; fix salary of sheriff,Supplemental Local Calendar,63,88,Fail,https://www.legis.ga.gov/legislation/71664
25500-69556,2025-04-02,SB 36,"""Georgia Religious Freedom Restoration Act""; enact",PASSAGE,96,70,Pass,https://www.legis.ga.gov/legislation/69556
25501-69412,2025-04-02,SB 20,Veterinarians; student loan repayment; who practice shelter medicine and in nonprofit pet sterilization clinics; provide; create the State Veterinary Education Board for Shelter Medicine and Pet Sterilization,PASSAGE,160,5,Pass,https://www.legis.ga.gov/legislation/69412
25502-70787,2025-04-02,SB 255,General Assembly; authorization of statutory investigatory powers to certain committees of the General Assembly; codify a process,PASSAGE,91,67,Pass,https://www.legis.ga.gov/legislation/70787
25504-69503,2025-04-02,HB 129,Ad valorem tax; bona fide conservation use property; remove a limitation on leased property as to certain entities ,Agree to Senate Substitute,149,13,Pass,https://www.legis.ga.gov/legislation/69503
25505-69936,2025-04-02,SB 100,"""Andee's Law""; enact",PASSAGE,145,14,Pass,https://www.legis.ga.gov/legislation/69936
25506-70090,2025-04-02,SB 131,Georgia Board of Health Care Workforce; Georgia Health Care Professionals Data System; establishment,PASSAGE,166,3,Pass,https://www.legis.ga.gov/legislation/70090
25509-71408,2025-04-02,HB 786,Dodge County Building and Public Facilities Authority Act; enact,LOCAL CONSENT CALENDAR,51,0,Pass,https://www.legis.ga.gov/legislation/71408
25509-71484,2025-04-02,HB 799,Long County; Board of Education; provide compensation for members,LOCAL CONSENT CALENDAR,51,0,Pass,https://www.legis.ga.gov/legislation/71484
25509-71486,2025-04-02,HB 801,Long County; Board of Commissioners; revise powers of chairperson,LOCAL CONSENT CALENDAR,51,0,Pass,https://www.legis.ga.gov/legislation/71486
25509-71487,2025-04-02,HB 802,"Cedartown, City of; Redevelopment Powers Law; provide for a referendum",LOCAL CONSENT CALENDAR,51,0,Pass,https://www.legis.ga.gov/legislation/71487
25509-71488,2025-04-02,HB 803,"Dublin, City of; school district ad valorem tax; provide homestead exemption",LOCAL CONSENT CALENDAR,51,0,Pass,https://www.legis.ga.gov/legislation/71488
25509-71490,2025-04-02,HB 805,"Dublin, City of; school district ad valorem tax; provide homestead exemption",LOCAL CONSENT CALENDAR,51,0,Pass,https://www.legis.ga.gov/legislation/71490
25509-71491,2025-04-02,HB 806,Oglethorpe County; school district ad valorem tax; provide homestead exemption,LOCAL CONSENT CALENDAR,51,0,Pass,https://www.legis.ga.gov/legislation/71491
25509-71500,2025-04-02,HB 807,"Woodstock, City of; ad valorem tax; extend homestead exemption to surviving spouses",LOCAL CONSENT CALENDAR,51,0,Pass,https://www.legis.ga.gov/legislation/71500
25509-71555,2025-04-02,HB 816,Greene County Public Facilities Authority Act; enact,LOCAL CONSENT CALENDAR,51,0,Pass,https://www.legis.ga.gov/legislation/71555
25509-71641,2025-04-02,HB 839,Jackson County; board of commissioners; filling vacancies; revise provisions,LOCAL CONSENT CALENDAR,51,0,Pass,https://www.legis.ga.gov/legislation/71641
25509-71647,2025-04-02,HB 845,Cherokee County; Board of Education; require an internal audit function and establish position of internal auditor,LOCAL CONSENT CALENDAR,51,0,Pass,https://www.legis.ga.gov/legislation/71647
25509-71648,2025-04-02,HB 846,Cherokee County; ad valorem tax; provide homestead exemption,LOCAL CONSENT CALENDAR,51,0,Pass,https://www.legis.ga.gov/legislation/71648
25512-70642,2025-04-02,SR 237,Professional Standards Commission; provide recommendations to support the state's K-12 education workforce and teacher and school leader pipeline; urge,ADOPTION BY SUBSTITUTE,53,0,Pass,https://www.legis.ga.gov/legislation/70642
25513-69333,2025-04-02,HB 37,Education; require local school systems to notify employees regarding social security withholdings and eligibility for certain benefits,PASSAGE BY SUBSTITUTE,52,1,Pass,https://www.legis.ga.gov/legislation/69333
25514-69463,2025-04-02,HB 105,Public officers and employees; increase indemnification award of certain state public school personnel in the event of death,PASSAGE BY SUBSTITUTE,51,0,Pass,https://www.legis.ga.gov/legislation/69463
25515-69503,2025-04-02,HB 129,Ad valorem tax; bona fide conservation use property; remove a limitation on leased property as to certain entities ,PASSAGE BY SUBSTITUTE,44,9,Pass,https://www.legis.ga.gov/legislation/69503
25516-70326,2025-04-02,HB 454,Vince Dooley Battlefield Trust Fund Act; enact,PASSAGE,47,0,Pass,https://www.legis.ga.gov/legislation/70326
25517-70486,2025-04-02,HB 513,Local government; criteria for service delivery strategy; revise provisions,PASSAGE BY SUBSTITUTE,50,2,Pass,https://www.legis.ga.gov/legislation/70486
25518-69658,2025-04-02,HB 179,Appellate practice; digital recording of certain trial proceedings; provide,PASSAGE BY SUBSTITUTE,52,0,Pass,https://www.legis.ga.gov/legislation/69658
25519-69659,2025-04-02,HB 180,Probate courts; modify certain requirements for probate judges,PASSAGE,48,2,Pass,https://www.legis.ga.gov/legislation/69659
25520-70515,2025-04-02,HB 532,Conservation and natural resources; grants and special revenue disbursements; revise provisions,PASSAGE,44,5,Pass,https://www.legis.ga.gov/legislation/70515
25521-70036,2025-04-02,HB 325,Domestic relations; Protective Order Registry; revise certain definitions,PASSAGE,52,0,Pass,https://www.legis.ga.gov/legislation/70036
25522-70198,2025-04-02,HB 397,Elections; allow municipalities to opt in to providing advance voting on Saturdays for municipal elections,PASSAGE BY SUBSTITUTE,33,23,Pass,https://www.legis.ga.gov/legislation/70198
25523-70199,2025-04-02,HB 398,"Food, drugs, and cosmetics; authorize production and sale of cottage food items with certain exemptions, requirements, and disclosures",PASSAGE,54,2,Pass,https://www.legis.ga.gov/legislation/70199
25524-70133,2025-04-02,HB 371,Quality Basic Education Act; state's maximum authorization of capital outlay funding; provide for an increase,PASSAGE BY SUBSTITUTE,50,4,Pass,https://www.legis.ga.gov/legislation/70133
25525-70548,2025-04-02,SB 214,Elections and Primaries; electors to cast physical absentee on-request ballots as an alternative to using other authorized means of casting in-person votes; authorize,PASSAGE BY SUBSTITUTE,33,23,Pass,https://www.legis.ga.gov/legislation/70548
25527-69352,2025-04-02,HB 54,Health; advanced practice registered nurses and physician assistants to order home healthcare services; authorize,PASSAGE BY SUBSTITUTE,54,1,Pass,https://www.legis.ga.gov/legislation/69352
25528-71301,2025-04-02,HB 756,Chatham Area Transit Authority; abolish current memberships; provide new board,SUPPLEMENTAL LOCAL CONSENT CALENDAR,55,1,Pass,https://www.legis.ga.gov/legislation/71301
25528-71348,2025-04-02,HB 768,Gwinnett County; State Court; supplement for chief judge; provide,SUPPLEMENTAL LOCAL CONSENT CALENDAR,55,1,Pass,https://www.legis.ga.gov/legislation/71348
25528-71349,2025-04-02,HB 769,Gwinnett Judicial Circuit; salary supplements for judges; change provisions,SUPPLEMENTAL LOCAL CONSENT CALENDAR,55,1,Pass,https://www.legis.ga.gov/legislation/71349
25528-71350,2025-04-02,HB 770,Gwinnett Judicial Circuit; additional supplement for chief judge; provide,SUPPLEMENTAL LOCAL CONSENT CALENDAR,55,1,Pass,https://www.legis.ga.gov/legislation/71350
25528-71400,2025-04-02,HB 778,Upson County; Magistrate Court; authorize assessment and collection of a technology fee,SUPPLEMENTAL LOCAL CONSENT CALENDAR,55,1,Pass,https://www.legis.ga.gov/legislation/71400
25528-71550,2025-04-02,HB 811,Lowndes County; school district ad valorem tax; provide homestead exemption,SUPPLEMENTAL LOCAL CONSENT CALENDAR,55,1,Pass,https://www.legis.ga.gov/legislation/71550
25528-71552,2025-04-02,HB 813,Lowndes County; school district ad valorem tax; provide homestead exemption,SUPPLEMENTAL LOCAL CONSENT CALENDAR,55,1,Pass,https://www.legis.ga.gov/legislation/71552
25528-71553,2025-04-02,HB 814,Lowndes County; ad valorem tax for county purposes; provide homestead exemption,SUPPLEMENTAL LOCAL CONSENT CALENDAR,55,1,Pass,https://www.legis.ga.gov/legislation/71553
25528-71554,2025-04-02,HB 815,Lowndes County; ad valorem tax for county purposes; provide homestead exemption,SUPPLEMENTAL LOCAL CONSENT CALENDAR,55,1,Pass,https://www.legis.ga.gov/legislation/71554
25528-71606,2025-04-02,HB 823,Dawson County; ad valorem tax; homestead exemption; revise definition of senior citizen,SUPPLEMENTAL LOCAL CONSENT CALENDAR,55,1,Pass,https://www.legis.ga.gov/legislation/71606
25528-71607,2025-04-02,HB 824,Dawson County; ad valorem tax; close new applications for certain homestead exemptions for senior citizens,SUPPLEMENTAL LOCAL CONSENT CALENDAR,55,1,Pass,https://www.legis.ga.gov/legislation/71607
25528-71633,2025-04-02,HB 832,Paulding County; school district ad valorem tax; provide homestead exemption,SUPPLEMENTAL LOCAL CONSENT CALENDAR,55,1,Pass,https://www.legis.ga.gov/legislation/71633
25528-71635,2025-04-02,HB 834,"Cedartown, City of; Redevelopment Powers Law; provide for a referendum",SUPPLEMENTAL LOCAL CONSENT CALENDAR,55,1,Pass,https://www.legis.ga.gov/legislation/71635
25528-71636,2025-04-02,HB 835,"Dalton, City of; school district ad valorem tax; increase homestead exemption",SUPPLEMENTAL LOCAL CONSENT CALENDAR,55,1,Pass,https://www.legis.ga.gov/legislation/71636
25528-71639,2025-04-02,HB 837,Richmond County; Probate Court; authorize assessment and collection of a technology fee,SUPPLEMENTAL LOCAL CONSENT CALENDAR,55,1,Pass,https://www.legis.ga.gov/legislation/71639
25528-71642,2025-04-02,HB 840,Pickens County Airport Authority; repeal Act,SUPPLEMENTAL LOCAL CONSENT CALENDAR,55,1,Pass,https://www.legis.ga.gov/legislation/71642
25528-71643,2025-04-02,HB 841,Pickens County; school district ad valorem tax; provide homestead exemption,SUPPLEMENTAL LOCAL CONSENT CALENDAR,55,1,Pass,https://www.legis.ga.gov/legislation/71643
25528-71644,2025-04-02,HB 842,Whitfield County; ad valorem tax; revise homestead exemption amount,SUPPLEMENTAL LOCAL CONSENT CALENDAR,55,1,Pass,https://www.legis.ga.gov/legislation/71644
25528-71645,2025-04-02,HB 843,"Dalton, City of; ad valorem tax for municipal purposes; increase homestead exemption",SUPPLEMENTAL LOCAL CONSENT CALENDAR,55,1,Pass,https://www.legis.ga.gov/legislation/71645
25528-71646,2025-04-02,HB 844,Whitfield County; School District ad valorem tax; revise homestead exemption amount,SUPPLEMENTAL LOCAL CONSENT CALENDAR,55,1,Pass,https://www.legis.ga.gov/legislation/71646
25528-71650,2025-04-02,HB 848,Polk County; school district ad valorem tax; provide homestead exemption,SUPPLEMENTAL LOCAL CONSENT CALENDAR,55,1,Pass,https://www.legis.ga.gov/legislation/71650
25528-71652,2025-04-02,HB 850,Augusta-Richmond County; ad valorem tax; provide homestead exemption,SUPPLEMENTAL LOCAL CONSENT CALENDAR,55,1,Pass,https://www.legis.ga.gov/legislation/71652
25528-71655,2025-04-02,HB 853,"Tunnel Hill, City of; ad valorem tax for municipal purposes; provide new homestead exemption",SUPPLEMENTAL LOCAL CONSENT CALENDAR,55,1,Pass,https://www.legis.ga.gov/legislation/71655
25528-71656,2025-04-02,HB 854,"Cohutta, City of; ad valorem tax for municipal purposes; increase homestead exemption",SUPPLEMENTAL LOCAL CONSENT CALENDAR,55,1,Pass,https://www.legis.ga.gov/legislation/71656
25528-71657,2025-04-02,HB 855,"Thomasville, City of; excise tax; expenditure of certain proceeds; revise provisions",SUPPLEMENTAL LOCAL CONSENT CALENDAR,55,1,Pass,https://www.legis.ga.gov/legislation/71657
25528-71658,2025-04-02,HB 856,Brooks County Development Authority; appointment of members; revise provisions,SUPPLEMENTAL LOCAL CONSENT CALENDAR,55,1,Pass,https://www.legis.ga.gov/legislation/71658
25528-71661,2025-04-02,HB 859,"Cartersville, City of; independent school district ad valorem tax; provide homestead exemption",SUPPLEMENTAL LOCAL CONSENT CALENDAR,55,1,Pass,https://www.legis.ga.gov/legislation/71661
25528-71663,2025-04-02,HB 861,"Calhoun, City of; school district ad valorem tax; increase homestead exemption for certain residents",SUPPLEMENTAL LOCAL CONSENT CALENDAR,55,1,Pass,https://www.legis.ga.gov/legislation/71663
25528-71793,2025-04-02,HB 869,Bartow County; joint airport authority; legislative delegation to appoint a member; provide,SUPPLEMENTAL LOCAL CONSENT CALENDAR,55,1,Pass,https://www.legis.ga.gov/legislation/71793
25528-71794,2025-04-02,HB 870,Clayton County; ad valorem tax for county purposes; provide homestead exemption,SUPPLEMENTAL LOCAL CONSENT CALENDAR,55,1,Pass,https://www.legis.ga.gov/legislation/71794
25529-69294,2025-04-02,HB 14,State symbols; cornbread as official state bread; designate,PASSAGE BY SUBSTITUTE,47,9,Pass,https://www.legis.ga.gov/legislation/69294
25531-69838,2025-04-02,HB 233,State symbols; Brunswick stew as the official state stew; designate,PASSAGE BY SUBSTITUTE,52,1,Pass,https://www.legis.ga.gov/legislation/69838
25532-70695,2025-04-02,HB 586,Revenue and taxation; intangible recording tax; revise notes ,PASSAGE BY SUBSTITUTE,55,1,Pass,https://www.legis.ga.gov/legislation/70695
25534-70844,2025-04-02,HB 645,Health; COVID-19 testing of staff members in long term-care facilities; repeal certain provisions,PASSAGE AS AMENDED,52,2,Pass,https://www.legis.ga.gov/legislation/70844
25535-70670,2025-04-02,HB 582,Georgia Survivor Justice Act; enact,PASSAGE BY SUBSTITUTE,53,1,Pass,https://www.legis.ga.gov/legislation/70670
25536-70647,2025-04-02,HB 567,Professions and businesses; authorize and regulate teledentistry by licensed dentists,PASSAGE BY SUBSTITUTE,52,1,Pass,https://www.legis.ga.gov/legislation/70647
25538-69332,2025-04-02,HB 36,Guardian and ward; revise list of providers who are authorized to participate in the processes for appointment of a guardian for an adult,PASSAGE BY SUBSTITUTE,49,4,Pass,https://www.legis.ga.gov/legislation/69332
25539-69570,2025-04-02,HB 148,Public Accountancy Act of 2025; enact,PASSAGE,52,0,Pass,https://www.legis.ga.gov/legislation/69570
25540-69926,2025-04-02,HB 266,Income tax; exempt income received as personal compensation for full-time duty in the active military service of the United States,AGREE TO HOUSE AMENDMENT TO SENATE SUBSTITUTE AS AMENDED,52,0,Pass,https://www.legis.ga.gov/legislation/69926
25541-70720,2025-04-02,SB 245,Grandparents; include within the category of persons who may seek to revoke or amend an existing grandparent visitation order,AGREE TO HOUSE SUBSTITUTE,52,0,Pass,https://www.legis.ga.gov/legislation/70720
25542-70588,2025-04-02,HB 551,"Motor vehicles; conditions, procedures, and limitations for issuance of temporary operating permits; provide",AGREE TO HOUSE AMENDMENT TO SENATE SUBSTITUTE,50,3,Pass,https://www.legis.ga.gov/legislation/70588
25543-69575,2025-04-02,SB 40,"Secondary Metals Recyclers; the definition of the term ""used, detached catalytic converters"" to said article;  provide for applicability",AGREE TO HOUSE SUBSTITUTE AS AMENDED,49,4,Pass,https://www.legis.ga.gov/legislation/69575
25544-70528,2025-04-02,SB 212,"""Quality Basic Education Act""; disclosure of public student directory information to political candidates or persons or groups acting on their behalf; prohibit",AGREE TO HOUSE SUBSTITUTE,53,0,Pass,https://www.legis.ga.gov/legislation/70528
25545-69900,2025-04-02,SB 93,"""Georgia Early Literacy Act""; the three-cuing system from inclusion in high-quality instructional materials or structured literacy; prohibit",AGREE TO HOUSE SUBSTITUTE,55,0,Pass,https://www.legis.ga.gov/legislation/69900
25548-70019,2025-04-02,HB 308,Motor vehicles; operation of miniature on-road vehicles on certain highways; provide,PASSAGE AS AMENDED,47,6,Pass,https://www.legis.ga.gov/legislation/70019
25549-70069,2025-04-02,HB 339,Motor vehicles; exempt ride share drivers or ride share network services from definition of motor carrier,PASSAGE,46,7,Pass,https://www.legis.ga.gov/legislation/70069
25550-69866,2025-04-02,HB 253,"Ethan's Law; enact
",PASSAGE BY SUBSTITUTE,55,0,Pass,https://www.legis.ga.gov/legislation/69866
25552-70415,2025-04-02,HB 491,Game and fish; remove an exception for use of air guns to hunt wildlife,PASSAGE AS AMENDED,52,3,Pass,https://www.legis.ga.gov/legislation/70415
25553-69655,2025-04-02,HB 176,Appeal and error; judgments deemed directly appealable; change a provision,PASSAGE,51,0,Pass,https://www.legis.ga.gov/legislation/69655
25554-70132,2025-04-02,HB 370,Ad valorem tax; school districts; state-wide base year homestead exemption; provisions,PASSAGE BY SUBSTITUTE,43,11,Pass,https://www.legis.ga.gov/legislation/70132
25555-69410,2025-04-02,HB 78,Employees' Retirement System of Georgia; total percentage of funds invested in alternative investments; raise limit,PASSAGE,35,18,Pass,https://www.legis.ga.gov/legislation/69410
25556-69529,2025-04-02,HB 131,Self-service storage facilities; revise advertisement requirements before an owner can enforce an owner's lien,PASSAGE BY SUBSTITUTE,54,0,Pass,https://www.legis.ga.gov/legislation/69529
25557-70807,2025-04-02,HB 630,State Board of Registration; remove used car division and the used parts division; provisions,PASSAGE BY SUBSTITUTE,52,1,Pass,https://www.legis.ga.gov/legislation/70807
25558-70813,2025-04-02,HB 635,State Licensing Board for Residential and Commercial General Contractors; revise provisions,PASSAGE,53,1,Pass,https://www.legis.ga.gov/legislation/70813
25559-69656,2025-04-02,HB 177,Domestic relations; protection for household pets in both family violence and dating violence protective orders; provide,PASSAGE,52,1,Pass,https://www.legis.ga.gov/legislation/69656
25560-69593,2025-04-02,HB 156,"Transportation, Department of; authority over vertiports; provide",PASSAGE AS AMENDED,53,0,Pass,https://www.legis.ga.gov/legislation/69593
25561-69713,2025-04-02,HB 197,Insurance; health care provider to respond to a private review agent or utility review entity's attempt to discuss the patient's care; detail the effort,PASSAGE BY SUBSTITUTE,53,0,Pass,https://www.legis.ga.gov/legislation/69713
25570-69501,2025-04-02,HB 127,Education; number of accumulated sick leave days for teachers and other school personnel; increase from three to five,PASSAGE BY SUBSTITUTE,33,21,Pass,https://www.legis.ga.gov/legislation/69501
25572-70415,2025-04-04,HB 491,Game and fish; remove an exception for use of air guns to hunt wildlife,Agree to Senate Am as Amended by House,170,0,Pass,https://www.legis.ga.gov/legislation/70415
25573-70670,2025-04-04,HB 582,Georgia Survivor Justice Act; enact,Agree to Senate Substitute,164,0,Pass,https://www.legis.ga.gov/legislation/70670
25574-69368,2025-04-04,SB 10,Superior Courts of the Alapaha Judicial Circuit; additional judge; provide,PASSAGE,161,7,Pass,https://www.legis.ga.gov/legislation/69368
25575-71299,2025-04-04,SB 330,City of Atlanta; independent school district ad valorem for educational purposes; provide homestead exemption,Supplemental Local Calendar,150,7,Pass,https://www.legis.ga.gov/legislation/71299
25576-70851,2025-04-04,HB 652,Motor fuel tax; electricity delivered by certain electric vehicle charging stations; provide exception ,Agree to Senate Substitute,163,0,Pass,https://www.legis.ga.gov/legislation/70851
25578-70133,2025-04-04,HB 371,Quality Basic Education Act; state's maximum authorization of capital outlay funding; provide for an increase,Agree to Senate Substitute,168,3,Pass,https://www.legis.ga.gov/legislation/70133
25579-70132,2025-04-04,HB 370,Ad valorem tax; school districts; state-wide base year homestead exemption; provisions,Agree to Senate Sub as Amended by House,141,31,Pass,https://www.legis.ga.gov/legislation/70132
25580-69279,2025-04-04,HR 7,"George C. Trulock, Jr. Memorial Highway; Grady County; dedicate",Agree to Senate Sub as Amended by House,166,0,Pass,https://www.legis.ga.gov/legislation/69279
25581-69970,2025-04-04,HB 296,Motor vehicles; presentation of a driver's license in a certain electronic format; provisions,Agree to Senate Amendment,163,3,Pass,https://www.legis.ga.gov/legislation/69970
25582-69926,2025-04-04,HB 266,Income tax; exempt income received as personal compensation for full-time duty in the active military service of the United States,Agree to Senate Amend to HAm to SSub,167,0,Pass,https://www.legis.ga.gov/legislation/69926
25583-70659,2025-04-04,HR 347,Georgia high schools; establish flag football programs for girls; urge,ADOPT,172,0,Pass,https://www.legis.ga.gov/legislation/70659
25584-69529,2025-04-04,HB 131,Self-service storage facilities; revise advertisement requirements before an owner can enforce an owner's lien,Agree to Senate Substitute,163,1,Pass,https://www.legis.ga.gov/legislation/69529
25585-69713,2025-04-04,HB 197,Insurance; health care provider to respond to a private review agent or utility review entity's attempt to discuss the patient's care; detail the effort,Agree to Senate Substitute,162,0,Pass,https://www.legis.ga.gov/legislation/69713
25586-70807,2025-04-04,HB 630,State Board of Registration; remove used car division and the used parts division; provisions,Agree to Senate Substitute,173,1,Pass,https://www.legis.ga.gov/legislation/70807
25587-70540,2025-04-04,SB 218,Prosecuting Attorneys Qualifications Commission; shall be assigned for administrative purposes only to the Administrative Office of the Courts; provide,PASSAGE,149,18,Pass,https://www.legis.ga.gov/legislation/70540
25588-69866,2025-04-04,HB 253,"Ethan's Law; enact
",Agree to Senate Sub as Amended by House,146,15,Pass,https://www.legis.ga.gov/legislation/69866
25589-69332,2025-04-04,HB 36,Guardian and ward; revise list of providers who are authorized to participate in the processes for appointment of a guardian for an adult,Agree to Senate Substitute,165,2,Pass,https://www.legis.ga.gov/legislation/69332
25590-69463,2025-04-04,HB 105,Public officers and employees; increase indemnification award of certain state public school personnel in the event of death,Agree to Senate Substitute,164,0,Pass,https://www.legis.ga.gov/legislation/69463
25591-70476,2025-04-04,SB 204,"Criminal Procedure; offenses that are not serious violent felonies, sexual felonies, or other certain offenses to be charged by accusation of the district attorney; allow",PASSAGE,99,74,Pass,https://www.legis.ga.gov/legislation/70476
25593-69587,2025-04-04,HB 150,Combating Threats from China Act of 2025 - Higher Education; enact,Agree to Senate Substitute,98,64,Pass,https://www.legis.ga.gov/legislation/69587
25594-69838,2025-04-04,HB 233,State symbols; Brunswick stew as the official state stew; designate,Agree to Senate Substitute,113,51,Pass,https://www.legis.ga.gov/legislation/69838
25595-70650,2025-04-04,SB 234,City of Dalton; independent school district ad valorem taxes for educational purposes; provide a homestead exemption,Local Calendar,112,59,Pass,https://www.legis.ga.gov/legislation/70650
25595-70651,2025-04-04,SB 235,Whitfield County; school district ad valorem taxes for educational purposes; provide a homestead exemption,Local Calendar,112,59,Pass,https://www.legis.ga.gov/legislation/70651
25595-71339,2025-04-04,SB 332,County Board of Education of DeKalb County; board members shall only be elected by electors of the DeKalb County school district; provide,Local Calendar,112,59,Pass,https://www.legis.ga.gov/legislation/71339
25595-71343,2025-04-04,SB 336,Dade County; school district ad valorem taxes; homestead exemption,Local Calendar,112,59,Pass,https://www.legis.ga.gov/legislation/71343
25595-71942,2025-04-04,HB 896,Hall County; levy an excise tax,Local Calendar,112,59,Pass,https://www.legis.ga.gov/legislation/71942
25596-69658,2025-04-04,HB 179,Appellate practice; digital recording of certain trial proceedings; provide,Agree to Senate Substitute,167,0,Pass,https://www.legis.ga.gov/legislation/69658
25597-69352,2025-04-04,HB 54,Health; advanced practice registered nurses and physician assistants to order home healthcare services; authorize,Agree to Senate Sub as Amend by House,157,0,Pass,https://www.legis.ga.gov/legislation/69352
25598-70200,2025-04-04,HB 399,Property; require certain residential landlords to have in-state staff to manage tenant communications,Agree to Senate Substitute,159,5,Pass,https://www.legis.ga.gov/legislation/70200
25599-70844,2025-04-04,HB 645,Health; COVID-19 testing of staff members in long term-care facilities; repeal certain provisions,Agree to Senate Amendment,166,0,Pass,https://www.legis.ga.gov/legislation/70844
25600-70122,2025-04-04,HB 360,Revenue and taxation; rehabilitation of historic structures; revise tax credit,Agree to Senate Amendment,158,5,Pass,https://www.legis.ga.gov/legislation/70122
25601-70493,2025-04-04,SB 207,Professions and Businesses; a preclearance process in the licensing of individuals with criminal records who make application to or are investigated by certain licensing boards and commissions; create,PASSAGE,170,0,Pass,https://www.legis.ga.gov/legislation/70493
25603-69592,2025-04-04,HB 155,Local government; selection and objection to arbitrators; revise procedures,Agree to Senate Amend to HAm to SSub,117,49,Pass,https://www.legis.ga.gov/legislation/69592
25604-70019,2025-04-04,HB 308,Motor vehicles; operation of miniature on-road vehicles on certain highways; provide,Agree to Senate Amendment,104,60,Pass,https://www.legis.ga.gov/legislation/70019
25605-70647,2025-04-04,HB 567,Professions and businesses; authorize and regulate teledentistry by licensed dentists,Agree to Senate Substitute,165,2,Pass,https://www.legis.ga.gov/legislation/70647
25606-70241,2025-04-04,SB 148,Public School Property and Facilities; outdoor learning spaces pilot program; provide,PASSAGE,165,0,Pass,https://www.legis.ga.gov/legislation/70241
25607-70489,2025-04-04,HB 516,State government; authorize county and regional library boards to conduct meetings via teleconference,Agree to Senate Substitute,94,71,Pass,https://www.legis.ga.gov/legislation/70489
25608-69395,2025-04-04,HB 68,"General appropriations; State Fiscal Year July 1, 2025 - June 30, 2026",Adopt Conference Comm. Report,170,5,Pass,https://www.legis.ga.gov/legislation/69395
25609-70695,2025-04-04,HB 586,Revenue and taxation; intangible recording tax; revise notes ,Agree to Senate Substitute,161,0,Pass,https://www.legis.ga.gov/legislation/70695
25610-70486,2025-04-04,HB 513,Local government; criteria for service delivery strategy; revise provisions,Agree to Senate Substitute,163,2,Pass,https://www.legis.ga.gov/legislation/70486
25611-69955,2025-04-04,SB 101,Duchenne Muscular Dystrophy; testing in the newborn screening system; require,PASSAGE,167,2,Pass,https://www.legis.ga.gov/legislation/69955
25612-70114,2025-04-04,HB 352,Georgia Gestational Diabetes Management Act; enact,Agree to Senate Substitute,163,2,Pass,https://www.legis.ga.gov/legislation/70114
25613-69763,2025-04-04,HB 217,Education; make Dual Achievement Program a permanent state-wide program,Agree to Senate Amendment,143,22,Pass,https://www.legis.ga.gov/legislation/69763
25614-69383,2025-04-04,SB 12,Inspection of Public Records; documents and records in the possession of private persons or entities; revise provisions,PASSAGE,167,1,Pass,https://www.legis.ga.gov/legislation/69383
25616-69333,2025-04-04,HB 37,Education; require local school systems to notify employees regarding social security withholdings and eligibility for certain benefits,Agree to Senate Substitute,163,0,Pass,https://www.legis.ga.gov/legislation/69333
25617-69593,2025-04-04,HB 156,"Transportation, Department of; authority over vertiports; provide",Agree to Senate Amendment,159,3,Pass,https://www.legis.ga.gov/legislation/69593
25619-70850,2025-04-04,HB 651,Motor vehicles; use of automated traffic enforcement safety devices in school zones; revise provisions,Agree to Senate Sub as House Amended,140,29,Pass,https://www.legis.ga.gov/legislation/70850
25620-70267,2025-04-04,HB 422,State employees' health insurance; include high deductible health plans,Agree to Senate Substitute,163,0,Pass,https://www.legis.ga.gov/legislation/70267
25621-70372,2025-04-04,SB 179,Education; the academic and disciplinary records of each transferring student shall be provided within five days; require,PASSAGE,169,0,Pass,https://www.legis.ga.gov/legislation/70372
25671-71091,2025-04-04,HB 709,"Demorest, City of; Redevelopment Powers Law; provide for a referendum",LOCAL CONSENT CALENDAR,51,1,Pass,https://www.legis.ga.gov/legislation/71091
25671-71560,2025-04-04,HB 819,Jasper County; levy an excise tax,LOCAL CONSENT CALENDAR,51,1,Pass,https://www.legis.ga.gov/legislation/71560
25671-71561,2025-04-04,HB 820,Jasper County; school district ad valorem tax; provide homestead exemption,LOCAL CONSENT CALENDAR,51,1,Pass,https://www.legis.ga.gov/legislation/71561
25671-71637,2025-04-04,HB 836,Coweta County; School District ad valorem tax; raise homestead exemption amounts,LOCAL CONSENT CALENDAR,51,1,Pass,https://www.legis.ga.gov/legislation/71637
25671-71640,2025-04-04,HB 838,"Newnan, City of; change corporate limits",LOCAL CONSENT CALENDAR,51,1,Pass,https://www.legis.ga.gov/legislation/71640
25671-71651,2025-04-04,HB 849,Randolph County Airport Authority Act; enact,LOCAL CONSENT CALENDAR,51,1,Pass,https://www.legis.ga.gov/legislation/71651
25671-71662,2025-04-04,HB 860,Gordon County; school district ad valorem tax; increase homestead exemption for certain residents,LOCAL CONSENT CALENDAR,51,1,Pass,https://www.legis.ga.gov/legislation/71662
25672-70494,2025-04-04,SB 201,Consumer Transactions; increased consumer protection for homeowners entering into contracts with contractors following natural disasters; provide,AGREE TO HOUSE SUBSTITUTE,49,1,Pass,https://www.legis.ga.gov/legislation/70494
25673-69699,2025-04-04,SB 63,"""Quality Basic Education Act""; local school systems offer certain exams to home study students; require",AGREE TO HOUSE SUBSTITUTE,51,0,Pass,https://www.legis.ga.gov/legislation/69699
25674-69535,2025-04-04,HB 136,Income tax; contributions to foster child support organizations; expand tax credit,AGREE TO HOUSE AMENDMENT TO SENATE SUBSTITUTE,54,0,Pass,https://www.legis.ga.gov/legislation/69535
25675-69412,2025-04-04,SB 20,Veterinarians; student loan repayment; who practice shelter medicine and in nonprofit pet sterilization clinics; provide; create the State Veterinary Education Board for Shelter Medicine and Pet Sterilization,AGREE TO HOUSE SUBSTITUTE,50,2,Pass,https://www.legis.ga.gov/legislation/69412
25676-70787,2025-04-04,SB 255,General Assembly; authorization of statutory investigatory powers to certain committees of the General Assembly; codify a process,AGREE TO HOUSE SUBSTITUTE,31,22,Pass,https://www.legis.ga.gov/legislation/70787
25677-69827,2025-04-04,SB 85,"Grants for Foster Children; a grant program to provide grants to former foster youth who meet eligibility requirements, subject to specific appropriations; establish",AGREE TO HOUSE SUBSTITUTE,53,1,Pass,https://www.legis.ga.gov/legislation/69827
25679-70850,2025-04-04,HB 651,Motor vehicles; use of automated traffic enforcement safety devices in school zones; revise provisions,PASSAGE BY SUBSTITUTE,51,3,Pass,https://www.legis.ga.gov/legislation/70850
25680-69778,2025-04-04,HB 225,Motor vehicles; enforcement of speeding violations in school zones through automated traffic enforcement safety devices; repeal all laws,PASSAGE BY SUBSTITUTE,46,9,Pass,https://www.legis.ga.gov/legislation/69778
25681-69395,2025-04-04,HB 68,"General appropriations; State Fiscal Year July 1, 2025 - June 30, 2026",ADOPT CONFERENCE COMMITTEE REPORT,54,1,Pass,https://www.legis.ga.gov/legislation/69395
25682-69649,2025-04-04,HB 172,Veterinary education; limits on student loan forgiveness program; provide,PASSAGE,43,4,Pass,https://www.legis.ga.gov/legislation/69649
25683-69775,2025-04-04,HB 222,Criminal procedure; inclusion of certain contact information on bonds and recognizances; require,PASSAGE,52,0,Pass,https://www.legis.ga.gov/legislation/69775
25684-69840,2025-04-04,HB 235,Georgia Supporting Living Donor Educators Act; enact,PASSAGE,54,0,Pass,https://www.legis.ga.gov/legislation/69840
25685-70122,2025-04-04,HB 360,Revenue and taxation; rehabilitation of historic structures; revise tax credit,PASSAGE AS AMENDED,49,6,Pass,https://www.legis.ga.gov/legislation/70122
25686-70267,2025-04-04,HB 422,State employees' health insurance; include high deductible health plans,PASSAGE BY SUBSTITUTE,52,1,Pass,https://www.legis.ga.gov/legislation/70267
25687-70114,2025-04-04,HB 352,Georgia Gestational Diabetes Management Act; enact,PASSAGE BY SUBSTITUTE,51,1,Pass,https://www.legis.ga.gov/legislation/70114
25688-69843,2025-04-04,HB 238,Georgia Peace Officer Standards and Training Council; create and maintain an at-risk adult training course focusing on officer response to individuals with Alzheimer's disease or dementia,PASSAGE,52,0,Pass,https://www.legis.ga.gov/legislation/69843
25689-70200,2025-04-04,HB 399,Property; require certain residential landlords to have in-state staff to manage tenant communications,PASSAGE BY SUBSTITUTE,41,9,Pass,https://www.legis.ga.gov/legislation/70200
25690-69324,2025-04-04,SR 8,Deputy Brandon Cunningham Memorial Intersection; Paulding County; dedicate,AGREE TO HOUSE SUBSTITUTE,49,0,Pass,https://www.legis.ga.gov/legislation/69324
25691-70591,2025-04-04,SR 231,Officer Jeremy Labonte Memorial Interchange; Fulton County; dedicate,AGREE TO HOUSE SUBSTITUTE,52,0,Pass,https://www.legis.ga.gov/legislation/70591
25692-69279,2025-04-04,HR 7,"George C. Trulock, Jr. Memorial Highway; Grady County; dedicate",AGREE TO HOUSE AMENDMENT TO SENATE SUBSTITUTE,50,0,Pass,https://www.legis.ga.gov/legislation/69279
25693-69592,2025-04-04,HB 155,Local government; selection and objection to arbitrators; revise procedures,AGREE TO HOUSE AMENDMENT TO SENATE SUBSTITUTE AS AMENDED BY AM #2,36,17,Pass,https://www.legis.ga.gov/legislation/69592
25694-70088,2025-04-04,SB 132,Insanity and Mental Incapacity; hearing before a court orders an evaluation of the mental competency of an accused person to stand trial; require,AGREE TO HOUSE SUBSTITUTE,50,1,Pass,https://www.legis.ga.gov/legislation/70088
25695-70079,2025-04-04,SB 125,Professional Engineers and Land Surveyors; decouple the sequential order of experience and examination requirements,AGREE TO HOUSE SUBSTITUTE,37,14,Pass,https://www.legis.ga.gov/legislation/70079
25696-70712,2025-04-04,SB 244,Criminal Proceedings; the award of reasonable attorney's fees and costs in a criminal case to the defendant upon such defendant making a successful motion to disqualify the prosecuting attorney for misconduct in connection with the case; provide,AGREE TO HOUSE SUBSTITUTE,35,18,Pass,https://www.legis.ga.gov/legislation/70712
25697-70916,2025-04-04,SB 291,"Special License Plates; establish an ""America First"" specialty license plate",AGREE TO HOUSE SUBSTITUTE,33,21,Pass,https://www.legis.ga.gov/legislation/70916
25698-71308,2025-04-04,SB 331,City of Winder and the County of Barrow; creating and establishing a joint airport authority; repeal,AGREE TO HOUSE SUBSTITUTE,51,0,Pass,https://www.legis.ga.gov/legislation/71308
25699-70439,2025-04-04,SB 193,State Board of the Technical College System of Georgia; establish the adult workforce high school diploma program; authorize,AGREE TO HOUSE SUBSTITUTE,50,1,Pass,https://www.legis.ga.gov/legislation/70439
25700-69937,2025-04-04,SB 99,Crimes and Offenses; definition of law enforcement officer; provide,AGREE TO HOUSE SUBSTITUTE,50,3,Pass,https://www.legis.ga.gov/legislation/69937
25701-69961,2025-04-04,SB 105,Veterinarians and Veterinary Technicians; licensed veterinarians and veterinary technicians to practice veterinary teleadvice; authorize,AGREE TO HOUSE SUBSTITUTE,51,1,Pass,https://www.legis.ga.gov/legislation/69961
25702-70943,2025-04-04,SB 298,Judgements and Rulings; certain appellate procedures regarding the denial of sovereign and any other immunity available to the state; provide,AGREE TO HOUSE SUBSTITUTE,44,8,Pass,https://www.legis.ga.gov/legislation/70943
25703-69280,2025-04-04,SB 5,Private Review Agents; health insurers to implement and maintain a program that allows for the selective application of reductions in prior authorization requirements; provide,AGREE TO HOUSE SUBSTITUTE,52,0,Pass,https://www.legis.ga.gov/legislation/69280
25704-69808,2025-04-04,SB 82,"""Local Charter School Authorization and Support Act of 2025""; enact",AGREE TO HOUSE SUBSTITUTE,44,10,Pass,https://www.legis.ga.gov/legislation/69808
25705-70489,2025-04-04,HB 516,State government; authorize county and regional library boards to conduct meetings via teleconference,PASSAGE BY SUBSTITUTE,49,1,Pass,https://www.legis.ga.gov/legislation/70489
25708-69970,2025-04-04,HB 296,Motor vehicles; presentation of a driver's license in a certain electronic format; provisions,PASSAGE AS AMENDED,51,3,Pass,https://www.legis.ga.gov/legislation/69970
25709-69777,2025-04-04,HB 224,"Highways, bridges, and ferries; construction or maintenance of roads upon military bases or installations paid for by the United States Department of Defense or other entities; authorize",PASSAGE,51,0,Pass,https://www.legis.ga.gov/legislation/69777
25710-70851,2025-04-04,HB 652,Motor fuel tax; electricity delivered by certain electric vehicle charging stations; provide exception ,PASSAGE BY SUBSTITUTE,54,0,Pass,https://www.legis.ga.gov/legislation/70851
25711-70315,2025-04-04,HB 443,Game and fish; fees for reef and migratory fish endorsements; provide,PASSAGE BY SUBSTITUTE,48,5,Pass,https://www.legis.ga.gov/legislation/70315
25712-70415,2025-04-04,HB 491,Game and fish; remove an exception for use of air guns to hunt wildlife,AGREE TO HOUSE AMENDMENT TO SENATE AMENDMENT,52,1,Pass,https://www.legis.ga.gov/legislation/70415
25713-70493,2025-04-04,SB 207,Professions and Businesses; a preclearance process in the licensing of individuals with criminal records who make application to or are investigated by certain licensing boards and commissions; create,AGREE TO HOUSE SUBSTITUTE AS AMENDED,53,0,Pass,https://www.legis.ga.gov/legislation/70493
25714-69955,2025-04-04,SB 101,Duchenne Muscular Dystrophy; testing in the newborn screening system; require,AGREE TO HOUSE SUBSTITUTE,51,1,Pass,https://www.legis.ga.gov/legislation/69955
25715-69383,2025-04-04,SB 12,Inspection of Public Records; documents and records in the possession of private persons or entities; revise provisions,AGREE TO HOUSE SUBSTITUTE,53,1,Pass,https://www.legis.ga.gov/legislation/69383
25723-72128,2026-01-12,HR 998,Adjournment; relative to,ADOPTION,51,0,Pass,https://www.legis.ga.gov/legislation/72128
25726-70476,2026-01-13,SB 204,"Criminal Procedure; offenses that are not serious violent felonies, sexual felonies, or other certain offenses to be charged by accusation of the district attorney; allow",AGREE TO HOUSE SUBSTITUTE,32,21,Pass,https://www.legis.ga.gov/legislation/70476
25737-71942,2026-01-27,HB 896,Hall County; levy an excise tax,LOCAL CONSENT CALENDAR,46,0,Pass,https://www.legis.ga.gov/legislation/71942
25737-72282,2026-01-27,SB 407,Homestead Exemption; Cherokee County school district ad valorem taxes for educational purposes; provide,LOCAL CONSENT CALENDAR,46,0,Pass,https://www.legis.ga.gov/legislation/72282
25739-70315,2026-01-28,HB 443,Game and fish; fees for reef and migratory fish endorsements; provide,Agree to Senate Sub as Am,165,2,Pass,https://www.legis.ga.gov/legislation/70315
25741-70241,2026-01-28,SB 148,Public School Property and Facilities; outdoor learning spaces pilot program; provide,AGREE TO HOUSE SUBSTITUTE,50,0,Pass,https://www.legis.ga.gov/legislation/70241
25742-70340,2026-01-28,SB 170,Georgia Interagency Council for the Homeless; create,AGREE TO HOUSE SUBSTITUTE,27,22,Pass,https://www.legis.ga.gov/legislation/70340
25744-72165,2026-01-29,HR 1008,State-wide water management plan; ratify amendments,ADOPT,168,0,Pass,https://www.legis.ga.gov/legislation/72165
25747-72359,2026-02-02,HB 1029,"Holly Springs, City of; revise boundaries",Local Calendar,161,0,Pass,https://www.legis.ga.gov/legislation/72359
25748-70607,2026-02-02,HB 557,Northeastern Judicial Circuit; superior courts; provide for a sixth judge,PASSAGE,169,0,Pass,https://www.legis.ga.gov/legislation/70607
25749-72209,2026-02-02,HB 960,Gwinnett Judicial Circuit; superior courts; provide twelfth judge,PASSAGE,169,1,Pass,https://www.legis.ga.gov/legislation/72209
25750-70938,2026-02-02,HB 659,Health; rural assistance; expand medical education funding and the service cancelable loan program to include optometrists,PASSAGE,168,2,Pass,https://www.legis.ga.gov/legislation/70938
25754-69470,2026-02-02,HB 117,Food service establishments; require notification of the country of origin of seafood items,PASSAGE BY SUBSTITUTE,43,8,Pass,https://www.legis.ga.gov/legislation/69470
25755-72182,2026-02-02,SR 563,Georgia Secretary of State; request of the United States Department of Justice to securely produce Georgia's voter registration list; urge,ADOPTION,31,22,Pass,https://www.legis.ga.gov/legislation/72182
25757-70112,2026-02-03,HB 350,Domestic relations; safe places for newborns; revise provisions,PASSAGE,168,0,Pass,https://www.legis.ga.gov/legislation/70112
25758-72144,2026-02-03,HB 946,Game and fish; authorize hunting and trapping of feral hogs under certain circumstances,PASSAGE,163,1,Pass,https://www.legis.ga.gov/legislation/72144
25759-72279,2026-02-03,HB 999,Magistrate courts; collecting sums and fees authorized by law; revise provisions,PASSAGE,160,4,Pass,https://www.legis.ga.gov/legislation/72279
25762-72331,2026-02-03,SB 420,"License, Permit, Tag, and Stamp Fees; fees for reef and migratory fish endorsement; provide",PASSAGE,52,0,Pass,https://www.legis.ga.gov/legislation/72331
25763-72161,2026-02-03,SB 382,Ad Valorem Taxation; make the state-wide base year homestead exemption mandatory for all political subdivisions,PASSAGE BY SUBSTITUTE,31,19,Pass,https://www.legis.ga.gov/legislation/72161
25768-72245,2026-02-05,HB 985,Veterans affairs; revise terms of eligibility for persons to be buried in Georgia veteran cemeteries,PASSAGE,173,0,Pass,https://www.legis.ga.gov/legislation/72245
25769-72233,2026-02-05,HB 973,"Supplemental appropriations; State Fiscal Year July 1, 2025 - June 30, 2026",PASSAGE,167,5,Pass,https://www.legis.ga.gov/legislation/72233
25773-70667,2026-02-05,SB 239,Funeral Directors and Establishments; funeral directors be licensed embalmers; remove the requirement,PASSAGE BY SUBSTITUTE,50,0,Pass,https://www.legis.ga.gov/legislation/70667
25774-72252,2026-02-05,SB 403,Unclaimed Property; property is presumed abandoned; provide for exceptions,PASSAGE BY SUBSTITUTE,50,0,Pass,https://www.legis.ga.gov/legislation/72252
25775-70255,2026-02-05,HB 414,"Elections; ""person"" to include certain nonresidents; revise definition",PASSAGE BY SUBSTITUTE,50,1,Pass,https://www.legis.ga.gov/legislation/70255
25777-71059,2026-02-06,SB 317,Magistrate Court of Clinch County; assessment and collection of a technology fee; authorize ,Local Calendar,165,0,Pass,https://www.legis.ga.gov/legislation/71059
25777-71060,2026-02-06,SB 316,Probate Court of Clinch County; assessment and collection of a technology fee; authorize,Local Calendar,165,0,Pass,https://www.legis.ga.gov/legislation/71060
25777-71844,2026-02-06,HB 877,"Fayetteville, City of; provide new charter",Local Calendar,165,0,Pass,https://www.legis.ga.gov/legislation/71844
25777-72134,2026-02-06,HB 936,"Berlin, City of; Municipal Court; authorize assessment and collection of a technology fee",Local Calendar,165,0,Pass,https://www.legis.ga.gov/legislation/72134
25777-72135,2026-02-06,HB 937,Berrien County; Magistrate Court; authorize assessment and collection of a technology fee,Local Calendar,165,0,Pass,https://www.legis.ga.gov/legislation/72135
25777-72136,2026-02-06,HB 938,Tift County; Magistrate Court; authorize assessment and collection of a technology fee,Local Calendar,165,0,Pass,https://www.legis.ga.gov/legislation/72136
25777-72137,2026-02-06,HB 939,Tift County; State Court; authorize assessment and collection of a technology fee,Local Calendar,165,0,Pass,https://www.legis.ga.gov/legislation/72137
25777-72138,2026-02-06,HB 940,Tift County; State Court; provide for compensation of the judge,Local Calendar,165,0,Pass,https://www.legis.ga.gov/legislation/72138
25777-72139,2026-02-06,HB 941,Tift County; Probate Court; authorize assessment and collection of a technology fee,Local Calendar,165,0,Pass,https://www.legis.ga.gov/legislation/72139
25777-72177,2026-02-06,HB 952,Bulloch County; board of elections; increase size to five members,Local Calendar,165,0,Pass,https://www.legis.ga.gov/legislation/72177
25777-72178,2026-02-06,HB 953,City of Statesboro Public Facilities Authority Act; enact,Local Calendar,165,0,Pass,https://www.legis.ga.gov/legislation/72178
25777-72242,2026-02-06,HB 982,"Barnesville, City of; city council; change description of election districts",Local Calendar,165,0,Pass,https://www.legis.ga.gov/legislation/72242
25777-72356,2026-02-06,HB 1026,"Valdosta, City of; Board of Education; provide compensation",Local Calendar,165,0,Pass,https://www.legis.ga.gov/legislation/72356
25777-72367,2026-02-06,HB 1037,Cobb County; State Court; change compensation of judges,Local Calendar,165,0,Pass,https://www.legis.ga.gov/legislation/72367
25777-72482,2026-02-06,HB 1057,"Gwinnett County; State Court; provide eighth judge January 1, 2027 and ninth judge January 1, 2028",Local Calendar,165,0,Pass,https://www.legis.ga.gov/legislation/72482
25777-72525,2026-02-06,HB 1074,"Suwanee, City of; ad valorem taxes for municipal purposes; provide homestead exemption",Local Calendar,165,0,Pass,https://www.legis.ga.gov/legislation/72525
25777-72609,2026-02-06,HB 1093,Ware County; nonbinding advisory referendum for the purpose of ascertaining whether the electors support a perimeter highway bypass around Waycross; provide,Local Calendar,165,0,Pass,https://www.legis.ga.gov/legislation/72609
25778-72143,2026-02-06,HB 945,Banking and finance; holds on accounts of eligible adults for suspected financial exploitation; provide,PASSAGE,161,5,Pass,https://www.legis.ga.gov/legislation/72143
25779-72240,2026-02-06,HB 980,Georgia-Ireland Trade Commission; create,PASSAGE,166,2,Pass,https://www.legis.ga.gov/legislation/72240
25780-70806,2026-02-06,HB 629,Education; remove requirement of having a licensed physician in automated external defibrillator programs,PASSAGE,168,0,Pass,https://www.legis.ga.gov/legislation/70806
25782-72159,2026-02-06,SB 383,Child Abuse; local child fatality review committees; modify the review,PASSAGE,48,0,Pass,https://www.legis.ga.gov/legislation/72159
25783-72251,2026-02-06,SB 402,"Children and Youth; pilot program provision for screenings, clinical evaluations, training for autism spectrum disorder to children in foster care; establish",PASSAGE BY SUBSTITUTE,48,0,Pass,https://www.legis.ga.gov/legislation/72251
25784-72486,2026-02-06,SB 431,Education; enrollment of foster care students within two school days of a request for enrollment by such student's parent or legal custodian; require,PASSAGE,49,0,Pass,https://www.legis.ga.gov/legislation/72486
25785-72472,2026-02-06,SR 622,Joint Study Committee on Evaluating Escalating Costs in Georgia's Foster Care System; create,ADOPTION,49,0,Pass,https://www.legis.ga.gov/legislation/72472
25787-72899,2026-02-09,HB 1215,Middle Judicial Circuit; superior courts; provide for a third judge,PASSAGE,166,0,Pass,https://www.legis.ga.gov/legislation/72899
25788-72183,2026-02-09,HB 957,Motor vehicles; operation of miniature on-road vehicles on certain highways; provide,PASSAGE,162,5,Pass,https://www.legis.ga.gov/legislation/72183
25789-70977,2026-02-09,HB 676,Property; fine for any frivolous mechanic lien filed; provide,PASSAGE,165,0,Pass,https://www.legis.ga.gov/legislation/70977
25790-70936,2026-02-09,HB 657,Mental health; qualifications of recovery community organizations for substance use; provide,PASSAGE,167,2,Pass,https://www.legis.ga.gov/legislation/70936
25791-70809,2026-02-09,HB 632,"Professions and businesses; clarify certain veterans' eligibility for exemption with regard to payment of occupation taxes, administrative fees, and regulatory fees",PASSAGE,169,0,Pass,https://www.legis.ga.gov/legislation/70809
25792-70301,2026-02-09,SB 162,Georgia Composite Medical Board; implement an automated credentialing system for healthcare providers in this state; provide,PASSAGE,167,0,Pass,https://www.legis.ga.gov/legislation/70301
25794-70211,2026-02-09,SB 146,"Health, Local Government, and Property; regulations and protections of cemeteries and burial grounds; provide",PASSAGE BY SUBSTITUTE,46,0,Pass,https://www.legis.ga.gov/legislation/70211
25795-70242,2026-02-09,SB 150,Retirement; permit public school systems to employ certain beneficiaries of the Teachers Retirement System of Georgia as classroom teachers; extend the program,PASSAGE BY SUBSTITUTE,48,1,Pass,https://www.legis.ga.gov/legislation/70242
25796-72288,2026-02-09,SB 411,Professions and Businesses; dry needling to be performed by certain licensed professionals; provide,PASSAGE BY SUBSTITUTE,49,2,Pass,https://www.legis.ga.gov/legislation/72288
25797-70340,2026-02-09,SB 170,Georgia Interagency Council for the Homeless; create,AGREE TO HOUSE SUBSTITUTE AS AMENDED,50,0,Pass,https://www.legis.ga.gov/legislation/70340
25799-72378,2026-02-10,HR 1050,Property; lease or conveyance of certain state owned property; authorize,ADOPT,165,0,Pass,https://www.legis.ga.gov/legislation/72378
25800-72379,2026-02-10,HR 1051,Property; granting of non-exclusive easements of certain state owned property; authorize,ADOPT,166,0,Pass,https://www.legis.ga.gov/legislation/72379
25801-72142,2026-02-10,HB 944,Motor vehicles; federal regulations regarding safe operation of commercial motor carriers and commercial vehicles; update reference date,PASSAGE,162,4,Pass,https://www.legis.ga.gov/legislation/72142
25802-72343,2026-02-10,HB 1015,Self-insurers Guaranty Trust Fund; revise certain funded levels,PASSAGE,165,3,Pass,https://www.legis.ga.gov/legislation/72343
25804-72158,2026-02-10,SB 384,Motor Vehicle; optional five-year motor vehicle registration and revalidation for certain motor vehicles; provide,PASSAGE BY SUBSTITUTE,45,0,Pass,https://www.legis.ga.gov/legislation/72158
25805-72534,2026-02-10,SB 435,Georgia Development Authority; rename as the Georgia Agricultural Development Authority,PASSAGE,47,0,Pass,https://www.legis.ga.gov/legislation/72534
25808-69352,2026-02-10,HB 54,Health; advanced practice registered nurses and physician assistants to order home healthcare services; authorize,AGREE TO HOUSE AMENDMENT TO SENATE SUBSTITUTE AS AMENDED,30,18,Pass,https://www.legis.ga.gov/legislation/69352
25810-72246,2026-02-11,HB 986,Motor vehicles; personal delivery devices; revise operation procedures and restrictions,PASSAGE,164,3,Pass,https://www.legis.ga.gov/legislation/72246
25811-71990,2026-02-11,HB 907,Completion Special Schools Act; certain local school systems to either be a party to a collaborative operating agreement with a completion special school or provide certain education programs and services; require,PASSAGE,170,0,Pass,https://www.legis.ga.gov/legislation/71990
25812-69355,2026-02-11,HB 57,Crimes and offenses; incest; include step-grandparent and step-grandchild relationship,PASSAGE,168,0,Pass,https://www.legis.ga.gov/legislation/69355
25813-69470,2026-02-11,HB 117,Food service establishments; require notification of the country of origin of seafood items,Agree to Senate Substitute,159,8,Pass,https://www.legis.ga.gov/legislation/69470
25814-70183,2026-02-11,HB 383,Georgia High School NIL Protection Act; enact,PASSAGE,171,0,Pass,https://www.legis.ga.gov/legislation/70183
25815-71976,2026-02-11,HB 903,Georgia Administrative Procedure Act shall apply to all executive branch agencies; provide,PASSAGE,168,3,Pass,https://www.legis.ga.gov/legislation/71976
25816-70255,2026-02-11,HB 414,"Elections; ""person"" to include certain nonresidents; revise definition",Agree to Senate Substitute,169,0,Pass,https://www.legis.ga.gov/legislation/70255
25817-70279,2026-02-11,HR 251,Local government; probate judges shall be elected in nonpartisan elections; provide - CA,ADOPT,147,20,Pass,https://www.legis.ga.gov/legislation/70279
25819-72232,2026-02-11,SB 400,Education; unaccredited institutions from offering degrees; prohibit,PASSAGE BY SUBSTITUTE,48,1,Pass,https://www.legis.ga.gov/legislation/72232
25820-72666,2026-02-11,SB 444,Private Review Agents; certain decisions with regard to the provision of insurance coverage for healthcare services shall not be based solely on artificial intelligence systems; provide,PASSAGE,49,0,Pass,https://www.legis.ga.gov/legislation/72666
25822-72133,2026-02-12,HB 935,Thomas County; Probate Court; authorize assessment and collection of a technology fee,Local Calendar,158,0,Pass,https://www.legis.ga.gov/legislation/72133
25822-72215,2026-02-12,HB 966,"Garden City, City of; mayor to fill any vacancy in the office of mayor pro tempore; provide",Local Calendar,158,0,Pass,https://www.legis.ga.gov/legislation/72215
25822-72300,2026-02-12,HB 1005,"Austell, City of; provide for a city manager; revise powers and duties of city council committees, the mayor, and department directors",Local Calendar,158,0,Pass,https://www.legis.ga.gov/legislation/72300
25822-72518,2026-02-12,HB 1067,"West Point, City of; ad valorem tax for municipal purposes; provide homestead exemption",Local Calendar,158,0,Pass,https://www.legis.ga.gov/legislation/72518
25822-72596,2026-02-12,HB 1090,Echols County; Board of Commissioners; county commissioners shall be elected from the county at large; provide,Local Calendar,158,0,Pass,https://www.legis.ga.gov/legislation/72596
25822-72698,2026-02-12,HB 1139,Spalding County Water Authority Act; enact,Local Calendar,158,0,Pass,https://www.legis.ga.gov/legislation/72698
25822-72720,2026-02-12,HB 1155,Tift County; board of commissioners; revise purchasing provisions,Local Calendar,158,0,Pass,https://www.legis.ga.gov/legislation/72720
25822-72780,2026-02-12,HB 1169,Spalding County; Probate Court; authorize assessment and collection of a technology fee,Local Calendar,158,0,Pass,https://www.legis.ga.gov/legislation/72780
25822-72781,2026-02-12,HB 1170,Spalding County; State Court; authorize assessment and collection of a technology fee,Local Calendar,158,0,Pass,https://www.legis.ga.gov/legislation/72781
25822-72783,2026-02-12,HB 1172,Spalding County; Magistrate Court; authorize assessment and collection of a technology fee,Local Calendar,158,0,Pass,https://www.legis.ga.gov/legislation/72783
25822-72876,2026-02-12,HB 1200,Chatham County; City of Savannah; school district ad valorem tax; homestead exemption; provisions,Local Calendar,158,0,Pass,https://www.legis.ga.gov/legislation/72876
25822-72879,2026-02-12,HB 1203,Chatham County; school district ad valorem tax; homestead exemption; provisions,Local Calendar,158,0,Pass,https://www.legis.ga.gov/legislation/72879
25822-73028,2026-02-12,HB 1258,Muscogee County; State Court; provide additional judge,Local Calendar,158,0,Pass,https://www.legis.ga.gov/legislation/73028
25823-72129,2026-02-12,HR 999,"Georgia citizens, cities, and counties; remember and honor the sacredness of America's 250th Anniversary of the Declaration of Independence on July 4, 2026; urge

",ADOPT,162,0,Pass,https://www.legis.ga.gov/legislation/72129
25824-72277,2026-02-12,HB 998,Public utilities; authorize certain Tier 2 local exchange companies to elect to become subject to rate of return regulation,PASSAGE,161,2,Pass,https://www.legis.ga.gov/legislation/72277
25825-72243,2026-02-12,HB 983,Conservation and natural resources; prescribed burning for silviculture purposes is exempt from certain burning notice and permit requirements; clarify,PASSAGE,162,0,Pass,https://www.legis.ga.gov/legislation/72243
25826-72146,2026-02-12,HB 948,Property; debtors in foreclosures to receive certain information and forms in a notice of foreclosure; provide,PASSAGE,161,0,Pass,https://www.legis.ga.gov/legislation/72146
25827-70441,2026-02-12,SB 195,Pharmacies; pharmacists are authorized to dispense preexposure prophylaxis and postexposure prophylaxis under certain conditions; provide,PASSAGE,155,7,Pass,https://www.legis.ga.gov/legislation/70441
25830-72977,2026-02-12,SB 476,"""Income Tax Reduction Act of 2026""; enact",PASSAGE,32,18,Pass,https://www.legis.ga.gov/legislation/72977
25831-69533,2026-02-12,HB 134,Sales and use tax; manufactured homes; revise and expand exemption ,PASSAGE BY SUBSTITUTE,31,17,Pass,https://www.legis.ga.gov/legislation/69533
25832-72976,2026-02-12,SB 477,Income Taxes; personal income tax rate; reduce,PASSAGE,31,14,Pass,https://www.legis.ga.gov/legislation/72976
25833-70350,2026-02-12,HB 463,Ad valorem tax; certain senior citizens who volunteer with local governments; provide homestead exemption,PASSAGE BY SUBSTITUTE,32,14,Pass,https://www.legis.ga.gov/legislation/70350
25835-71503,2026-02-17,SB 348,Hancock County; Board of County Commissioners; description of the commissioner districts; change,Local Calendar,165,1,Pass,https://www.legis.ga.gov/legislation/71503
25835-72282,2026-02-17,SB 407,Homestead Exemption; Cherokee County school district ad valorem taxes for educational purposes; provide,Local Calendar,165,1,Pass,https://www.legis.ga.gov/legislation/72282
25835-72589,2026-02-17,HB 1083,Madison County; Magistrate Court; authorize assessment and collection of a technology fee,Local Calendar,165,1,Pass,https://www.legis.ga.gov/legislation/72589
25835-72590,2026-02-17,HB 1084,Madison County; Probate Court; authorize assessment and collection of a technology fee,Local Calendar,165,1,Pass,https://www.legis.ga.gov/legislation/72590
25835-72608,2026-02-17,HB 1092,Chehaw Park Authority; extend existence of authority,Local Calendar,165,1,Pass,https://www.legis.ga.gov/legislation/72608
25835-72699,2026-02-17,HB 1140,Ben Hill County; Magistrate Court; authorize assessment and collection of a technology fee,Local Calendar,165,1,Pass,https://www.legis.ga.gov/legislation/72699
25835-72778,2026-02-17,HB 1168,Heard County; ad valorem tax for educational purposes; provide homestead exemption,Local Calendar,165,1,Pass,https://www.legis.ga.gov/legislation/72778
25835-72828,2026-02-17,HB 1186,Garden City Area Convention and Visitors Bureau Authority; repeal Act,Local Calendar,165,1,Pass,https://www.legis.ga.gov/legislation/72828
25835-72881,2026-02-17,HB 1205,"Yatesville, City of; provide new charter",Local Calendar,165,1,Pass,https://www.legis.ga.gov/legislation/72881
25835-72970,2026-02-17,HB 1241,"Decatur, City of; city commission and public school system; revise provisions",Local Calendar,165,1,Pass,https://www.legis.ga.gov/legislation/72970
25835-73008,2026-02-17,HB 1245,Walker County; Board of Education; members shall be elected by voters of the respective education districts; provide,Local Calendar,165,1,Pass,https://www.legis.ga.gov/legislation/73008
25835-73009,2026-02-17,HB 1246,"Clayton, City of; provide new charter",Local Calendar,165,1,Pass,https://www.legis.ga.gov/legislation/73009
25836-72675,2026-02-17,HB 1121,Cordele Judicial Court; change certain terms of court,PASSAGE,164,0,Pass,https://www.legis.ga.gov/legislation/72675
25837-70947,2026-02-17,HB 662,Health; rural hospital organization; revise definition,PASSAGE,164,0,Pass,https://www.legis.ga.gov/legislation/70947
25838-69869,2026-02-17,HB 256,Social services; foster parents bill of rights; revise provisions,PASSAGE,164,0,Pass,https://www.legis.ga.gov/legislation/69869
25839-72514,2026-02-17,HB 1063,Electric utilities; protect residential and retail electricity customers from costs associated with data center construction and operation; require,PASSAGE,159,5,Pass,https://www.legis.ga.gov/legislation/72514
25840-72352,2026-02-17,HB 1022,Motor vehicles; prohibit electric tinting,PASSAGE,133,25,Pass,https://www.legis.ga.gov/legislation/72352
25841-72181,2026-02-17,HB 956,Solid Waste Trust Fund; authorize use of funds for implementation of provisions of a solid waste management program ,PASSAGE,159,3,Pass,https://www.legis.ga.gov/legislation/72181
25842-71558,2026-02-17,HB 818,Georgia Judicial Retirement System; membership for each judge employed full time in the Georgia Tax Court; provide,PASSAGE,160,2,Pass,https://www.legis.ga.gov/legislation/71558
25843-72247,2026-02-17,HB 987,Voluntary Portable Benefit Plan Act; enact,PASSAGE,109,53,Pass,https://www.legis.ga.gov/legislation/72247
25845-71844,2026-02-17,HB 877,"Fayetteville, City of; provide new charter",LOCAL CONSENT CALENDAR,48,1,Pass,https://www.legis.ga.gov/legislation/71844
25845-72134,2026-02-17,HB 936,"Berlin, City of; Municipal Court; authorize assessment and collection of a technology fee",LOCAL CONSENT CALENDAR,48,1,Pass,https://www.legis.ga.gov/legislation/72134
25845-72135,2026-02-17,HB 937,Berrien County; Magistrate Court; authorize assessment and collection of a technology fee,LOCAL CONSENT CALENDAR,48,1,Pass,https://www.legis.ga.gov/legislation/72135
25845-72136,2026-02-17,HB 938,Tift County; Magistrate Court; authorize assessment and collection of a technology fee,LOCAL CONSENT CALENDAR,48,1,Pass,https://www.legis.ga.gov/legislation/72136
25845-72137,2026-02-17,HB 939,Tift County; State Court; authorize assessment and collection of a technology fee,LOCAL CONSENT CALENDAR,48,1,Pass,https://www.legis.ga.gov/legislation/72137
25845-72138,2026-02-17,HB 940,Tift County; State Court; provide for compensation of the judge,LOCAL CONSENT CALENDAR,48,1,Pass,https://www.legis.ga.gov/legislation/72138
25845-72139,2026-02-17,HB 941,Tift County; Probate Court; authorize assessment and collection of a technology fee,LOCAL CONSENT CALENDAR,48,1,Pass,https://www.legis.ga.gov/legislation/72139
25845-72177,2026-02-17,HB 952,Bulloch County; board of elections; increase size to five members,LOCAL CONSENT CALENDAR,48,1,Pass,https://www.legis.ga.gov/legislation/72177
25845-72178,2026-02-17,HB 953,City of Statesboro Public Facilities Authority Act; enact,LOCAL CONSENT CALENDAR,48,1,Pass,https://www.legis.ga.gov/legislation/72178
25845-72242,2026-02-17,HB 982,"Barnesville, City of; city council; change description of election districts",LOCAL CONSENT CALENDAR,48,1,Pass,https://www.legis.ga.gov/legislation/72242
25845-72356,2026-02-17,HB 1026,"Valdosta, City of; Board of Education; provide compensation",LOCAL CONSENT CALENDAR,48,1,Pass,https://www.legis.ga.gov/legislation/72356
25845-72359,2026-02-17,HB 1029,"Holly Springs, City of; revise boundaries",LOCAL CONSENT CALENDAR,48,1,Pass,https://www.legis.ga.gov/legislation/72359
25845-72367,2026-02-17,HB 1037,Cobb County; State Court; change compensation of judges,LOCAL CONSENT CALENDAR,48,1,Pass,https://www.legis.ga.gov/legislation/72367
25845-72609,2026-02-17,HB 1093,Ware County; nonbinding advisory referendum for the purpose of ascertaining whether the electors support a perimeter highway bypass around Waycross; provide,LOCAL CONSENT CALENDAR,48,1,Pass,https://www.legis.ga.gov/legislation/72609
25845-73113,2026-02-17,SB 494,Board of Commissioners of Irwin County; the compensation of the board of commissioners; revise provisions,LOCAL CONSENT CALENDAR,48,1,Pass,https://www.legis.ga.gov/legislation/73113
25846-72766,2026-02-17,SB 452,Retirement and Pension; maximum employer contribution to a 401(k) for certain state law enforcement officers; increase,PASSAGE,49,0,Pass,https://www.legis.ga.gov/legislation/72766
25847-70178,2026-02-17,SB 143,Georgia Firefighter's Pension Fund; certain members to retire at age 50; provide,PASSAGE BY SUBSTITUTE,47,3,Pass,https://www.legis.ga.gov/legislation/70178
25848-71940,2026-02-17,SB 369,"""Charter Schools Act of 1998""; completion charter schools; provide",PASSAGE BY SUBSTITUTE,47,0,Pass,https://www.legis.ga.gov/legislation/71940
25850-72878,2026-02-18,HB 1202,Georgia Motor Vehicle Crime Prevention Advisory Board; correct a scrivener's error in a cross-reference,PASSAGE,164,0,Pass,https://www.legis.ga.gov/legislation/72878
25851-72824,2026-02-18,HB 1182,Agriculture; soil amendments; provide for additional prohibited acts,PASSAGE,163,0,Pass,https://www.legis.ga.gov/legislation/72824
25852-72612,2026-02-18,HB 1096,"Public Health, Department of; provide that if certain employees of a county board of health become employees of such department such employees will retain accrued annual and sick leave",PASSAGE,165,0,Pass,https://www.legis.ga.gov/legislation/72612
25853-72213,2026-02-18,HB 964,Revenue and taxation; state and local title ad valorem tax fee; exempt certain motor vehicles used in fire protection services for local governments,PASSAGE,164,4,Pass,https://www.legis.ga.gov/legislation/72213
25854-72219,2026-02-18,HB 970,Quality Basic Education Act; expand which healthcare professionals may conduct preparticipation physical examinations,PASSAGE,166,0,Pass,https://www.legis.ga.gov/legislation/72219
25855-72141,2026-02-18,HB 943,Social services; establish a pilot program for autism spectrum disorder to children in foster care; provide,PASSAGE,165,2,Pass,https://www.legis.ga.gov/legislation/72141
25856-70578,2026-02-18,HB 541,Education; tuition equalization grants; expand definition of an approved school to include certain institutions which offer programs in nursing,PASSAGE,167,1,Pass,https://www.legis.ga.gov/legislation/70578
25857-70261,2026-02-18,HB 419,Education; require possession of opioid antagonists by institutions within University System of Georgia,PASSAGE,165,0,Pass,https://www.legis.ga.gov/legislation/70261
25860-72506,2026-02-18,SB 432,Education; nonlapsing revenue of institutions of the University System of Georgia and units of the Technical College System of Georgia; extend automatic repeals,PASSAGE BY SUBSTITUTE,47,0,Pass,https://www.legis.ga.gov/legislation/72506
25862-72695,2026-02-18,SB 446,Student Scholarship Organizations; State of Georgia to participate in the federal tax credit program for contributions of individuals to scholarship granting organizations; provide,PASSAGE,31,21,Pass,https://www.legis.ga.gov/legislation/72695
25863-72848,2026-02-18,SB 462,"""Surprise Billing Consumer Protection Act""; insurance coverage for certain out-of-network ambulance transportation service; provide",PASSAGE,51,1,Pass,https://www.legis.ga.gov/legislation/72848
25865-72350,2026-02-19,HB 1020,Judicial Retirement System; payment of monthly retirement benefits for creditable service as a district attorney at the age of 65 years; provide,PASSAGE,164,0,Pass,https://www.legis.ga.gov/legislation/72350
25866-72357,2026-02-19,HB 1027,Local government; authorize certain long-term contracts for sale of electric power,PASSAGE,162,2,Pass,https://www.legis.ga.gov/legislation/72357
25867-72733,2026-02-19,HB 1161,Motor vehicles; proper operation upon approach by an authorized emergency vehicle or by a law enforcement vehicle for purposes of a traffic stop; provide,PASSAGE,162,2,Pass,https://www.legis.ga.gov/legislation/72733
25868-72823,2026-02-19,HB 1181,Motor vehicles; application for certificate of title; provisions,PASSAGE,166,0,Pass,https://www.legis.ga.gov/legislation/72823
25871-71542,2026-02-20,SB 351,County of Treutlen; the salary of the judge and solicitor-general; change,Local Calendar,162,0,Pass,https://www.legis.ga.gov/legislation/71542
25871-72674,2026-02-20,HB 1120,Union County; governing authority; change from a sole commissioner to a five-member board of commissioners; provide advisory referendum,Local Calendar,162,0,Pass,https://www.legis.ga.gov/legislation/72674
25871-72889,2026-02-20,HB 1213,"Mableton, City of; Redevelopment Powers Law; provide for a referendum",Local Calendar,162,0,Pass,https://www.legis.ga.gov/legislation/72889
25871-73174,2026-02-20,HB 1297,Pierce County; Magistrate Court; authorize assessment and collection of a technology fee,Local Calendar,162,0,Pass,https://www.legis.ga.gov/legislation/73174
25872-72512,2026-02-20,HB 1061,Mandi Ballinger Act; enact,PASSAGE,155,0,Pass,https://www.legis.ga.gov/legislation/72512
25873-72875,2026-02-20,HB 1199,Revenue and taxation; Internal Revenue Code and Internal Revenue Code of 1986; revise terms and incorporate certain provisions of federal law into Georgia law,PASSAGE,106,54,Pass,https://www.legis.ga.gov/legislation/72875
25874-72592,2026-02-20,HB 1086,Preston Fant and Brant Chesney Firefighter Safety Act; enact,PASSAGE,161,0,Pass,https://www.legis.ga.gov/legislation/72592
25876-70327,2026-02-20,HB 455,Bingo; properties used for games; limit number of sessions; provisions,PASSAGE,38,8,Pass,https://www.legis.ga.gov/legislation/70327
25877-72233,2026-02-20,HB 973,"Supplemental appropriations; State Fiscal Year July 1, 2025 - June 30, 2026",PASSAGE BY SUBSTITUTE,49,1,Pass,https://www.legis.ga.gov/legislation/72233
25880-72638,2026-02-20,SB 440,Department of Public Health; provisions relative to duties or functions; modernize and update,PASSAGE AS AMENDED,51,0,Pass,https://www.legis.ga.gov/legislation/72638
25881-72469,2026-02-20,SB 427,Physicians; limited provisional licenses and a pathway to licensure for certain internationally trained physicians; provide,PASSAGE BY SUBSTITUTE,45,3,Pass,https://www.legis.ga.gov/legislation/72469
25882-72284,2026-02-20,SB 409,"""Insurers' Use of Aerial or Satellite Images Act""; enact",PASSAGE BY SUBSTITUTE,49,0,Pass,https://www.legis.ga.gov/legislation/72284
25883-72204,2026-02-20,SB 398,"Wiretapping, Eavesdropping, Surveillance, and Related Offenses; criminal offenses of virtual peeping; establish",PASSAGE BY SUBSTITUTE,48,1,Pass,https://www.legis.ga.gov/legislation/72204
25885-72842,2026-02-24,HB 1193,Georgia Early Literacy Act of 2026; enact,PASSAGE,170,2,Pass,https://www.legis.ga.gov/legislation/72842
25886-70134,2026-02-24,HB 372,Teachers Retirement System; certain beneficiaries hired to work in certain areas; provisions,PASSAGE,168,0,Pass,https://www.legis.ga.gov/legislation/70134
25887-72677,2026-02-24,HB 1123,Quality Basic Education Act; require certain schools that offer after-school programs to make such programs available to pre-kindergarten students ,PASSAGE,162,0,Pass,https://www.legis.ga.gov/legislation/72677
25888-72304,2026-02-24,HB 1009,Education; enact policies and procedures for use of personal electronic devices at school and school sponsored events by students in grades nine through twelve; require local school systems ,PASSAGE,145,20,Pass,https://www.legis.ga.gov/legislation/72304
25889-72353,2026-02-24,HB 1023,Education; utilize weapon detection systems in certain school buildings; require local boards of education and other public school governing bodies,PASSAGE,151,11,Pass,https://www.legis.ga.gov/legislation/72353
25890-72220,2026-02-24,HB 971,Quality Basic Education Act; home study students and private school students to enroll in college and career academies located in certain RESA service areas and adjacent local school systems; provide,PASSAGE,164,0,Pass,https://www.legis.ga.gov/legislation/72220
25891-70021,2026-02-24,HB 310,Student Teacher Promotion Act; enact,PASSAGE,151,6,Pass,https://www.legis.ga.gov/legislation/70021
25892-70185,2026-02-24,HB 385,Education; allow academically successful students who are concurrently seeking certain degrees to use the full number of hours of HOPE scholarship eligibility; provisions,PASSAGE,160,2,Pass,https://www.legis.ga.gov/legislation/70185
25896-72133,2026-02-24,HB 935,Thomas County; Probate Court; authorize assessment and collection of a technology fee,LOCAL CONSENT CALENDAR,53,0,Pass,https://www.legis.ga.gov/legislation/72133
25896-72215,2026-02-24,HB 966,"Garden City, City of; mayor to fill any vacancy in the office of mayor pro tempore; provide",LOCAL CONSENT CALENDAR,53,0,Pass,https://www.legis.ga.gov/legislation/72215
25896-72300,2026-02-24,HB 1005,"Austell, City of; provide for a city manager; revise powers and duties of city council committees, the mayor, and department directors",LOCAL CONSENT CALENDAR,53,0,Pass,https://www.legis.ga.gov/legislation/72300
25896-72518,2026-02-24,HB 1067,"West Point, City of; ad valorem tax for municipal purposes; provide homestead exemption",LOCAL CONSENT CALENDAR,53,0,Pass,https://www.legis.ga.gov/legislation/72518
25896-72525,2026-02-24,HB 1074,"Suwanee, City of; ad valorem taxes for municipal purposes; provide homestead exemption",LOCAL CONSENT CALENDAR,53,0,Pass,https://www.legis.ga.gov/legislation/72525
25896-72596,2026-02-24,HB 1090,Echols County; Board of Commissioners; county commissioners shall be elected from the county at large; provide,LOCAL CONSENT CALENDAR,53,0,Pass,https://www.legis.ga.gov/legislation/72596
25896-72608,2026-02-24,HB 1092,Chehaw Park Authority; extend existence of authority,LOCAL CONSENT CALENDAR,53,0,Pass,https://www.legis.ga.gov/legislation/72608
25896-72698,2026-02-24,HB 1139,Spalding County Water Authority Act; enact,LOCAL CONSENT CALENDAR,53,0,Pass,https://www.legis.ga.gov/legislation/72698
25896-72699,2026-02-24,HB 1140,Ben Hill County; Magistrate Court; authorize assessment and collection of a technology fee,LOCAL CONSENT CALENDAR,53,0,Pass,https://www.legis.ga.gov/legislation/72699
25896-72720,2026-02-24,HB 1155,Tift County; board of commissioners; revise purchasing provisions,LOCAL CONSENT CALENDAR,53,0,Pass,https://www.legis.ga.gov/legislation/72720
25896-72778,2026-02-24,HB 1168,Heard County; ad valorem tax for educational purposes; provide homestead exemption,LOCAL CONSENT CALENDAR,53,0,Pass,https://www.legis.ga.gov/legislation/72778
25896-72780,2026-02-24,HB 1169,Spalding County; Probate Court; authorize assessment and collection of a technology fee,LOCAL CONSENT CALENDAR,53,0,Pass,https://www.legis.ga.gov/legislation/72780
25896-72781,2026-02-24,HB 1170,Spalding County; State Court; authorize assessment and collection of a technology fee,LOCAL CONSENT CALENDAR,53,0,Pass,https://www.legis.ga.gov/legislation/72781
25896-72783,2026-02-24,HB 1172,Spalding County; Magistrate Court; authorize assessment and collection of a technology fee,LOCAL CONSENT CALENDAR,53,0,Pass,https://www.legis.ga.gov/legislation/72783
25896-72828,2026-02-24,HB 1186,Garden City Area Convention and Visitors Bureau Authority; repeal Act,LOCAL CONSENT CALENDAR,53,0,Pass,https://www.legis.ga.gov/legislation/72828
25896-72876,2026-02-24,HB 1200,Chatham County; City of Savannah; school district ad valorem tax; homestead exemption; provisions,LOCAL CONSENT CALENDAR,53,0,Pass,https://www.legis.ga.gov/legislation/72876
25896-72879,2026-02-24,HB 1203,Chatham County; school district ad valorem tax; homestead exemption; provisions,LOCAL CONSENT CALENDAR,53,0,Pass,https://www.legis.ga.gov/legislation/72879
25896-72944,2026-02-24,SB 469,Board of Commissioners of Forsyth County;  term limits for members; provide,LOCAL CONSENT CALENDAR,53,0,Pass,https://www.legis.ga.gov/legislation/72944
25896-72970,2026-02-24,HB 1241,"Decatur, City of; city commission and public school system; revise provisions",LOCAL CONSENT CALENDAR,53,0,Pass,https://www.legis.ga.gov/legislation/72970
25896-73009,2026-02-24,HB 1246,"Clayton, City of; provide new charter",LOCAL CONSENT CALENDAR,53,0,Pass,https://www.legis.ga.gov/legislation/73009
25896-73028,2026-02-24,HB 1258,Muscogee County; State Court; provide additional judge,LOCAL CONSENT CALENDAR,53,0,Pass,https://www.legis.ga.gov/legislation/73028
25896-73081,2026-02-24,SB 491,Cobb Judicial Circuit; assistant district attorneys; change the salaries,LOCAL CONSENT CALENDAR,53,0,Pass,https://www.legis.ga.gov/legislation/73081
25896-73082,2026-02-24,SB 492,State Court of Cobb County; additional assistant solicitor positions; provide,LOCAL CONSENT CALENDAR,53,0,Pass,https://www.legis.ga.gov/legislation/73082
25899-70343,2026-02-24,SB 171,Quality Basic Education Act; State Board of Education to develop an advanced mathematics pathway; require,PASSAGE BY SUBSTITUTE,53,0,Pass,https://www.legis.ga.gov/legislation/70343
25900-72187,2026-02-24,SB 392,"""Waste Reduction Act of 2026""; enact ",PASSAGE,44,7,Pass,https://www.legis.ga.gov/legislation/72187
25901-72198,2026-02-24,SB 395,Department of Public Health; eligible for the Low THC Oil Patient Registry; require a physician to submit certain information to the Georgia Composite Medical Board,PASSAGE BY SUBSTITUTE,46,0,Pass,https://www.legis.ga.gov/legislation/72198
25902-72468,2026-02-24,SB 428,Medical Assistance; Department of Community Health to submit a waiver request to the federal Centers for Medicare and Medicaid Services; direct,PASSAGE BY SUBSTITUTE,46,0,Pass,https://www.legis.ga.gov/legislation/72468
25903-72487,2026-02-24,SB 430,Taxes; certain military museums qualify as destination marketing organizations and private sector nonprofit organizations; provide,PASSAGE BY SUBSTITUTE,49,0,Pass,https://www.legis.ga.gov/legislation/72487
25905-70499,2026-02-25,HB 519,Revenue and taxation; amount of federal work opportunity credit claimed by a taxpayer shall also be allowed as a tax credit; provide,PASSAGE,158,14,Pass,https://www.legis.ga.gov/legislation/70499
25906-72294,2026-02-25,HB 1001,Income tax; reduce rate of tax,PASSAGE,106,66,Pass,https://www.legis.ga.gov/legislation/72294
25907-71417,2026-02-25,HB 792,"Courts; increase amount of magistrate court claims from $15,000.00 to $30,000.00",PASSAGE,170,0,Pass,https://www.legis.ga.gov/legislation/71417
25908-71024,2026-02-25,HB 689,Housing; establish a homelessness prevention program,PASSAGE,148,11,Pass,https://www.legis.ga.gov/legislation/71024
25909-70812,2026-02-25,HB 634,Georgia Special Needs Scholarship Act; expedited completion of a student's first Individualized Education Program; revise provisions,PASSAGE,168,0,Pass,https://www.legis.ga.gov/legislation/70812
25912-70031,2026-02-25,HB 320,Waste management; require recycling of solar panels,PASSAGE,162,4,Pass,https://www.legis.ga.gov/legislation/70031
25913-72354,2026-02-25,HB 1024,Property; debtor's aggregate interest in real property or personal property used as a residence; revise exemption ,PASSAGE,170,0,Pass,https://www.legis.ga.gov/legislation/72354
25914-72360,2026-02-25,HB 1030,Math Matters Act; enact,PASSAGE,171,0,Pass,https://www.legis.ga.gov/legislation/72360
25915-73260,2026-02-25,HB 1329,Controlled substances; Schedule I; provide certain provisions,PASSAGE,171,0,Pass,https://www.legis.ga.gov/legislation/73260
25916-73029,2026-02-25,HB 1259,Education; prohibit virtual instruction to out-of-system students if the local school system has a College and Career Ready Performance Index below the state average,PASSAGE,169,0,Pass,https://www.legis.ga.gov/legislation/73029
25917-73119,2026-02-25,HB 1277,Conservation and natural resources; increase project cost threshold for public roads or airports requiring environmental evaluations,PASSAGE,149,16,Pass,https://www.legis.ga.gov/legislation/73119
25918-72521,2026-02-25,HB 1070,Income tax; increase and extend a credit for expenditures on maintenance of railroad track owned or leased by Class III railroads,PASSAGE,167,2,Pass,https://www.legis.ga.gov/legislation/72521
25919-72591,2026-02-25,HB 1085,Income tax; various tax credits for forestry manufacturing facilities; provide,PASSAGE,161,5,Pass,https://www.legis.ga.gov/legislation/72591
25920-72827,2026-02-25,HB 1185,Courts; certain shareholder claims to be brought before the Georgia State-wide Business Court; provide,PASSAGE,104,66,Pass,https://www.legis.ga.gov/legislation/72827
25922-72533,2026-02-25,SB 433,"""Rio's Law""",PASSAGE BY SUBSTITUTE,54,0,Pass,https://www.legis.ga.gov/legislation/72533
25923-70654,2026-02-25,HB 571,Professions and businesses; licensing of radiologist assistants; provide,PASSAGE BY SUBSTITUTE,51,2,Pass,https://www.legis.ga.gov/legislation/70654
25925-70013,2026-02-25,SB 116,DNA Sampling; the collection of DNA samples from any individual in a detention facility charged with a misdemeanor or felony who is subject to an immigration detainer notice; require,PASSAGE BY SUBSTITUTE,33,20,Pass,https://www.legis.ga.gov/legislation/70013
25926-70301,2026-02-25,SB 162,Georgia Composite Medical Board; implement an automated credentialing system for healthcare providers in this state; provide,AGREE TO HOUSE SUBSTITUTE,49,0,Pass,https://www.legis.ga.gov/legislation/70301
25927-70540,2026-02-25,SB 218,Prosecuting Attorneys Qualifications Commission; shall be assigned for administrative purposes only to the Administrative Office of the Courts; provide,AGREE TO HOUSE SUBSTITUTE,49,1,Pass,https://www.legis.ga.gov/legislation/70540
25928-72233,2026-02-25,HB 973,"Supplemental appropriations; State Fiscal Year July 1, 2025 - June 30, 2026",ADOPT CONFERENCE COMMITTEE REPORT,49,0,Pass,https://www.legis.ga.gov/legislation/72233
25932-73334,2026-02-26,HB 1357,Bulloch County Public Facilities Authority; revenue bonding authority; revise provisions,Local Calendar,158,0,Pass,https://www.legis.ga.gov/legislation/73334
25932-73337,2026-02-26,HB 1358,Brooks County; Magistrate Court; authorize assessment and collection of a technology fee,Local Calendar,158,0,Pass,https://www.legis.ga.gov/legislation/73337
25932-73338,2026-02-26,HB 1359,Brooks County; board of elections and registration; expand to five members,Local Calendar,158,0,Pass,https://www.legis.ga.gov/legislation/73338
25932-73364,2026-02-26,HB 1375,Hall County; State Court; judges; restate provisions,Local Calendar,158,0,Pass,https://www.legis.ga.gov/legislation/73364
25933-73286,2026-02-26,HB 1344,Georgia Insurance Affordability and Claims Integrity Act; enact,PASSAGE,166,3,Pass,https://www.legis.ga.gov/legislation/73286
25934-73115,2026-02-26,HB 1274,Auto Insurance Excess Profits Act; enact,PASSAGE,169,1,Pass,https://www.legis.ga.gov/legislation/73115
25935-72768,2026-02-26,HB 1164,Education; require State Board of Education to appoint an audit committee,PASSAGE,103,68,Pass,https://www.legis.ga.gov/legislation/72768
25936-73055,2026-02-26,HB 1262,Insurance; increase amount of monetary penalties authorized to impose for certain violations of the Georgia Insurance Code ,PASSAGE,170,1,Pass,https://www.legis.ga.gov/legislation/73055
25937-73056,2026-02-26,HB 1263,Insurance; premiums made within three years of payment to the Commissioner; provide for a claim for a refund of certain fees and taxes ,PASSAGE,169,0,Pass,https://www.legis.ga.gov/legislation/73056
25938-69640,2026-02-26,SB 59,Bona Fide Conservation Use Property; a limitation on leased property; remove,PASSAGE,154,3,Pass,https://www.legis.ga.gov/legislation/69640
25939-73120,2026-02-26,HB 1278,Professions and businesses; improve efficiencies in issuance of permits for dentists to administer conscious sedation and general anesthesia,PASSAGE,165,0,Pass,https://www.legis.ga.gov/legislation/73120
25940-72685,2026-02-26,HB 1131,Criminal procedure; personal service of process for notice of a warrant application hearing; provide,PASSAGE,166,0,Pass,https://www.legis.ga.gov/legislation/72685
25941-72626,2026-02-26,HB 1107,Excellent Teacher Preparation Act; enact,PASSAGE,166,0,Pass,https://www.legis.ga.gov/legislation/72626
25942-72613,2026-02-26,HB 1097,"Mental health; criminal background, license status, and registry checks for owners, applicants, and employees of certain mental health facilities; provide",PASSAGE,164,2,Pass,https://www.legis.ga.gov/legislation/72613
25943-72501,2026-02-26,HB 1075,Sexual offenses; modify penalty for offenders previously convicted of the offense of trafficking of persons for labor or sexual servitude,PASSAGE,166,0,Pass,https://www.legis.ga.gov/legislation/72501
25945-71659,2026-02-26,HB 857,Cobb County; State Court; chief deputy clerk and clerk; change salary,LOCAL CONSENT CALENDAR,48,0,Pass,https://www.legis.ga.gov/legislation/71659
25945-72589,2026-02-26,HB 1083,Madison County; Magistrate Court; authorize assessment and collection of a technology fee,LOCAL CONSENT CALENDAR,48,0,Pass,https://www.legis.ga.gov/legislation/72589
25945-72590,2026-02-26,HB 1084,Madison County; Probate Court; authorize assessment and collection of a technology fee,LOCAL CONSENT CALENDAR,48,0,Pass,https://www.legis.ga.gov/legislation/72590
25947-72208,2026-02-26,SB 399,"""Mason Sells AED Coordination Act""; enact",PASSAGE BY SUBSTITUTE,49,0,Pass,https://www.legis.ga.gov/legislation/72208
25948-72632,2026-02-26,SB 441,Local Government Investment Pool; certain pooled investments to be approved by the State Depository Board; require,PASSAGE,49,0,Pass,https://www.legis.ga.gov/legislation/72632
25949-72945,2026-02-26,SB 470,"""Emergency & Public Safety Signal Protection Act""; enact",PASSAGE BY SUBSTITUTE,47,0,Pass,https://www.legis.ga.gov/legislation/72945
25950-72966,2026-02-26,SB 472,Local Boards of Education; audit findings or findings by the state auditor of financial mismanagement or misconduct; provide for the suspension of members,PASSAGE BY SUBSTITUTE,40,8,Pass,https://www.legis.ga.gov/legislation/72966
25951-73166,2026-02-26,SB 500,Behavioral Health Care Workforce Data Base; expand to include data from licensed health care professionals,PASSAGE,46,3,Pass,https://www.legis.ga.gov/legislation/73166
25952-73241,2026-02-26,SB 513,"""Every Day Counts Act""; enact",PASSAGE,46,1,Pass,https://www.legis.ga.gov/legislation/73241
25953-73414,2026-02-26,SB 535,Mental Health; the re-creation of community service boards; provide,PASSAGE BY SUBSTITUTE,45,2,Pass,https://www.legis.ga.gov/legislation/73414
25956-69596,2026-03-03,HB 158,Commerce and trade; filing of registration statements with the office of the Secretary of State; provide,PASSAGE,168,3,Pass,https://www.legis.ga.gov/legislation/69596
25957-72840,2026-03-03,HB 1191,Motor vehicles; additional military medal awards eligible for special veteran license plates; provide,PASSAGE,170,0,Pass,https://www.legis.ga.gov/legislation/72840
25958-72841,2026-03-03,HB 1192,Public assistance; certain accounting practices by Department of Human Services and Department of Community Health; provide,PASSAGE,170,0,Pass,https://www.legis.ga.gov/legislation/72841
25959-72844,2026-03-03,HB 1195,Veterinarians; practice and provision of veterinary teletriage and veterinary telemedicine; revise provisions,PASSAGE,172,0,Pass,https://www.legis.ga.gov/legislation/72844
25960-71103,2026-03-03,HB 717,Medical Practice Act; regulation of the administration of psychedelic-assisted treatment and therapy; provide,PASSAGE,73,88,Fail,https://www.legis.ga.gov/legislation/71103
25961-72845,2026-03-03,HB 1196,Crimes; offense of criminal trespass involving a wild animal; provide,PASSAGE,167,0,Pass,https://www.legis.ga.gov/legislation/72845
25962-72877,2026-03-03,HB 1201,Fire protection; compliance with safety standards for smoke detectors; provide,PASSAGE,166,1,Pass,https://www.legis.ga.gov/legislation/72877
25963-72885,2026-03-03,HB 1209,Sales and use tax; purchases of tangible property and construction materials used for or in the construction and furnishing of certain buildings; provide exemption,PASSAGE,160,8,Pass,https://www.legis.ga.gov/legislation/72885
25964-72527,2026-03-03,HR 1114,Homeowner's Incentive Adjustment clause; remove cap on benefits - CA,ADOPT,99,73,Pass,https://www.legis.ga.gov/legislation/72527
25965-73061,2026-03-03,HB 1268,"Official Code of Georgia Annotated; revise, modernize and correct errors or omissions",PASSAGE,168,0,Pass,https://www.legis.ga.gov/legislation/73061
25966-73198,2026-03-03,HB 1310,State symbols; cotton as official state fabric; designate,PASSAGE,158,0,Pass,https://www.legis.ga.gov/legislation/73198
25967-72951,2026-03-03,HB 1230,Aviation; prohibit operation of unmanned aircraft systems over a place of incarceration,PASSAGE,166,2,Pass,https://www.legis.ga.gov/legislation/72951
25968-72375,2026-03-03,HB 1045,You Are Not Alone Awareness Act; enact,PASSAGE,168,0,Pass,https://www.legis.ga.gov/legislation/72375
25969-70949,2026-03-03,HB 664,Property owners' associations; development and affirmative election; provisions ,PASSAGE,121,44,Pass,https://www.legis.ga.gov/legislation/70949
25970-73141,2026-03-03,HB 1290,Crimes and offenses; protection of elder persons; sexual abuse; revise definition,PASSAGE,167,0,Pass,https://www.legis.ga.gov/legislation/73141
25971-73438,2026-03-03,HB 1396,State government; require certain privately funded organizations that operate a shelter or provide outreach services to homeless individuals participate in the Georgia Homeless Management Information System (HMIS),PASSAGE,105,58,Pass,https://www.legis.ga.gov/legislation/73438
25972-72502,2026-03-03,HB 1076,Crimes and offenses; create felony offense of obstruction of a law enforcement officer with a motor vehicle,PASSAGE,97,64,Pass,https://www.legis.ga.gov/legislation/72502
25974-72674,2026-03-03,HB 1120,Union County; governing authority; change from a sole commissioner to a five-member board of commissioners; provide advisory referendum,LOCAL CONSENT CALENDAR,45,0,Pass,https://www.legis.ga.gov/legislation/72674
25974-72822,2026-03-03,SB 457,City of Mulberry; provision of services and exercise of powers by the city; provide,LOCAL CONSENT CALENDAR,45,0,Pass,https://www.legis.ga.gov/legislation/72822
25974-72889,2026-03-03,HB 1213,"Mableton, City of; Redevelopment Powers Law; provide for a referendum",LOCAL CONSENT CALENDAR,45,0,Pass,https://www.legis.ga.gov/legislation/72889
25974-73174,2026-03-03,HB 1297,Pierce County; Magistrate Court; authorize assessment and collection of a technology fee,LOCAL CONSENT CALENDAR,45,0,Pass,https://www.legis.ga.gov/legislation/73174
25974-73478,2026-03-03,SB 543,"Board of Commissioners of Roads and Revenues for Butts County; required to read an ordinance, resolution, or other matter before the board at one meeting prior to the adoption; provide",LOCAL CONSENT CALENDAR,45,0,Pass,https://www.legis.ga.gov/legislation/73478
25974-73488,2026-03-03,SB 544,Butts County; a homestead exemption from Butts County ad valorem taxes for county purposes; provide,LOCAL CONSENT CALENDAR,45,0,Pass,https://www.legis.ga.gov/legislation/73488
25974-73491,2026-03-03,SB 545,Butts County; a homestead exemption from Butts County ad valorem taxes for county purposes; provide,LOCAL CONSENT CALENDAR,45,0,Pass,https://www.legis.ga.gov/legislation/73491
25974-73550,2026-03-03,SB 560,County Board of Education of DeKalb County; provisions governing the use of third party search firms in selecting a superintendent; provide,LOCAL CONSENT CALENDAR,45,0,Pass,https://www.legis.ga.gov/legislation/73550
25974-73565,2026-03-03,SB 567,"""Ellaville-Schley County Parks and Recreation Authority Act""; enact",LOCAL CONSENT CALENDAR,45,0,Pass,https://www.legis.ga.gov/legislation/73565
25974-73573,2026-03-03,SB 575,City of Metter; ad valorem taxes for municipal purposes; provide a homestead exemption,LOCAL CONSENT CALENDAR,45,0,Pass,https://www.legis.ga.gov/legislation/73573
25974-73577,2026-03-03,SB 574,City of Metter; ad valorem taxes for municipal purposes; provide a homestead exemption,LOCAL CONSENT CALENDAR,45,0,Pass,https://www.legis.ga.gov/legislation/73577
25975-73332,2026-03-03,SR 800,Joint Study Committee on the Generational Sustainability of Family Farms; create,ADOPTION,47,0,Pass,https://www.legis.ga.gov/legislation/73332
25976-70139,2026-03-03,HB 377,Buildings and housing; manufactured homes; provisions,PASSAGE BY SUBSTITUTE,45,6,Pass,https://www.legis.ga.gov/legislation/70139
25977-70675,2026-03-03,SB 240,Georgia Native Plant Month; designate April of each year,PASSAGE BY SUBSTITUTE,53,0,Pass,https://www.legis.ga.gov/legislation/70675
25978-72582,2026-03-03,SB 437,"State Building, Plumbing, and Electrical Codes; acknowledgement of an applicant's use of a private professional provider to conduct a plan review or inspection; provide",PASSAGE BY SUBSTITUTE,52,1,Pass,https://www.legis.ga.gov/legislation/72582
25980-72639,2026-03-03,SB 443,"Offenses Against Public Order; the punishment for the offense of obstructing highways, streets, sidewalks, or other public passages; increase",PASSAGE BY SUBSTITUTE,35,17,Pass,https://www.legis.ga.gov/legislation/72639
25981-72694,2026-03-03,SB 447,Control of Soil Erosion and Sedimentation; denial or nonacceptance of permits; revise provisions,PASSAGE BY SUBSTITUTE,46,4,Pass,https://www.legis.ga.gov/legislation/72694
25982-72849,2026-03-03,SB 463,Specialized Land Transactions; business enterprises or business enterprises controlled by natural born persons from owning an interest in more than 500 single-family residential properties; prohibit,PASSAGE BY SUBSTITUTE,49,3,Pass,https://www.legis.ga.gov/legislation/72849
25983-72902,2026-03-03,SB 468,Sexual Offender Risk Review Board; reporting requirements of sexual offenders; increase,PASSAGE BY SUBSTITUTE,51,2,Pass,https://www.legis.ga.gov/legislation/72902
25984-73378,2026-03-03,SB 527,Sheriffs; candidates for the office of sheriff are certified peace officers at the time of qualifying as a candidate; require,PASSAGE,49,3,Pass,https://www.legis.ga.gov/legislation/73378
25985-72949,2026-03-03,SB 471,Education; requires a student to wear a face mask or face covering while present on school property; eliminate automatic repeal provision,PASSAGE,51,1,Pass,https://www.legis.ga.gov/legislation/72949
25986-73140,2026-03-03,SB 497,School Students; written notification to a parent when a student receives certain noninstructional services from certain school employees; require,PASSAGE,34,18,Pass,https://www.legis.ga.gov/legislation/73140
25988-73113,2026-03-04,SB 494,Board of Commissioners of Irwin County; the compensation of the board of commissioners; revise provisions,Local Calendar,166,1,Pass,https://www.legis.ga.gov/legislation/73113
25988-73246,2026-03-04,HB 1317,"Fort Oglethorpe, City of; levy an excise tax",Local Calendar,166,1,Pass,https://www.legis.ga.gov/legislation/73246
25988-73527,2026-03-04,HB 1424,Sumter County; board of education; revise compensation,Local Calendar,166,1,Pass,https://www.legis.ga.gov/legislation/73527
25988-73547,2026-03-04,HB 1435,"Mount Airy, Town of; Municipal Court; authorize assessment and collection of a technology fee",Local Calendar,166,1,Pass,https://www.legis.ga.gov/legislation/73547
25988-73626,2026-03-04,HB 1453,Jeff Davis County; levy an excise tax,Local Calendar,166,1,Pass,https://www.legis.ga.gov/legislation/73626
25991-73461,2026-03-04,HB 1408,Veterinarians; authorize licensed veterinary technicians to administer antirabies vaccinations to animals ,PASSAGE,170,0,Pass,https://www.legis.ga.gov/legislation/73461
25992-72672,2026-03-04,HB 1118,Public officers and employees; 120 hours of maternal birth leave; provide,PASSAGE,170,0,Pass,https://www.legis.ga.gov/legislation/72672
25993-72829,2026-03-04,HB 1187,Trey's Law; enact,PASSAGE,174,0,Pass,https://www.legis.ga.gov/legislation/72829
25994-73133,2026-03-04,HB 1284,Education; awarding of high school diplomas to high school students who are at the end of life; provide,PASSAGE,172,0,Pass,https://www.legis.ga.gov/legislation/73133
25995-73444,2026-03-04,HB 1402,Education; vision and hearing screening for all public school students enrolled in pre-kindergarten through third grade; require,PASSAGE,172,1,Pass,https://www.legis.ga.gov/legislation/73444
25996-73189,2026-03-04,HB 1302,Education and Workforce Strategy Act; enact,PASSAGE,172,2,Pass,https://www.legis.ga.gov/legislation/73189
25997-73116,2026-03-04,HB 1275,Medical practice; ensure that stem cell therapies are used to advance medical treatments and improve patient outcomes in an ethical manner that does not involve stem cells derived from aborted fetuses,PASSAGE,172,0,Pass,https://www.legis.ga.gov/legislation/73116
25998-72257,2026-03-04,HB 990,"Public Safety, Department of; creation of a program to assist former handlers and adopters of retired law enforcement dogs with veterinary care costs; provide",PASSAGE,171,0,Pass,https://www.legis.ga.gov/legislation/72257
25999-72210,2026-03-04,HB 961,Surprise Billing Consumer Protection Act; insurance coverage for certain out-of-network ambulance transportation service; provide,PASSAGE,174,1,Pass,https://www.legis.ga.gov/legislation/72210
26000-69969,2026-03-04,HB 295,Local government; procedures for real property owners to make claims for compensation for loss of property value or expenses incurred; provisions,PASSAGE,98,75,Pass,https://www.legis.ga.gov/legislation/69969
26001-72697,2026-03-04,HB 1138,Increasing Access to Contraceptives Act; enact,PASSAGE,162,4,Pass,https://www.legis.ga.gov/legislation/72697
26002-72293,2026-03-04,HB 1000,Income tax; one-time tax credit for individual taxpayers who filed income tax returns for the 2024 and 2025 taxable years; provide,PASSAGE,172,0,Pass,https://www.legis.ga.gov/legislation/72293
26003-72731,2026-03-04,HB 1159,"Income tax; all income received by individuals, corporations, and partnerships under the Farmer Bridge Assistance Program; exempt from taxation",PASSAGE,170,2,Pass,https://www.legis.ga.gov/legislation/72731
26004-72910,2026-03-04,HB 1220,Education; student eligibility and maximum scholarship amounts; revise provisions,PASSAGE,106,63,Pass,https://www.legis.ga.gov/legislation/72910
26005-73059,2026-03-04,HB 1266,Watercraft; use of certain motors on vessels being operated on the Ogeechee River; repeal a provision,PASSAGE,164,0,Pass,https://www.legis.ga.gov/legislation/73059
26006-73429,2026-03-04,HB 1391,Specialty license plates; honor public safety officers; establish,PASSAGE,168,0,Pass,https://www.legis.ga.gov/legislation/73429
26007-73431,2026-03-04,HB 1393,Hospitals; allow rural hospitals to join together to allow further purchasing power with third-party payors but retain their independence,PASSAGE,170,0,Pass,https://www.legis.ga.gov/legislation/73431
26008-73544,2026-03-04,HB 1432,Georgia Public Defender Council; provide for vacancies on the legislative oversight committee,PASSAGE,168,1,Pass,https://www.legis.ga.gov/legislation/73544
26009-72211,2026-03-04,HB 962,Georgia Higher Education Savings Plan; Board of Directors shall determine maximum contribution limit for savings trust accounts; provide,PASSAGE,163,5,Pass,https://www.legis.ga.gov/legislation/72211
26010-72709,2026-03-04,HB 1148,Income tax; donation of real property for conservation purposes; revise tax credits,PASSAGE,163,3,Pass,https://www.legis.ga.gov/legislation/72709
26011-72503,2026-03-04,HB 1077,"Sales and use tax; exemption for sales of tickets, fees, and charges of admission to certain museums and fine arts performances or exhibitions at nonprofit facilities; extend sunset date",PASSAGE,155,15,Pass,https://www.legis.ga.gov/legislation/72503
26012-70138,2026-03-04,HB 376,Income tax; rehabilitation of certified structures; increase amount of tax credits,PASSAGE,161,9,Pass,https://www.legis.ga.gov/legislation/70138
26013-72955,2026-03-04,HB 1234,State Employees' Assurance Department; assignment of certain group term life insurance benefits to pay for funeral services of a deceased individual who was a member of certain retirement systems; provisions,PASSAGE,166,2,Pass,https://www.legis.ga.gov/legislation/72955
26014-72959,2026-03-04,HB 1238,"Community Health, Department of; submit a waiver request to the federal Centers for Medicare and Medicaid Services to authorize the qualification of certain caregivers for Medicaid reimbursement",PASSAGE,167,2,Pass,https://www.legis.ga.gov/legislation/72959
26015-73077,2026-03-04,HB 1272,Banking and finance; licensing of payment stablecoin issuers; provisions,PASSAGE,154,16,Pass,https://www.legis.ga.gov/legislation/73077
26016-72593,2026-03-04,HB 1087,Disabled Veteran Home Modification Act; enact,PASSAGE,173,0,Pass,https://www.legis.ga.gov/legislation/72593
26017-73173,2026-03-04,HB 1296,Mental health; pilot program to support clinical research of certain veterans and first responders suffering from certain conditions; provide,PASSAGE,169,0,Pass,https://www.legis.ga.gov/legislation/73173
26018-72688,2026-03-04,HB 1134,Property; repossessors of motor vehicles; revise notice requirements ,PASSAGE,139,16,Pass,https://www.legis.ga.gov/legislation/72688
26019-72216,2026-03-04,HB 967,Criminal Justice Coordinating Council; provide financial assistance to law enforcement agencies to equip certain motor vehicles with bullet-resistant features; establish grant program ,PASSAGE,155,1,Pass,https://www.legis.ga.gov/legislation/72216
26020-72239,2026-03-04,HB 979,State government; procedures for retrocession of jurisdiction in certain circumstances; provide,PASSAGE,161,0,Pass,https://www.legis.ga.gov/legislation/72239
26021-72212,2026-03-04,HB 963,Elections; prohibit foreign nationals from contributing to or participating in any campaign,PASSAGE,140,24,Pass,https://www.legis.ga.gov/legislation/72212
26022-73420,2026-03-04,HR 1416,Joint Study Committee on Generational Sustainability of Family Farms; create,ADOPT,164,0,Pass,https://www.legis.ga.gov/legislation/73420
26023-72891,2026-03-04,HR 1243,Georgia Next Generation 9-1-1 Fund; authorize creation - CA,ADOPT,162,0,Pass,https://www.legis.ga.gov/legislation/72891
26024-72682,2026-03-04,HB 1128,State Board of Workers' Compensation; notice of eligibility for compensation to an injured employee to his or her legal guardian; provide,PASSAGE,158,0,Pass,https://www.legis.ga.gov/legislation/72682
26025-72683,2026-03-04,HB 1129,Local government; designation of enterprise zones; provisions,PASSAGE,160,1,Pass,https://www.legis.ga.gov/legislation/72683
26026-72687,2026-03-04,HB 1133,Georgia Environmental Finance Authority; finance and perform certain duties in connection with projects related to facilitating solar installations on closed landfills; authorize,PASSAGE,160,2,Pass,https://www.legis.ga.gov/legislation/72687
26027-72887,2026-03-04,HB 1211,"Insurance; guidelines and recommendations for colorectal cancer screening, examinations, and laboratory tests; provide",PASSAGE,165,0,Pass,https://www.legis.ga.gov/legislation/72887
26028-73010,2026-03-04,HB 1247,Georgia Bureaucratic Deference Elimination Act; enact,PASSAGE,98,63,Pass,https://www.legis.ga.gov/legislation/73010
26029-73345,2026-03-04,HB 1365,Atlanta Judicial Circuit; superior courts; provide twenty-first judge,PASSAGE,160,0,Pass,https://www.legis.ga.gov/legislation/73345
26030-73363,2026-03-04,HB 1374,Insurance; methods of payment to healthcare providers; provide certain requirements,PASSAGE,159,0,Pass,https://www.legis.ga.gov/legislation/73363
26031-73348,2026-03-04,HB 1368,Mental health; re-creation of community service boards; provide,PASSAGE,156,2,Pass,https://www.legis.ga.gov/legislation/73348
26032-73172,2026-03-04,HB 1295,Physician Assistant Licensure Compact; enter into an interstate compact,PASSAGE,157,3,Pass,https://www.legis.ga.gov/legislation/73172
26033-73190,2026-03-04,HB 1303,Crimes and offenses; offense of possession of a controlled substance in the presence of a child; provide,PASSAGE,147,12,Pass,https://www.legis.ga.gov/legislation/73190
26034-70297,2026-03-04,HB 438,Employees' Retirement System of Georgia; allow certain sworn law enforcement officers to be eligible for retirement benefits at age 55; provisions,PASSAGE,159,0,Pass,https://www.legis.ga.gov/legislation/70297
26035-72791,2026-03-04,HB 1178,Budget and Fiscal Affairs Oversight Committee of the House of Representatives; establish,PASSAGE,158,0,Pass,https://www.legis.ga.gov/legislation/72791
26036-73368,2026-03-04,HB 1379,Foreign Funding Transparency and Accountability Act; enact,PASSAGE,139,16,Pass,https://www.legis.ga.gov/legislation/73368
26040-72998,2026-03-04,SB 478,Outdoor Stewardship; provide for a sunset,PASSAGE,55,0,Pass,https://www.legis.ga.gov/legislation/72998
26041-73112,2026-03-04,SB 489,Board of Commissioners of the Judges of the Probate Courts Retirement Fund of Georgia; allow to set monthly dues,PASSAGE,53,1,Pass,https://www.legis.ga.gov/legislation/73112
26042-73184,2026-03-04,SB 503,Insurance; rental home marketplace guarantees from the definition of property insurance; exempt,PASSAGE BY SUBSTITUTE,42,11,Pass,https://www.legis.ga.gov/legislation/73184
26044-73343,2026-03-04,SB 523,Education; public schools and postsecondary educational institutions to consider antisemitism in the same manner as discrimination based on religion; authorize,PASSAGE,50,2,Pass,https://www.legis.ga.gov/legislation/73343
26045-73353,2026-03-04,SB 524,License Plates; specialty license plate honoring Girl Scouts of Georgia; establish,PASSAGE BY SUBSTITUTE,51,0,Pass,https://www.legis.ga.gov/legislation/73353
26047-73523,2026-03-04,SB 552,"""True Patriotism and Universal Student Access (TPUSA) Act""; enact",PASSAGE,46,7,Pass,https://www.legis.ga.gov/legislation/73523
26048-73554,2026-03-04,SB 565,Peace Officers; the definition of law enforcement unit and peace officer to include members of police forces of nonprofit private colleges and universities; revise,PASSAGE,53,0,Pass,https://www.legis.ga.gov/legislation/73554
26050-72473,2026-03-04,SR 624,Officer Drew Haynes Brown Memorial Intersection; Cobb County; dedicate,ADOPTION BY SUBSTITUTE,54,0,Pass,https://www.legis.ga.gov/legislation/72473
26052-72253,2026-03-04,SB 406,"""Georgia Property Owners' Bill of Rights Act""; enact",PASSAGE BY SUBSTITUTE,53,0,Pass,https://www.legis.ga.gov/legislation/72253
26053-70262,2026-03-04,SB 157,Retirement; certain members or former members of the General Assembly to buy into the Georgia Legislative Retirement System; provide,PASSAGE,49,1,Pass,https://www.legis.ga.gov/legislation/70262
26054-70478,2026-03-04,SB 198,Georgia Legislative Retirement System; board of trustees of the system to increase benefit multipliers for members; provide,PASSAGE,45,5,Pass,https://www.legis.ga.gov/legislation/70478
26055-70557,2026-03-04,SB 216,Georgia Judicial Retirement System; membership in the system for individuals employed as the director of the Prosecuting Attorneys Qualifications Commission; provide,PASSAGE,49,2,Pass,https://www.legis.ga.gov/legislation/70557
26057-70638,2026-03-04,SB 230,Condominiums; maximum amount of insurance deductibles payable by unit owners; remove the limitation,PASSAGE BY SUBSTITUTE,51,2,Pass,https://www.legis.ga.gov/legislation/70638
26058-70890,2026-03-04,SB 261,Magistrates Retirement Fund; early retirement benefit; provide,PASSAGE BY SUBSTITUTE,53,1,Pass,https://www.legis.ga.gov/legislation/70890
26059-70897,2026-03-04,SB 285,Emergency Communications Authority; increase in the percentage of all 9-1-1 charges to be remitted to the Peace Officers' Annuity and Benefit Fund; increase,PASSAGE BY SUBSTITUTE,49,4,Pass,https://www.legis.ga.gov/legislation/70897
26060-71006,2026-03-04,SB 306,Bona Fide Conservation Use Property; impending expiration to be sent via certified mail; require notices,PASSAGE BY SUBSTITUTE,49,0,Pass,https://www.legis.ga.gov/legislation/71006
26061-72466,2026-03-04,SB 425,Education; all schools that receive state funding with students in any of grades three through five to provide instruction in cursive handwriting to all students by no later than third grade; require,PASSAGE,43,9,Pass,https://www.legis.ga.gov/legislation/72466
26063-71103,2026-03-06,HB 717,Medical Practice Act; regulation of the administration of psychedelic-assisted treatment and therapy; provide,PASSAGE,155,8,Pass,https://www.legis.ga.gov/legislation/71103
26064-73170,2026-03-06,HB 1293,Education; updated eligibility requirements for the Dual Achievement Program; provide,PASSAGE,166,0,Pass,https://www.legis.ga.gov/legislation/73170
26065-72642,2026-03-06,HB 1114,Quality Basic Education Act; allow for students in ninth and tenth grade to complete the high school graduation financial literacy course requirement,PASSAGE,171,0,Pass,https://www.legis.ga.gov/legislation/72642
26066-73259,2026-03-06,HB 1328,University of North Georgia military scholarships; authorize selection committee to select additional scholarship recipients,PASSAGE,172,0,Pass,https://www.legis.ga.gov/legislation/73259
26067-73287,2026-03-06,HB 1345,State Workforce Development Board; approval of certain eligible workforce training programs relative to implementing the federal Workforce Pell Grant program; provide,PASSAGE,168,0,Pass,https://www.legis.ga.gov/legislation/73287
26068-73608,2026-03-06,HB 1446,Health; transfer responsibility for oversight of emergency medical services from Department of Public Health to Georgia Emergency Medical Services and Trauma Council,PASSAGE,52,114,Fail,https://www.legis.ga.gov/legislation/73608
26070-72636,2026-03-06,HB 1112,Commerce and trade; rounding of total price of sale of goods or services when using legal tender; provide,PASSAGE,167,2,Pass,https://www.legis.ga.gov/legislation/72636
26071-73132,2026-03-06,HB 1283,Family Justice Center Act; enact,PASSAGE,163,0,Pass,https://www.legis.ga.gov/legislation/73132
26072-70584,2026-03-06,HB 547,"Revenue and taxation; bona fide conservation use property; permit combination of multiple covenants into a single, new, ten-year covenant ",PASSAGE,169,2,Pass,https://www.legis.ga.gov/legislation/70584
26073-69942,2026-03-06,HB 275,Income tax; change certain definitions,PASSAGE,169,0,Pass,https://www.legis.ga.gov/legislation/69942
26074-71841,2026-03-06,HB 874,Georgia Taxpayer Privacy Protection Act; enact,PASSAGE,166,1,Pass,https://www.legis.ga.gov/legislation/71841
26075-73032,2026-03-06,HB 1261,Revenue and taxation; level 1 freeport exemptions for certain goods in inventory for electric utilities; provide,PASSAGE,100,66,Pass,https://www.legis.ga.gov/legislation/73032
26076-71847,2026-03-06,HB 880,Income tax; reduce tax rate that may be reached under certain conditions,PASSAGE,102,69,Pass,https://www.legis.ga.gov/legislation/71847
26077-72676,2026-03-06,HB 1122,Insurance; group or individual accident and sickness plans; provisions,PASSAGE,167,2,Pass,https://www.legis.ga.gov/legislation/72676
26078-73253,2026-03-06,HB 1324,Crimes and offenses; possessing a silencer; repeal prohibition,PASSAGE,87,76,Pass,https://www.legis.ga.gov/legislation/73253
26079-71922,2026-03-06,HB 892,Professions and businesses; prohibit massage therapy businesses from operating during certain set hours,PASSAGE,158,6,Pass,https://www.legis.ga.gov/legislation/71922
26080-73073,2026-03-06,HR 1300,Representative Penny Houston Roundabout; Cook County; dedicate,ADOPT,170,0,Pass,https://www.legis.ga.gov/legislation/73073
26081-73546,2026-03-06,HB 1434,Aviation; air facilities; identification of airport affected areas; provide,PASSAGE,170,0,Pass,https://www.legis.ga.gov/legislation/73546
26082-70064,2026-03-06,HB 334,Sickle Cell Disease Protection Act; enact,PASSAGE,159,7,Pass,https://www.legis.ga.gov/legislation/70064
26083-72130,2026-03-06,HR 1000,Revenue and taxation; eliminate ad valorem tax assessment of certain timber at sale or harvest - CA,ADOPT,166,4,Pass,https://www.legis.ga.gov/legislation/72130
26084-72176,2026-03-06,HB 951,Insurance; require health benefit policy coverage for medically necessary orthotic and prosthetic devices and their materials and components,PASSAGE,163,2,Pass,https://www.legis.ga.gov/legislation/72176
26085-70840,2026-03-06,HB 641,Public utilities; require electric supplier to hold the proposed discontinuation of electrical service to a residential customer who suffers from a serious illness in abeyance for a certain period of time,PASSAGE,134,28,Pass,https://www.legis.ga.gov/legislation/70840
26086-70962,2026-03-06,HB 668,Crimes and offenses; change references to assistance and guide dogs to service dogs,PASSAGE,168,0,Pass,https://www.legis.ga.gov/legislation/70962
26087-72776,2026-03-06,HB 1166,Local government; zoning decisions shall not affect or be required for certain residential dwellings of 400 square feet or fewer; provide,PASSAGE,111,50,Pass,https://www.legis.ga.gov/legislation/72776
26088-70265,2026-03-06,HB 421,Interstate Sexual Predator Prevention Act; enact,PASSAGE,164,0,Pass,https://www.legis.ga.gov/legislation/70265
26089-70182,2026-03-06,HB 382,Controlled substances; Schedule I; psilocybin; revise a provision,PASSAGE,167,0,Pass,https://www.legis.ga.gov/legislation/70182
26090-72644,2026-03-06,HB 1116,Homeownership Opportunity and Market Equalization Act of 2026; enact,PASSAGE,98,68,Pass,https://www.legis.ga.gov/legislation/72644
26091-72701,2026-03-06,HB 1142,Courts; require certain agreements for certain offenses to be eligible for a Pretrial Intervention and Diversion Program,PASSAGE,163,0,Pass,https://www.legis.ga.gov/legislation/72701
26092-73021,2026-03-06,HB 1254,Professions and businesses; move regulation of various professions from individual boards to Secretary of State,PASSAGE,163,3,Pass,https://www.legis.ga.gov/legislation/73021
26093-73469,2026-03-06,HB 1415,"Stone Mountain Memorial Association; hold all real property obtained before January 1, 1971, in trust; require",PASSAGE,138,24,Pass,https://www.legis.ga.gov/legislation/73469
26094-73723,2026-03-06,HB 1470,Torts; abusive litigation based on alleged website access violations under federal and state law; create a cause of action,PASSAGE,144,22,Pass,https://www.legis.ga.gov/legislation/73723
26095-72686,2026-03-06,HB 1132,"Sales and use tax; exempt materials used in construction, renovation, and rehabilitation of affordable housing by purely public charities",PASSAGE,163,3,Pass,https://www.legis.ga.gov/legislation/72686
26096-73467,2026-03-06,HB 1413,Georgia Student Finance Authority; establish a needs based scholarship program for students at eligible public and private postsecondary institutions,PASSAGE,165,2,Pass,https://www.legis.ga.gov/legislation/73467
26097-73700,2026-03-06,HB 1465,Motor vehicles; repeal requirement to display a revalidation decal as evidence of annual motor vehicle registration renewal,PASSAGE,158,8,Pass,https://www.legis.ga.gov/legislation/73700
26098-73462,2026-03-06,HB 1409,Domestic relations; revise mandated reporting of child abuse,PASSAGE,166,0,Pass,https://www.legis.ga.gov/legislation/73462
26099-71020,2026-03-06,HR 450,General Assembly; authorize sports betting in Georgia; provide by law - CA,ADOPT,63,98,Fail,https://www.legis.ga.gov/legislation/71020
26104-72881,2026-03-06,HB 1205,"Yatesville, City of; provide new charter",LOCAL CONSENT CALENDAR,49,0,Pass,https://www.legis.ga.gov/legislation/72881
26104-73334,2026-03-06,HB 1357,Bulloch County Public Facilities Authority; revenue bonding authority; revise provisions,LOCAL CONSENT CALENDAR,49,0,Pass,https://www.legis.ga.gov/legislation/73334
26104-73337,2026-03-06,HB 1358,Brooks County; Magistrate Court; authorize assessment and collection of a technology fee,LOCAL CONSENT CALENDAR,49,0,Pass,https://www.legis.ga.gov/legislation/73337
26104-73338,2026-03-06,HB 1359,Brooks County; board of elections and registration; expand to five members,LOCAL CONSENT CALENDAR,49,0,Pass,https://www.legis.ga.gov/legislation/73338
26104-73364,2026-03-06,HB 1375,Hall County; State Court; judges; restate provisions,LOCAL CONSENT CALENDAR,49,0,Pass,https://www.legis.ga.gov/legislation/73364
26104-73709,2026-03-06,SB 601,"Atlanta Board of Education; residency limitations on qualifications for employment of the executive assistant to the board, chief financial officer, and internal auditor; remove",LOCAL CONSENT CALENDAR,49,0,Pass,https://www.legis.ga.gov/legislation/73709
26104-73765,2026-03-06,SB 612,City of Cochran Public Facilities Authority; create ,LOCAL CONSENT CALENDAR,49,0,Pass,https://www.legis.ga.gov/legislation/73765
26104-73789,2026-03-06,SB 613,Superior Court of Clayton County; change the compensation of the sheriff,LOCAL CONSENT CALENDAR,49,0,Pass,https://www.legis.ga.gov/legislation/73789
26104-73790,2026-03-06,SB 614,City of Hampton; homestead exemption; ad valorem taxes for municipal purposes; provide,LOCAL CONSENT CALENDAR,49,0,Pass,https://www.legis.ga.gov/legislation/73790
26104-73853,2026-03-06,SB 616,Fulton County; written consent for the creation of community improvement districts; provide,LOCAL CONSENT CALENDAR,49,0,Pass,https://www.legis.ga.gov/legislation/73853
26107-73522,2026-03-06,SB 553,"Professions and Businesses; repeal Chapter 14, relating to electrical contractors, plumbers, conditioned air contractors, low voltage contractors, and utility contractors and enact a new Chapter 14",PASSAGE BY SUBSTITUTE,52,0,Pass,https://www.legis.ga.gov/legislation/73522
26108-72285,2026-03-06,SB 410,State Sales and Use Taxes; the data center equipment sales and use tax exemption; repeal,PASSAGE BY SUBSTITUTE,32,21,Pass,https://www.legis.ga.gov/legislation/72285
26109-73480,2026-03-06,SB 542,Sexual Offenses; clergy members to be charged with certain improper sexual contact offenses; permit,PASSAGE BY SUBSTITUTE,55,0,Pass,https://www.legis.ga.gov/legislation/73480
26110-72635,2026-03-06,SB 442,Drivers' Licenses; revocation and expiration of commercial drivers' licenses for noncitizens; provide,PASSAGE BY SUBSTITUTE,41,14,Pass,https://www.legis.ga.gov/legislation/72635
26112-72665,2026-03-06,SB 445,"""Georgia Promise Scholarship Act""; public schools with a state-wide attendance zone and certain charter schools shall not be included in the separate list of public schools annually reported by the Office of Student Achievement; provide",PASSAGE BY SUBSTITUTE,50,2,Pass,https://www.legis.ga.gov/legislation/72665
26113-73537,2026-03-06,SB 555,War Veterans Home; the admission of eligible nonveteran residents to a Georgia War Veterans' Home under certain circumstances; authorize,PASSAGE,54,0,Pass,https://www.legis.ga.gov/legislation/73537
26114-73564,2026-03-06,SB 566,Ad Valorem Taxation of Property; the acceptance of tax digests in the event of a publication error made by a newspaper; provide,PASSAGE BY SUBSTITUTE,53,0,Pass,https://www.legis.ga.gov/legislation/73564
26115-72392,2026-03-06,SB 423,"Government Transparency; campaign committees, independent committees, political action committees, and leadership committees from accepting contributions or donations from non-Georgia persons that exceed 50 percent of all contributions received; prohibit ",PASSAGE BY SUBSTITUTE,33,21,Pass,https://www.legis.ga.gov/legislation/72392
26116-73568,2026-03-06,SB 572,Criminal Prosecutions; an additional justification for use of force in defense of self or others; provide,PASSAGE,30,23,Pass,https://www.legis.ga.gov/legislation/73568
26117-72634,2026-03-06,SB 439,"""Fair Business Practices Act of 1975""; regulation of referral agencies for assisted living communities and personal care homes; provide",PASSAGE BY SUBSTITUTE,53,0,Pass,https://www.legis.ga.gov/legislation/72634
26118-73520,2026-03-06,SR 838,"""State Assurance of Voter Eligibility (SAVE) Amendment"" -CA",ADOPTION OF CONSTITUTIONAL AMENDMENT,32,23,Pass,https://www.legis.ga.gov/legislation/73520
26119-73517,2026-03-06,SB 551,"Standard, Labeling, and Adulteration of Food; eggs; repeal provisions",PASSAGE,45,0,Pass,https://www.legis.ga.gov/legislation/73517
26120-73571,2026-03-06,SB 573,Primaries and Elections; the nonpartisan election for county officers and district attorneys in certain counties; provide,PASSAGE,24,29,Fail,https://www.legis.ga.gov/legislation/73571
26121-73645,2026-03-06,SB 587,Offenses Against Public Health and Morals; the establishment of an animal cruelty database; provide,PASSAGE AS AMENDED,54,0,Pass,https://www.legis.ga.gov/legislation/73645
26122-73650,2026-03-06,SB 589,"""Quality Basic Education Act""; the date by which a child must attain a certain age to be eligible for enrollment in kindergarten or first grade; revise",PASSAGE BY SUBSTITUTE,54,0,Pass,https://www.legis.ga.gov/legislation/73650
26123-73715,2026-03-06,SB 605,Prosecuting Attorneys; additional grounds for discipline of a district attorney or solicitor-general or for his or her removal or involuntary retirement from office; provide,PASSAGE BY SUBSTITUTE,34,18,Pass,https://www.legis.ga.gov/legislation/73715
26124-73034,2026-03-06,SB 482,Law Enforcement Officers and Agencies; persons requesting booking photographs to provide the first and last names of the individuals in the photographs; require,PASSAGE BY SUBSTITUTE,53,0,Pass,https://www.legis.ga.gov/legislation/73034
26125-73452,2026-03-06,SB 540,Online Internet Safety; certain disclosures related to conversational AI services; require,PASSAGE BY SUBSTITUTE,54,0,Pass,https://www.legis.ga.gov/legislation/73452
26126-72763,2026-03-06,SB 454,Regulation of Fire and Other Hazards; use of temporary door locking devices in public buildings during certain emergency situations; authorize,PASSAGE,51,0,Pass,https://www.legis.ga.gov/legislation/72763
26127-73658,2026-03-06,SB 594,Internet and E-mail Fraud; the criminal offense of digital identity fraud; establish,PASSAGE,50,1,Pass,https://www.legis.ga.gov/legislation/73658
26128-73137,2026-03-06,SB 498,Georgia Charter School Facilities Authority; establish,PASSAGE BY SUBSTITUTE,49,3,Pass,https://www.legis.ga.gov/legislation/73137
26129-73180,2026-03-06,SB 501,Office of the Safety Fire Commissioner; update provisions,PASSAGE BY SUBSTITUTE,51,0,Pass,https://www.legis.ga.gov/legislation/73180
26130-73054,2026-03-06,SB 485,Professional Counselors; applicants for a license in social work enrolled in a master's degree program to take the master's social work licensing examination in their final semester of the program; authorize,PASSAGE,48,0,Pass,https://www.legis.ga.gov/legislation/73054
26131-73644,2026-03-06,SB 586,"""K-9 Law Enforcement Heroes Act of 2026""; enact",PASSAGE,51,0,Pass,https://www.legis.ga.gov/legislation/73644
26132-72895,2026-03-06,SB 465,Income Taxes; business enterprises that hire illegal aliens for large-scale projects from claiming certain tax credits associated with such projects; disqualify,PASSAGE BY SUBSTITUTE,49,0,Pass,https://www.legis.ga.gov/legislation/72895
26133-73482,2026-03-06,SB 547,Offenses of Pimping and Pandering; modify the penalties,PASSAGE,48,0,Pass,https://www.legis.ga.gov/legislation/73482
26134-73535,2026-03-06,SB 556,HOPE Scholarship; the inclusion of advanced placement and international baccalaureate fine arts courses in the calculation of grade point averages; provide,PASSAGE BY SUBSTITUTE,50,0,Pass,https://www.legis.ga.gov/legislation/73535
26135-73243,2026-03-06,SB 515,"""Quality Basic Education Act""; grants for educational programs; provisions relative to the teacher recruitment and retention tax credit program; revise",PASSAGE BY SUBSTITUTE,49,1,Pass,https://www.legis.ga.gov/legislation/73243
26136-73569,2026-03-06,SB 570,"""Georgia Human Trafficking Prevention Training Act""; enact",PASSAGE BY SUBSTITUTE,49,0,Pass,https://www.legis.ga.gov/legislation/73569
26137-73567,2026-03-06,SB 569,Motor Vehicles and Traffic; the issuance of emergency vehicle light permits for towing service companies in certain instances; provide,PASSAGE,45,5,Pass,https://www.legis.ga.gov/legislation/73567
26138-73714,2026-03-06,SB 604,"Crimes and Offenses; the Attorney General concurrent jurisdiction with district attorneys to conduct criminal prosecutions of violent crimes, illegal immigration offenses, and fentanyl offenses; provide",PASSAGE BY SUBSTITUTE,47,2,Pass,https://www.legis.ga.gov/legislation/73714
26139-73654,2026-03-06,SB 591,Offenses Against Public Order; the disruption of a religious service; prohibit,PASSAGE,39,13,Pass,https://www.legis.ga.gov/legislation/73654
26140-71181,2026-03-06,SB 324,Life Insurance; certain protections for life insurance policyholders and beneficiaries; provide,PASSAGE BY SUBSTITUTE,50,0,Pass,https://www.legis.ga.gov/legislation/71181
26141-72324,2026-03-06,SB 418,Torts; cause of action against the knowing and unauthorized use of an individual's photograph or image together with representations of nudity or sexually explicit conduct; provide,PASSAGE BY SUBSTITUTE,40,8,Pass,https://www.legis.ga.gov/legislation/72324
26142-73657,2026-03-06,SB 593,Development Impact Fees; disclosure of impact fees upon transfer of ownership; provide,PASSAGE BY SUBSTITUTE,50,0,Pass,https://www.legis.ga.gov/legislation/73657
26144-72667,2026-03-06,SR 668,"General Assembly; the assessment of property taxes on property; electronic equipment primarily used to process, store, or transmit digital information and data; authorize",ADOPTION BY SUBSTITUTE,29,21,Pass,https://www.legis.ga.gov/legislation/72667
26145-72830,2026-03-06,SB 458,"""Home Inspector Licensing Act of Georgia""; enact",PASSAGE BY SUBSTITUTE,46,2,Pass,https://www.legis.ga.gov/legislation/72830
26147-73712,2026-03-06,SR 875,"State-Wide Grand Juries; jurisdiction, powers, and duties; provide -CA",ADOPTION OF CONSTITUTIONAL AMENDMENT,28,21,Pass,https://www.legis.ga.gov/legislation/73712
26148-72464,2026-03-06,SB 424,"""Transactional Gold and Silver Act""; enact",PASSAGE,29,21,Pass,https://www.legis.ga.gov/legislation/72464
26149-71840,2026-03-06,SB 367,"Certificate of Need; health care facilities, services, and equipment dedicated exclusively to the treatment of cancer; provide for exemption",PASSAGE BY SUBSTITUTE,32,17,Pass,https://www.legis.ga.gov/legislation/71840
26150-72969,2026-03-06,SB 475,Charter School Funding; local boards of education to treat local charter schools no less favorably than other local schools; expenditure of the proceeds of a special purpose local option sales tax; require,PASSAGE BY SUBSTITUTE,43,6,Pass,https://www.legis.ga.gov/legislation/72969
26151-73161,2026-03-06,SB 499,Dangerous Instrumentalities and Practices; prohibition on possessing a silencer; repeal,PASSAGE BY SUBSTITUTE,30,20,Pass,https://www.legis.ga.gov/legislation/73161
26152-70406,2026-03-06,SB 190,"Parks, Historic Areas, Memorials, and Recreation; certain fee waivers for active duty members of the military, veterans, and family members; provide",PASSAGE BY SUBSTITUTE,50,0,Pass,https://www.legis.ga.gov/legislation/70406
26154-73566,2026-03-06,SB 568,Elections and Primaries; the list of eligible voters is posted and made public prior to each primary or election; require,PASSAGE BY SUBSTITUTE,27,21,Pass,https://www.legis.ga.gov/legislation/73566
26155-69382,2026-03-06,SB 11,Retirement; creditable service for certain military service; provide,PASSAGE,47,0,Pass,https://www.legis.ga.gov/legislation/69382
26156-73382,2026-03-06,SB 532,Proceedings; defendant notices of certain proceedings and pleadings when such defendant failed to file pleadings; provide,PASSAGE,47,0,Pass,https://www.legis.ga.gov/legislation/73382
26100-72145,2026-03-07,HB 947,Georgia SNAP Healthier Choices Act of 2026; enact,PASSAGE,95,66,Pass,https://www.legis.ga.gov/legislation/72145
26101-73134,2026-03-07,HB 1285,Sales and use tax; limit number of local sales and use taxes by authorizing counties; revise provisions,PASSAGE,98,58,Pass,https://www.legis.ga.gov/legislation/73134
26102-72884,2026-03-07,HB 1208,Civil practice; require depositions to be taken before certified court reporters,PASSAGE,138,17,Pass,https://www.legis.ga.gov/legislation/72884
26158-72055,2026-03-09,HR 948,House Study Committee on Pharmacy Benefits Managers and Consumer Access to Prescription Medications; create,ADOPT,157,0,Pass,https://www.legis.ga.gov/legislation/72055
26160-70372,2026-03-09,SB 179,Education; the academic and disciplinary records of each transferring student shall be provided within five days; require,AGREE TO HOUSE SUBSTITUTE AS AMENDED,48,3,Pass,https://www.legis.ga.gov/legislation/70372
26162-73195,2026-03-10,HB 1307,"Brookhaven, City of; increase existing homestead exemption for senior citizens and disabled persons to $200,000.00",Local Calendar,159,0,Pass,https://www.legis.ga.gov/legislation/73195
26162-73245,2026-03-10,HB 1316,Walker County; school district ad valorem tax; remove five year residency requirement for homestead exemption,Local Calendar,159,0,Pass,https://www.legis.ga.gov/legislation/73245
26162-73250,2026-03-10,HB 1321,"Cartersville, City of; ad valorem tax for municipal purposes; provide homestead exemption",Local Calendar,159,0,Pass,https://www.legis.ga.gov/legislation/73250
26162-73278,2026-03-10,HB 1340,Hall County; ad valorem tax for educational purposes; homestead exemption; increase income cap,Local Calendar,159,0,Pass,https://www.legis.ga.gov/legislation/73278
26162-73279,2026-03-10,HB 1341,Hall County; ad valorem tax for county purposes; provide homestead exemption,Local Calendar,159,0,Pass,https://www.legis.ga.gov/legislation/73279
26162-73293,2026-03-10,HB 1349,Fulton County; Board of Education; pension board; revise membership,Local Calendar,159,0,Pass,https://www.legis.ga.gov/legislation/73293
26162-73333,2026-03-10,HB 1356,Macon County; board of commissioners; revise compensation of chairperson and members,Local Calendar,159,0,Pass,https://www.legis.ga.gov/legislation/73333
26162-73560,2026-03-10,HB 1440,Petrea-Stephens-Franklin-Watson Tax Relief Act; enact,Local Calendar,159,0,Pass,https://www.legis.ga.gov/legislation/73560
26162-73625,2026-03-10,HB 1452,"Mableton, City of; Municipal Court; authorize assessment and collection of a technology fee",Local Calendar,159,0,Pass,https://www.legis.ga.gov/legislation/73625
26162-73787,2026-03-10,HB 1491,Bartow County; ad valorem tax for county purposes; increase homestead exemption,Local Calendar,159,0,Pass,https://www.legis.ga.gov/legislation/73787
26162-73788,2026-03-10,HB 1492,Hampton City of; ad valorem tax for municipal purposes; provide homestead exemption,Local Calendar,159,0,Pass,https://www.legis.ga.gov/legislation/73788
26162-73822,2026-03-10,HB 1496,"Acworth, City of; adopt by reference a certain map",Local Calendar,159,0,Pass,https://www.legis.ga.gov/legislation/73822
26163-72234,2026-03-10,HB 974,"General appropriations; State Fiscal Year July 1, 2026 - June 30, 2027",PASSAGE,159,4,Pass,https://www.legis.ga.gov/legislation/72234
26166-72165,2026-03-10,HR 1008,State-wide water management plan; ratify amendments,ADOPTION,43,0,Pass,https://www.legis.ga.gov/legislation/72165
26172-72143,2026-03-10,HB 945,Banking and finance; holds on accounts of eligible adults for suspected financial exploitation; provide,PASSAGE,50,0,Pass,https://www.legis.ga.gov/legislation/72143
26173-69849,2026-03-10,HB 244,State auditor; local governments to request and receive in certain circumstances due date extensions related to filing annual audits; provide,PASSAGE BY SUBSTITUTE,48,2,Pass,https://www.legis.ga.gov/legislation/69849
26174-73211,2026-03-10,SR 771,Senate Study Committee on Adoption and Permanency Affordability; create,ADOPTION,50,0,Pass,https://www.legis.ga.gov/legislation/73211
26175-69468,2026-03-10,HB 115,"Natural Resources, Department of; certain notice upon registration of a vessel; provide",PASSAGE,51,0,Pass,https://www.legis.ga.gov/legislation/69468
26177-73488,2026-03-12,SB 544,Butts County; a homestead exemption from Butts County ad valorem taxes for county purposes; provide,Local Calendar,158,0,Pass,https://www.legis.ga.gov/legislation/73488
26177-73876,2026-03-12,HB 1507,Wayne County; State Court; judge and solicitor; revise salary,Local Calendar,158,0,Pass,https://www.legis.ga.gov/legislation/73876
26177-73877,2026-03-12,HB 1508,"Pembroke, City of; election and terms for mayor and city council members; revise provisions",Local Calendar,158,0,Pass,https://www.legis.ga.gov/legislation/73877
26177-73916,2026-03-12,HB 1513,Fayette County; State Court; change compensation of judge,Local Calendar,158,0,Pass,https://www.legis.ga.gov/legislation/73916
26178-72377,2026-03-12,HR 1049,Fentanyl and Opioid Awareness Day; last Wednesday of October each year; designate,ADOPT,159,0,Pass,https://www.legis.ga.gov/legislation/72377
26179-69875,2026-03-12,HR 145,"Education and Public Health, Departments of; collaborate to prioritize the expansion of vision and hearing screenings at various grade levels; urge",ADOPT,162,0,Pass,https://www.legis.ga.gov/legislation/69875
26180-72331,2026-03-12,SB 420,"License, Permit, Tag, and Stamp Fees; fees for reef and migratory fish endorsement; provide",PASSAGE,163,2,Pass,https://www.legis.ga.gov/legislation/72331
26181-70667,2026-03-12,SB 239,Funeral Directors and Establishments; funeral directors be licensed embalmers; remove the requirement,PASSAGE,148,6,Pass,https://www.legis.ga.gov/legislation/70667
26182-70559,2026-03-12,SB 220,"""Putting Georgia's Patients First Act""; enact ",PASSAGE,138,21,Pass,https://www.legis.ga.gov/legislation/70559
26184-71660,2026-03-12,HB 858,Cobb County; State Court; change compensation and number of certain staff of solicitor-general,LOCAL CONSENT CALENDAR,43,0,Pass,https://www.legis.ga.gov/legislation/71660
26184-73547,2026-03-12,HB 1435,"Mount Airy, Town of; Municipal Court; authorize assessment and collection of a technology fee",LOCAL CONSENT CALENDAR,43,0,Pass,https://www.legis.ga.gov/legislation/73547
26187-69600,2026-03-12,HB 162,Georgia Bureau of Investigation; restriction and seal of First Offender Act sentences until such status is revoked; provide,PASSAGE BY SUBSTITUTE,47,0,Pass,https://www.legis.ga.gov/legislation/69600
26188-69666,2026-03-12,HB 185,"Professions and businesses; repeal and reenact Chapter 11A, the Dietetics Practice Act",PASSAGE BY SUBSTITUTE,42,3,Pass,https://www.legis.ga.gov/legislation/69666
26189-69765,2026-03-12,HB 219,Professions and businesses; establish a professional health program to provide for monitoring and rehabilitation of impaired healthcare professionals; authorize,PASSAGE,46,1,Pass,https://www.legis.ga.gov/legislation/69765
26190-70404,2026-03-12,HB 483,Crimes and offenses; protections for inspectors of code enforcement; provide,PASSAGE BY SUBSTITUTE,40,7,Pass,https://www.legis.ga.gov/legislation/70404
26191-72181,2026-03-12,HB 956,Solid Waste Trust Fund; authorize use of funds for implementation of provisions of a solid waste management program ,PASSAGE,45,1,Pass,https://www.legis.ga.gov/legislation/72181
26192-72875,2026-03-12,HB 1199,Revenue and taxation; Internal Revenue Code and Internal Revenue Code of 1986; revise terms and incorporate certain provisions of federal law into Georgia law,PASSAGE BY SUBSTITUTE,31,18,Pass,https://www.legis.ga.gov/legislation/72875
26193-69640,2026-03-12,SB 59,Bona Fide Conservation Use Property; a limitation on leased property; remove,AGREE TO HOUSE SUBSTITUTE,49,0,Pass,https://www.legis.ga.gov/legislation/69640
26195-73353,2026-03-16,SB 524,License Plates; specialty license plate honoring Girl Scouts of Georgia; establish,PASSAGE,155,0,Pass,https://www.legis.ga.gov/legislation/73353
26196-72534,2026-03-16,SB 435,Georgia Development Authority; rename as the Georgia Agricultural Development Authority,PASSAGE,154,0,Pass,https://www.legis.ga.gov/legislation/72534
26197-69849,2026-03-16,HB 244,State auditor; local governments to request and receive in certain circumstances due date extensions related to filing annual audits; provide,Agree to Senate Substitute,151,4,Pass,https://www.legis.ga.gov/legislation/69849
26198-72506,2026-03-16,SB 432,Education; nonlapsing revenue of institutions of the University System of Georgia and units of the Technical College System of Georgia; extend automatic repeals,PASSAGE,153,2,Pass,https://www.legis.ga.gov/legislation/72506
26199-70289,2026-03-16,SB 160,Reckless Stunt Driving; a motor vehicle involved in a second offense of reckless stunt driving; replace the forfeiture penalty,PASSAGE,130,26,Pass,https://www.legis.ga.gov/legislation/70289
26200-70345,2026-03-16,SB 177,Government Transparency and Campaign Finance; transparency in foreign funded political activities within the state; provide,PASSAGE,98,65,Pass,https://www.legis.ga.gov/legislation/70345
26201-73414,2026-03-16,SB 535,Mental Health; the re-creation of community service boards; provide,PASSAGE,130,31,Pass,https://www.legis.ga.gov/legislation/73414
26205-72482,2026-03-16,HB 1057,"Gwinnett County; State Court; provide eighth judge January 1, 2027 and ninth judge January 1, 2028",LOCAL CONSENT CALENDAR,48,1,Pass,https://www.legis.ga.gov/legislation/72482
26205-73527,2026-03-16,HB 1424,Sumter County; board of education; revise compensation,LOCAL CONSENT CALENDAR,48,1,Pass,https://www.legis.ga.gov/legislation/73527
26205-73732,2026-03-16,SB 609,DeKalb County; County Board of Education; changes in boundaries of school district; revise provisions,LOCAL CONSENT CALENDAR,48,1,Pass,https://www.legis.ga.gov/legislation/73732
26205-73888,2026-03-16,SB 618,Municipal Court of the City of Decatur; the assessment and collection of a technology fee; authorize,LOCAL CONSENT CALENDAR,48,1,Pass,https://www.legis.ga.gov/legislation/73888
26207-72846,2026-03-16,SR 697,"Colbert, Jason; recognize",ADOPTION,52,0,Pass,https://www.legis.ga.gov/legislation/72846
26208-72847,2026-03-16,SR 698,"Mirzakulova, Dr. Ekaterina; recognize",ADOPTION,49,0,Pass,https://www.legis.ga.gov/legislation/72847
26209-70518,2026-03-16,HB 535,Penal institutions; credit for time served regarding probation revocation sentencing; provide,PASSAGE BY SUBSTITUTE,53,0,Pass,https://www.legis.ga.gov/legislation/70518
26210-72243,2026-03-16,HB 983,Conservation and natural resources; prescribed burning for silviculture purposes is exempt from certain burning notice and permit requirements; clarify,PASSAGE,51,0,Pass,https://www.legis.ga.gov/legislation/72243
26211-72293,2026-03-16,HB 1000,Income tax; one-time tax credit for individual taxpayers who filed income tax returns for the 2024 and 2025 taxable years; provide,PASSAGE,53,0,Pass,https://www.legis.ga.gov/legislation/72293
26212-72845,2026-03-16,HB 1196,Crimes; offense of criminal trespass involving a wild animal; provide,PASSAGE AS AMENDED,50,2,Pass,https://www.legis.ga.gov/legislation/72845
26214-71508,2026-03-18,SB 350,"DeKalb County; certain judges, judicial officers, and county officers; revise the compensation",Local Calendar,161,2,Pass,https://www.legis.ga.gov/legislation/71508
26214-73347,2026-03-18,HB 1367,Fulton County; appointment of a certain number of board members in the case of vacancies on the board; provide,Local Calendar,161,2,Pass,https://www.legis.ga.gov/legislation/73347
26214-73491,2026-03-18,SB 545,Butts County; a homestead exemption from Butts County ad valorem taxes for county purposes; provide,Local Calendar,161,2,Pass,https://www.legis.ga.gov/legislation/73491
26214-73573,2026-03-18,SB 575,City of Metter; ad valorem taxes for municipal purposes; provide a homestead exemption,Local Calendar,161,2,Pass,https://www.legis.ga.gov/legislation/73573
26214-73577,2026-03-18,SB 574,City of Metter; ad valorem taxes for municipal purposes; provide a homestead exemption,Local Calendar,161,2,Pass,https://www.legis.ga.gov/legislation/73577
26214-73663,2026-03-18,HB 1460,"Muscogee County; State Court; salaries of the solicitor-general, the chief assistant solicitor-general, and other assistant solicitors-general; modify provisions",Local Calendar,161,2,Pass,https://www.legis.ga.gov/legislation/73663
26214-73664,2026-03-18,HB 1461,Muscogee County; Superior Court; salary of the clerk of superior court and the chief deputy clerk; change provisions,Local Calendar,161,2,Pass,https://www.legis.ga.gov/legislation/73664
26214-73665,2026-03-18,HB 1462,Columbus Music Commission Act; enact,Local Calendar,161,2,Pass,https://www.legis.ga.gov/legislation/73665
26214-73772,2026-03-18,HB 1484,"Bowman, City of; levy an excise tax",Local Calendar,161,2,Pass,https://www.legis.ga.gov/legislation/73772
26214-73777,2026-03-18,HB 1488,Hinesville Conference Center and Tourism Authority Act; enact,Local Calendar,161,2,Pass,https://www.legis.ga.gov/legislation/73777
26214-73865,2026-03-18,HB 1500,"Suwanee, City of; change corporate limits ",Local Calendar,161,2,Pass,https://www.legis.ga.gov/legislation/73865
26214-73869,2026-03-18,HB 1503,"Covington, City of; ad valorem tax for municipal purposes; provide homestead exemption",Local Calendar,161,2,Pass,https://www.legis.ga.gov/legislation/73869
26214-73870,2026-03-18,HB 1504,Dekalb County; State Court; authorize the charge and collection of technology fees,Local Calendar,161,2,Pass,https://www.legis.ga.gov/legislation/73870
26214-73917,2026-03-18,HB 1514,Fulton County; Board of Education; change election date of president ,Local Calendar,161,2,Pass,https://www.legis.ga.gov/legislation/73917
26214-73918,2026-03-18,HB 1515,Madison County; school district ad valorem tax; provide homestead exemption,Local Calendar,161,2,Pass,https://www.legis.ga.gov/legislation/73918
26214-73987,2026-03-18,HB 1527,"Franklin Springs, City of; ad valorem tax for municipal purposes; provide homestead exemption",Local Calendar,161,2,Pass,https://www.legis.ga.gov/legislation/73987
26214-73990,2026-03-18,HB 1530,"Fairmount, City of; future mayors shall be elected to four-year terms; provide",Local Calendar,161,2,Pass,https://www.legis.ga.gov/legislation/73990
26214-73996,2026-03-18,HB 1534,Chatham County; State Court; provide additional judge,Local Calendar,161,2,Pass,https://www.legis.ga.gov/legislation/73996
26214-74008,2026-03-18,HB 1535,"Sandy Springs, City of; Redevelopment Powers Law; provide for a referendum",Local Calendar,161,2,Pass,https://www.legis.ga.gov/legislation/74008
26214-74015,2026-03-18,HB 1537,Bibb County; ad valorem tax for educational purposes; provide a homestead exemption,Local Calendar,161,2,Pass,https://www.legis.ga.gov/legislation/74015
26214-74016,2026-03-18,HB 1538,Macon-Bibb County; ad valorem tax for county purposes; provide a homestead exemption,Local Calendar,161,2,Pass,https://www.legis.ga.gov/legislation/74016
26215-73517,2026-03-18,SB 551,"Standard, Labeling, and Adulteration of Food; eggs; repeal provisions",PASSAGE,165,0,Pass,https://www.legis.ga.gov/legislation/73517
26216-70654,2026-03-18,HB 571,Professions and businesses; licensing of radiologist assistants; provide,Agree to Senate Substitute,164,2,Pass,https://www.legis.ga.gov/legislation/70654
26217-70927,2026-03-18,SB 293,License Plates for Certain Veterans; the number of free license plates issued to certain veterans; increase,PASSAGE,169,0,Pass,https://www.legis.ga.gov/legislation/70927
26218-73343,2026-03-18,SB 523,Education; public schools and postsecondary educational institutions to consider antisemitism in the same manner as discrimination based on religion; authorize,PASSAGE,165,0,Pass,https://www.legis.ga.gov/legislation/73343
26219-72208,2026-03-18,SB 399,"""Mason Sells AED Coordination Act""; enact",PASSAGE,165,0,Pass,https://www.legis.ga.gov/legislation/72208
26220-69666,2026-03-18,HB 185,"Professions and businesses; repeal and reenact Chapter 11A, the Dietetics Practice Act",Agree to Senate Substitute,155,8,Pass,https://www.legis.ga.gov/legislation/69666
26221-72159,2026-03-18,SB 383,Child Abuse; local child fatality review committees; modify the review,PASSAGE,165,0,Pass,https://www.legis.ga.gov/legislation/72159
26222-72469,2026-03-18,SB 427,Physicians; limited provisional licenses and a pathway to licensure for certain internationally trained physicians; provide,PASSAGE,165,2,Pass,https://www.legis.ga.gov/legislation/72469
26223-72875,2026-03-18,HB 1199,Revenue and taxation; Internal Revenue Code and Internal Revenue Code of 1986; revise terms and incorporate certain provisions of federal law into Georgia law,Agree to Senate Sub as House Amend,163,4,Pass,https://www.legis.ga.gov/legislation/72875
26225-73250,2026-03-18,HB 1321,"Cartersville, City of; ad valorem tax for municipal purposes; provide homestead exemption",LOCAL CONSENT CALENDAR,50,0,Pass,https://www.legis.ga.gov/legislation/73250
26225-73278,2026-03-18,HB 1340,Hall County; ad valorem tax for educational purposes; homestead exemption; increase income cap,LOCAL CONSENT CALENDAR,50,0,Pass,https://www.legis.ga.gov/legislation/73278
26225-73279,2026-03-18,HB 1341,Hall County; ad valorem tax for county purposes; provide homestead exemption,LOCAL CONSENT CALENDAR,50,0,Pass,https://www.legis.ga.gov/legislation/73279
26225-73333,2026-03-18,HB 1356,Macon County; board of commissioners; revise compensation of chairperson and members,LOCAL CONSENT CALENDAR,50,0,Pass,https://www.legis.ga.gov/legislation/73333
26225-73560,2026-03-18,HB 1440,Petrea-Stephens-Franklin-Watson Tax Relief Act; enact,LOCAL CONSENT CALENDAR,50,0,Pass,https://www.legis.ga.gov/legislation/73560
26225-73626,2026-03-18,HB 1453,Jeff Davis County; levy an excise tax,LOCAL CONSENT CALENDAR,50,0,Pass,https://www.legis.ga.gov/legislation/73626
26225-73787,2026-03-18,HB 1491,Bartow County; ad valorem tax for county purposes; increase homestead exemption,LOCAL CONSENT CALENDAR,50,0,Pass,https://www.legis.ga.gov/legislation/73787
26225-73788,2026-03-18,HB 1492,Hampton City of; ad valorem tax for municipal purposes; provide homestead exemption,LOCAL CONSENT CALENDAR,50,0,Pass,https://www.legis.ga.gov/legislation/73788
26225-73822,2026-03-18,HB 1496,"Acworth, City of; adopt by reference a certain map",LOCAL CONSENT CALENDAR,50,0,Pass,https://www.legis.ga.gov/legislation/73822
26225-74055,2026-03-18,SB 619,Board of Education of Hancock County; the description of the education districts; change,LOCAL CONSENT CALENDAR,50,0,Pass,https://www.legis.ga.gov/legislation/74055
26229-72277,2026-03-18,HB 998,Public utilities; authorize certain Tier 2 local exchange companies to elect to become subject to rate of return regulation,PASSAGE,50,2,Pass,https://www.legis.ga.gov/legislation/72277
26230-72731,2026-03-18,HB 1159,"Income tax; all income received by individuals, corporations, and partnerships under the Farmer Bridge Assistance Program; exempt from taxation",PASSAGE,51,0,Pass,https://www.legis.ga.gov/legislation/72731
26233-73189,2026-03-18,HB 1302,Education and Workforce Strategy Act; enact,PASSAGE,48,1,Pass,https://www.legis.ga.gov/legislation/73189
26234-73368,2026-03-18,HB 1379,Foreign Funding Transparency and Accountability Act; enact,PASSAGE,31,20,Pass,https://www.legis.ga.gov/legislation/73368
26236-72279,2026-03-18,HB 999,Magistrate courts; collecting sums and fees authorized by law; revise provisions,PASSAGE AS AMENDED,46,4,Pass,https://www.legis.ga.gov/legislation/72279
26237-70138,2026-03-18,HB 376,Income tax; rehabilitation of certified structures; increase amount of tax credits,PASSAGE BY SUBSTITUTE,46,2,Pass,https://www.legis.ga.gov/legislation/70138
26239-70559,2026-03-18,SB 220,"""Putting Georgia's Patients First Act""; enact ",AGREE TO HOUSE SUBSTITUTE AS AMENDED,38,14,Pass,https://www.legis.ga.gov/legislation/70559
26241-73277,2026-03-19,HB 1339,"Columbus, City of; filling vacancies in office of mayor or councilor; revise provisions",Local Calendar,130,30,Pass,https://www.legis.ga.gov/legislation/73277
26242-73522,2026-03-19,SB 553,"Professions and Businesses; repeal Chapter 14, relating to electrical contractors, plumbers, conditioned air contractors, low voltage contractors, and utility contractors and enact a new Chapter 14",PASSAGE,168,0,Pass,https://www.legis.ga.gov/legislation/73522
26243-70897,2026-03-19,SB 285,Emergency Communications Authority; increase in the percentage of all 9-1-1 charges to be remitted to the Peace Officers' Annuity and Benefit Fund; increase,PASSAGE,165,0,Pass,https://www.legis.ga.gov/legislation/70897
26244-70557,2026-03-19,SB 216,Georgia Judicial Retirement System; membership in the system for individuals employed as the director of the Prosecuting Attorneys Qualifications Commission; provide,PASSAGE,165,0,Pass,https://www.legis.ga.gov/legislation/70557
26245-72634,2026-03-19,SB 439,"""Fair Business Practices Act of 1975""; regulation of referral agencies for assisted living communities and personal care homes; provide",PASSAGE,168,0,Pass,https://www.legis.ga.gov/legislation/72634
26246-72945,2026-03-19,SB 470,"""Emergency & Public Safety Signal Protection Act""; enact",PASSAGE,163,3,Pass,https://www.legis.ga.gov/legislation/72945
26247-72666,2026-03-19,SB 444,Private Review Agents; certain decisions with regard to the provision of insurance coverage for healthcare services shall not be based solely on artificial intelligence systems; provide,PASSAGE,166,0,Pass,https://www.legis.ga.gov/legislation/72666
26248-72766,2026-03-19,SB 452,Retirement and Pension; maximum employer contribution to a 401(k) for certain state law enforcement officers; increase,PASSAGE,163,0,Pass,https://www.legis.ga.gov/legislation/72766
26249-73112,2026-03-19,SB 489,Board of Commissioners of the Judges of the Probate Courts Retirement Fund of Georgia; allow to set monthly dues,PASSAGE,161,0,Pass,https://www.legis.ga.gov/legislation/73112
26250-73569,2026-03-19,SB 570,"""Georgia Human Trafficking Prevention Training Act""; enact",PASSAGE,162,2,Pass,https://www.legis.ga.gov/legislation/73569
26253-73195,2026-03-19,HB 1307,"Brookhaven, City of; increase existing homestead exemption for senior citizens and disabled persons to $200,000.00",LOCAL CONSENT CALENDAR,49,0,Pass,https://www.legis.ga.gov/legislation/73195
26253-73293,2026-03-19,HB 1349,Fulton County; Board of Education; pension board; revise membership,LOCAL CONSENT CALENDAR,49,0,Pass,https://www.legis.ga.gov/legislation/73293
26253-73876,2026-03-19,HB 1507,Wayne County; State Court; judge and solicitor; revise salary,LOCAL CONSENT CALENDAR,49,0,Pass,https://www.legis.ga.gov/legislation/73876
26253-73877,2026-03-19,HB 1508,"Pembroke, City of; election and terms for mayor and city council members; revise provisions",LOCAL CONSENT CALENDAR,49,0,Pass,https://www.legis.ga.gov/legislation/73877
26253-73916,2026-03-19,HB 1513,Fayette County; State Court; change compensation of judge,LOCAL CONSENT CALENDAR,49,0,Pass,https://www.legis.ga.gov/legislation/73916
26253-74056,2026-03-19,SB 621,"""Barrow County Public Facilities Authority Act""; enact",LOCAL CONSENT CALENDAR,49,0,Pass,https://www.legis.ga.gov/legislation/74056
26253-74057,2026-03-19,SB 620,State Court of Barrow County; a full-time solicitor-general; provide,LOCAL CONSENT CALENDAR,49,0,Pass,https://www.legis.ga.gov/legislation/74057
26255-73170,2026-03-19,HB 1293,Education; updated eligibility requirements for the Dual Achievement Program; provide,PASSAGE,53,0,Pass,https://www.legis.ga.gov/legislation/73170
26256-73429,2026-03-19,HB 1391,Specialty license plates; honor public safety officers; establish,PASSAGE,52,0,Pass,https://www.legis.ga.gov/legislation/73429
26257-70279,2026-03-19,HR 251,Local government; probate judges shall be elected in nonpartisan elections; provide - CA,ADOPTION OF CONSTITUTIONAL AMENDMENT,31,18,Pass,https://www.legis.ga.gov/legislation/70279
26258-72891,2026-03-19,HR 1243,Georgia Next Generation 9-1-1 Fund; authorize creation - CA,ADOPTION OF CONSTITUTIONAL AMENDMENT,31,14,Pass,https://www.legis.ga.gov/legislation/72891
26259-69642,2026-03-19,HB 165,Income tax credit; business enterprises for leased motor vehicles; repeal and reserve,PASSAGE BY SUBSTITUTE,46,0,Pass,https://www.legis.ga.gov/legislation/69642
26260-72246,2026-03-19,HB 986,Motor vehicles; personal delivery devices; revise operation procedures and restrictions,PASSAGE,44,2,Pass,https://www.legis.ga.gov/legislation/72246
26261-72677,2026-03-19,HB 1123,Quality Basic Education Act; require certain schools that offer after-school programs to make such programs available to pre-kindergarten students ,PASSAGE,46,0,Pass,https://www.legis.ga.gov/legislation/72677
26262-72844,2026-03-19,HB 1195,Veterinarians; practice and provision of veterinary teletriage and veterinary telemedicine; revise provisions,PASSAGE,47,0,Pass,https://www.legis.ga.gov/legislation/72844
26263-72955,2026-03-19,HB 1234,State Employees' Assurance Department; assignment of certain group term life insurance benefits to pay for funeral services of a deceased individual who was a member of certain retirement systems; provisions,PASSAGE,46,0,Pass,https://www.legis.ga.gov/legislation/72955
26264-73461,2026-03-19,HB 1408,Veterinarians; authorize licensed veterinary technicians to administer antirabies vaccinations to animals ,PASSAGE,50,0,Pass,https://www.legis.ga.gov/legislation/73461
26265-72875,2026-03-19,HB 1199,Revenue and taxation; Internal Revenue Code and Internal Revenue Code of 1986; revise terms and incorporate certain provisions of federal law into Georgia law,AGREE TO HOUSE AMENDMENT TO SENATE SUBSTITUTE,51,0,Pass,https://www.legis.ga.gov/legislation/72875
26267-71510,2026-03-20,SB 349,Hancock County; levy an excise tax pursuant to subsection (b) of Code Section 48-13-51 of the O.C.G.A.; authorize the governing authority,Local Calendar,153,0,Pass,https://www.legis.ga.gov/legislation/71510
26267-72822,2026-03-20,SB 457,City of Mulberry; provision of services and exercise of powers by the city; provide,Local Calendar,153,0,Pass,https://www.legis.ga.gov/legislation/72822
26267-73478,2026-03-20,SB 543,"Board of Commissioners of Roads and Revenues for Butts County; required to read an ordinance, resolution, or other matter before the board at one meeting prior to the adoption; provide",Local Calendar,153,0,Pass,https://www.legis.ga.gov/legislation/73478
26267-73765,2026-03-20,SB 612,City of Cochran Public Facilities Authority; create ,Local Calendar,153,0,Pass,https://www.legis.ga.gov/legislation/73765
26267-73774,2026-03-20,HB 1485,Union County; Probate Court; authorize assessment and collection of a technology fee,Local Calendar,153,0,Pass,https://www.legis.ga.gov/legislation/73774
26267-73776,2026-03-20,HB 1487,"Cornelia, City of; remove millage rate cap",Local Calendar,153,0,Pass,https://www.legis.ga.gov/legislation/73776
26267-73778,2026-03-20,HB 1489,"Douglasville, City of; require candidates seeking election from a district to reside in such district for a certain amount of time prior to the date of such election",Local Calendar,153,0,Pass,https://www.legis.ga.gov/legislation/73778
26267-73932,2026-03-20,HB 1519,Peachtree City Public Facilities Authority; terms of office for certain members; provide,Local Calendar,153,0,Pass,https://www.legis.ga.gov/legislation/73932
26267-73944,2026-03-20,HB 1523,Sumter County Public Facilities Authority; create,Local Calendar,153,0,Pass,https://www.legis.ga.gov/legislation/73944
26267-73975,2026-03-20,HB 1525,"Auburn, City of; revise and readopt charter in its entirety",Local Calendar,153,0,Pass,https://www.legis.ga.gov/legislation/73975
26267-73986,2026-03-20,HB 1526,Early County; repeal a former local constitutional amendment,Local Calendar,153,0,Pass,https://www.legis.ga.gov/legislation/73986
26267-73988,2026-03-20,HB 1528,"Franklin Springs, City of; Municipal Court; authorize assessment and collection of a technology fee",Local Calendar,153,0,Pass,https://www.legis.ga.gov/legislation/73988
26267-73989,2026-03-20,HB 1529,"Canon, City of; Municipal Court; authorize assessment and collection of a technology fee",Local Calendar,153,0,Pass,https://www.legis.ga.gov/legislation/73989
26267-73991,2026-03-20,HB 1531,"Ball Ground, City of; primaries and elections shall be held and conducted in accordance with the Georgia Election Code; revise provisions",Local Calendar,153,0,Pass,https://www.legis.ga.gov/legislation/73991
26267-73994,2026-03-20,HB 1532,Dalton Independent School System; remove the increased millage rate limitation,Local Calendar,153,0,Pass,https://www.legis.ga.gov/legislation/73994
26267-73995,2026-03-20,HB 1533,Dalton Independent School System; remove the increased millage rate limitation,Local Calendar,153,0,Pass,https://www.legis.ga.gov/legislation/73995
26267-74032,2026-03-20,HB 1539,Ware County; Probate Court; authorize assessment and collection of a technology fee,Local Calendar,153,0,Pass,https://www.legis.ga.gov/legislation/74032
26267-74033,2026-03-20,HB 1540,Ware County; State Court; authorize assessment and collection of a technology fee,Local Calendar,153,0,Pass,https://www.legis.ga.gov/legislation/74033
26267-74034,2026-03-20,HB 1541,Ware County; Magistrate Court; authorize assessment and collection of a technology fee,Local Calendar,153,0,Pass,https://www.legis.ga.gov/legislation/74034
26267-74039,2026-03-20,HB 1545,Putnam County; board of commissioners; current board members to continue their terms of office; provide,Local Calendar,153,0,Pass,https://www.legis.ga.gov/legislation/74039
26267-74054,2026-03-20,HB 1547,Liberty County; board of elections and registration; provide staggered terms for certain future appointees,Local Calendar,153,0,Pass,https://www.legis.ga.gov/legislation/74054
26268-70926,2026-03-20,SB 284,"""Georgia Uniform Securities Act of 2008,""; issuance of orders by the Commissioner of Securities directing persons who have violated certain securities provisions to return; authorize",PASSAGE,155,0,Pass,https://www.legis.ga.gov/legislation/70926
26269-72158,2026-03-20,SB 384,Motor Vehicle; optional five-year motor vehicle registration and revalidation for certain motor vehicles; provide,PASSAGE,151,7,Pass,https://www.legis.ga.gov/legislation/72158
26270-70340,2026-03-20,SB 170,Georgia Interagency Council for the Homeless; create,Agree to Senate Amendment to House Sub,158,0,Pass,https://www.legis.ga.gov/legislation/70340
26274-71649,2026-03-20,HB 847,Cobb County; tax commissioner and certain employees; change compensation,LOCAL CONSENT CALENDAR,44,0,Pass,https://www.legis.ga.gov/legislation/71649
26274-73625,2026-03-20,HB 1452,"Mableton, City of; Municipal Court; authorize assessment and collection of a technology fee",LOCAL CONSENT CALENDAR,44,0,Pass,https://www.legis.ga.gov/legislation/73625
26274-73772,2026-03-20,HB 1484,"Bowman, City of; levy an excise tax",LOCAL CONSENT CALENDAR,44,0,Pass,https://www.legis.ga.gov/legislation/73772
26274-73869,2026-03-20,HB 1503,"Covington, City of; ad valorem tax for municipal purposes; provide homestead exemption",LOCAL CONSENT CALENDAR,44,0,Pass,https://www.legis.ga.gov/legislation/73869
26274-73870,2026-03-20,HB 1504,Dekalb County; State Court; authorize the charge and collection of technology fees,LOCAL CONSENT CALENDAR,44,0,Pass,https://www.legis.ga.gov/legislation/73870
26274-73918,2026-03-20,HB 1515,Madison County; school district ad valorem tax; provide homestead exemption,LOCAL CONSENT CALENDAR,44,0,Pass,https://www.legis.ga.gov/legislation/73918
26274-73987,2026-03-20,HB 1527,"Franklin Springs, City of; ad valorem tax for municipal purposes; provide homestead exemption",LOCAL CONSENT CALENDAR,44,0,Pass,https://www.legis.ga.gov/legislation/73987
26274-73990,2026-03-20,HB 1530,"Fairmount, City of; future mayors shall be elected to four-year terms; provide",LOCAL CONSENT CALENDAR,44,0,Pass,https://www.legis.ga.gov/legislation/73990
26274-74094,2026-03-20,SB 622,City of Tucker; annexation of certain territory into the boundaries of the city; provide,LOCAL CONSENT CALENDAR,44,0,Pass,https://www.legis.ga.gov/legislation/74094
26274-74111,2026-03-20,SB 623,State Court of Clayton County; compensation of the solicitor-general of the state court; revise provisions,LOCAL CONSENT CALENDAR,44,0,Pass,https://www.legis.ga.gov/legislation/74111
26274-74166,2026-03-20,SB 624,Public Facilities Authority of the City of Milledgeville and Baldwin County; references to the City of Milledgeville; remove,LOCAL CONSENT CALENDAR,44,0,Pass,https://www.legis.ga.gov/legislation/74166
26274-74167,2026-03-20,SB 625,City of Decatur Public Facilities Authority; a referendum for issuing revenue bonds for certain projects requested by the City Schools of Decatur; require,LOCAL CONSENT CALENDAR,44,0,Pass,https://www.legis.ga.gov/legislation/74167
26276-73061,2026-03-20,HB 1268,"Official Code of Georgia Annotated; revise, modernize and correct errors or omissions",PASSAGE,45,0,Pass,https://www.legis.ga.gov/legislation/73061
26277-72378,2026-03-20,HR 1050,Property; lease or conveyance of certain state owned property; authorize,ADOPTION BY SUBSTITUTE,46,0,Pass,https://www.legis.ga.gov/legislation/72378
26278-72379,2026-03-20,HR 1051,Property; granting of non-exclusive easements of certain state owned property; authorize,ADOPTION BY SUBSTITUTE,46,0,Pass,https://www.legis.ga.gov/legislation/72379
26282-69373,2026-03-20,HB 61,Motor vehicles; issuance of separate license plates for hearses and ambulances; provide,PASSAGE BY SUBSTITUTE,32,18,Pass,https://www.legis.ga.gov/legislation/69373
26283-70578,2026-03-20,HB 541,Education; tuition equalization grants; expand definition of an approved school to include certain institutions which offer programs in nursing,PASSAGE,45,1,Pass,https://www.legis.ga.gov/legislation/70578
26284-71990,2026-03-20,HB 907,Completion Special Schools Act; certain local school systems to either be a party to a collaborative operating agreement with a completion special school or provide certain education programs and services; require,PASSAGE,46,0,Pass,https://www.legis.ga.gov/legislation/71990
26285-72144,2026-03-20,HB 946,Game and fish; authorize hunting and trapping of feral hogs under certain circumstances,PASSAGE,46,0,Pass,https://www.legis.ga.gov/legislation/72144
26286-72247,2026-03-20,HB 987,Voluntary Portable Benefit Plan Act; enact,PASSAGE,44,1,Pass,https://www.legis.ga.gov/legislation/72247
26287-72592,2026-03-20,HB 1086,Preston Fant and Brant Chesney Firefighter Safety Act; enact,PASSAGE,45,0,Pass,https://www.legis.ga.gov/legislation/72592
26288-72613,2026-03-20,HB 1097,"Mental health; criminal background, license status, and registry checks for owners, applicants, and employees of certain mental health facilities; provide",PASSAGE BY SUBSTITUTE,44,0,Pass,https://www.legis.ga.gov/legislation/72613
26289-72823,2026-03-20,HB 1181,Motor vehicles; application for certificate of title; provisions,PASSAGE,43,0,Pass,https://www.legis.ga.gov/legislation/72823
26290-72824,2026-03-20,HB 1182,Agriculture; soil amendments; provide for additional prohibited acts,PASSAGE BY SUBSTITUTE,46,0,Pass,https://www.legis.ga.gov/legislation/72824
26291-73032,2026-03-20,HB 1261,Revenue and taxation; level 1 freeport exemptions for certain goods in inventory for electric utilities; provide,PASSAGE,45,0,Pass,https://www.legis.ga.gov/legislation/73032
26292-73260,2026-03-20,HB 1329,Controlled substances; Schedule I; provide certain provisions,PASSAGE,41,0,Pass,https://www.legis.ga.gov/legislation/73260
26293-73363,2026-03-20,HB 1374,Insurance; methods of payment to healthcare providers; provide certain requirements,PASSAGE BY SUBSTITUTE,46,0,Pass,https://www.legis.ga.gov/legislation/73363
26294-72841,2026-03-20,HB 1192,Public assistance; certain accounting practices by Department of Human Services and Department of Community Health; provide,PASSAGE,47,0,Pass,https://www.legis.ga.gov/legislation/72841
26296-74009,2026-03-23,HB 1536,"Eatonton, City of; provide a new charter",Local Calendar,158,0,Pass,https://www.legis.ga.gov/legislation/74009
26296-74035,2026-03-23,HB 1542,Worth County; Magistrate Court; authorize assessment and collection of a technology fee,Local Calendar,158,0,Pass,https://www.legis.ga.gov/legislation/74035
26296-74036,2026-03-23,HB 1543,Chattooga County; school district ad valorem tax; homestead exemption; increase income cap,Local Calendar,158,0,Pass,https://www.legis.ga.gov/legislation/74036
26296-74037,2026-03-23,HB 1544,Chattooga County; ad valorem tax; county purposes; provide a homestead exemption,Local Calendar,158,0,Pass,https://www.legis.ga.gov/legislation/74037
26296-74089,2026-03-23,HB 1548,"Clarkesville, City of; Municipal Court; authorize assessment and collection of a technology fee",Local Calendar,158,0,Pass,https://www.legis.ga.gov/legislation/74089
26296-74090,2026-03-23,HB 1549,"Cornelia, City of; Municipal Court; authorize assessment and collection of a technology fee",Local Calendar,158,0,Pass,https://www.legis.ga.gov/legislation/74090
26296-74091,2026-03-23,HB 1550,"Byron, City of; change corporate limits",Local Calendar,158,0,Pass,https://www.legis.ga.gov/legislation/74091
26296-74092,2026-03-23,HB 1551,Pickens County; school district ad valorem tax; homestead exemption; increase income cap,Local Calendar,158,0,Pass,https://www.legis.ga.gov/legislation/74092
26296-74093,2026-03-23,HB 1552,"Bremen, City of; school district ad valorem tax; provide homestead exemption",Local Calendar,158,0,Pass,https://www.legis.ga.gov/legislation/74093
26296-74098,2026-03-23,HB 1553,"Forest Park, City of; Municipal Court; authorize assessment and collection of a technology fee",Local Calendar,158,0,Pass,https://www.legis.ga.gov/legislation/74098
26296-74100,2026-03-23,HB 1555,"Fort Valley, City of; deannex certain territory",Local Calendar,158,0,Pass,https://www.legis.ga.gov/legislation/74100
26296-74102,2026-03-23,HB 1556,"Nicholls, City of; provide new charter",Local Calendar,158,0,Pass,https://www.legis.ga.gov/legislation/74102
26296-74108,2026-03-23,HB 1557,Fayette County; board of elections; revise composition,Local Calendar,158,0,Pass,https://www.legis.ga.gov/legislation/74108
26297-70138,2026-03-23,HB 376,Income tax; rehabilitation of certified structures; increase amount of tax credits,Agree to Senate Substitute,152,10,Pass,https://www.legis.ga.gov/legislation/70138
26298-70372,2026-03-23,SB 179,Education; the academic and disciplinary records of each transferring student shall be provided within five days; require,Agree to Senate Amendment to House Sub,99,66,Pass,https://www.legis.ga.gov/legislation/70372
26299-72198,2026-03-23,SB 395,Department of Public Health; eligible for the Low THC Oil Patient Registry; require a physician to submit certain information to the Georgia Composite Medical Board,PASSAGE,161,0,Pass,https://www.legis.ga.gov/legislation/72198
26300-70559,2026-03-23,SB 220,"""Putting Georgia's Patients First Act""; enact ",Agree to Senate Amend to House Sub,144,21,Pass,https://www.legis.ga.gov/legislation/70559
26301-72632,2026-03-23,SB 441,Local Government Investment Pool; certain pooled investments to be approved by the State Depository Board; require,PASSAGE,167,0,Pass,https://www.legis.ga.gov/legislation/72632
26302-72468,2026-03-23,SB 428,Medical Assistance; Department of Community Health to submit a waiver request to the federal Centers for Medicare and Medicaid Services; direct,PASSAGE,166,2,Pass,https://www.legis.ga.gov/legislation/72468
26303-69600,2026-03-23,HB 162,Georgia Bureau of Investigation; restriction and seal of First Offender Act sentences until such status is revoked; provide,Agree to Senate Substitute,166,0,Pass,https://www.legis.ga.gov/legislation/69600
26304-73054,2026-03-23,SB 485,Professional Counselors; applicants for a license in social work enrolled in a master's degree program to take the master's social work licensing examination in their final semester of the program; authorize,PASSAGE,121,46,Pass,https://www.legis.ga.gov/legislation/73054
26305-72279,2026-03-23,HB 999,Magistrate courts; collecting sums and fees authorized by law; revise provisions,Agree to Senate Am as Am,167,0,Pass,https://www.legis.ga.gov/legislation/72279
26306-73166,2026-03-23,SB 500,Behavioral Health Care Workforce Data Base; expand to include data from licensed health care professionals,PASSAGE,164,1,Pass,https://www.legis.ga.gov/legislation/73166
26307-73480,2026-03-23,SB 542,Sexual Offenses; clergy members to be charged with certain improper sexual contact offenses; permit,PASSAGE,168,0,Pass,https://www.legis.ga.gov/legislation/73480
26308-70404,2026-03-23,HB 483,Crimes and offenses; protections for inspectors of code enforcement; provide,Agree to Senate Substitute,140,26,Pass,https://www.legis.ga.gov/legislation/70404
26309-72639,2026-03-23,SB 443,"Offenses Against Public Order; the punishment for the offense of obstructing highways, streets, sidewalks, or other public passages; increase",PASSAGE,96,69,Pass,https://www.legis.ga.gov/legislation/72639
26312-72304,2026-03-23,HB 1009,Education; enact policies and procedures for use of personal electronic devices at school and school sponsored events by students in grades nine through twelve; require local school systems ,PASSAGE,52,0,Pass,https://www.legis.ga.gov/legislation/72304
26313-72360,2026-03-23,HB 1030,Math Matters Act; enact,PASSAGE BY SUBSTITUTE,51,0,Pass,https://www.legis.ga.gov/legislation/72360
26314-72142,2026-03-23,HB 944,Motor vehicles; federal regulations regarding safe operation of commercial motor carriers and commercial vehicles; update reference date,PASSAGE,50,0,Pass,https://www.legis.ga.gov/legislation/72142
26315-72591,2026-03-23,HB 1085,Income tax; various tax credits for forestry manufacturing facilities; provide,PASSAGE BY SUBSTITUTE,50,0,Pass,https://www.legis.ga.gov/legislation/72591
26316-69591,2026-03-23,HB 154,Emergency medical services; designate ambulance services as an essential service ,PASSAGE BY SUBSTITUTE,45,5,Pass,https://www.legis.ga.gov/legislation/69591
26317-70298,2026-03-23,HB 439,Revenue and taxation; revise deductions allowed to dealers,PASSAGE BY SUBSTITUTE,49,1,Pass,https://www.legis.ga.gov/legislation/70298
26318-71103,2026-03-23,HB 717,Medical Practice Act; regulation of the administration of psychedelic-assisted treatment and therapy; provide,PASSAGE BY SUBSTITUTE,50,1,Pass,https://www.legis.ga.gov/legislation/71103
26319-72350,2026-03-23,HB 1020,Judicial Retirement System; payment of monthly retirement benefits for creditable service as a district attorney at the age of 65 years; provide,PASSAGE BY SUBSTITUTE,32,19,Pass,https://www.legis.ga.gov/legislation/72350
26320-72354,2026-03-23,HB 1024,Property; debtor's aggregate interest in real property or personal property used as a residence; revise exemption ,PASSAGE,51,0,Pass,https://www.legis.ga.gov/legislation/72354
26321-72239,2026-03-23,HB 979,State government; procedures for retrocession of jurisdiction in certain circumstances; provide,PASSAGE BY SUBSTITUTE,50,1,Pass,https://www.legis.ga.gov/legislation/72239
26322-72768,2026-03-23,HB 1164,Education; require State Board of Education to appoint an audit committee,PASSAGE,49,2,Pass,https://www.legis.ga.gov/legislation/72768
26323-72612,2026-03-23,HB 1096,"Public Health, Department of; provide that if certain employees of a county board of health become employees of such department such employees will retain accrued annual and sick leave",PASSAGE,50,0,Pass,https://www.legis.ga.gov/legislation/72612
26324-73420,2026-03-23,HR 1416,Joint Study Committee on Generational Sustainability of Family Farms; create,ADOPTION,52,0,Pass,https://www.legis.ga.gov/legislation/73420
26325-72469,2026-03-23,SB 427,Physicians; limited provisional licenses and a pathway to licensure for certain internationally trained physicians; provide,AGREE TO HOUSE SUBSTITUTE,46,4,Pass,https://www.legis.ga.gov/legislation/72469
26327-72944,2026-03-25,SB 469,Board of Commissioners of Forsyth County;  term limits for members; provide,Local Calendar,164,0,Pass,https://www.legis.ga.gov/legislation/72944
26327-73565,2026-03-25,SB 567,"""Ellaville-Schley County Parks and Recreation Authority Act""; enact",Local Calendar,164,0,Pass,https://www.legis.ga.gov/legislation/73565
26327-74114,2026-03-25,HB 1559,"Palmetto, City of; qualifications, terms, powers, and duties of mayor, councilmembers, and city manager; revise provisions",Local Calendar,164,0,Pass,https://www.legis.ga.gov/legislation/74114
26327-74187,2026-03-25,HB 1570,Cochran/Bleckley Airport Authority; board; revise membership,Local Calendar,164,0,Pass,https://www.legis.ga.gov/legislation/74187
26327-74188,2026-03-25,HB 1571,Bryan County; State Court; revise terms,Local Calendar,164,0,Pass,https://www.legis.ga.gov/legislation/74188
26327-74213,2026-03-25,HB 1577,"Woodbine, City of; mayor; revise powers",Local Calendar,164,0,Pass,https://www.legis.ga.gov/legislation/74213
26327-74214,2026-03-25,HB 1578,"Arcade, Town of; municipality; clarify name",Local Calendar,164,0,Pass,https://www.legis.ga.gov/legislation/74214
26327-74216,2026-03-25,HB 1580,Henry County Airport Authority; current operative provisions; repeal and replace,Local Calendar,164,0,Pass,https://www.legis.ga.gov/legislation/74216
26327-74267,2026-03-25,HB 1586,"Bogart, Town of; provide new charter",Local Calendar,164,0,Pass,https://www.legis.ga.gov/legislation/74267
26328-72378,2026-03-25,HR 1050,Property; lease or conveyance of certain state owned property; authorize,Agree to Senate Substitute,156,0,Pass,https://www.legis.ga.gov/legislation/72378
26329-72379,2026-03-25,HR 1051,Property; granting of non-exclusive easements of certain state owned property; authorize,Agree to Senate Substitute,163,0,Pass,https://www.legis.ga.gov/legislation/72379
26330-72533,2026-03-25,SB 433,"""Rio's Law""",PASSAGE,169,0,Pass,https://www.legis.ga.gov/legislation/72533
26331-71006,2026-03-25,SB 306,Bona Fide Conservation Use Property; impending expiration to be sent via certified mail; require notices,PASSAGE,158,9,Pass,https://www.legis.ga.gov/legislation/71006
26332-72472,2026-03-25,SR 622,Joint Study Committee on Evaluating Escalating Costs in Georgia's Foster Care System; create,ADOPT,165,0,Pass,https://www.legis.ga.gov/legislation/72472
26333-74184,2026-03-25,HB 1567,"Quitman, City of; transfer of all legal rights, privileges, and assets to Brooks County; provide",Supplemental Local Calendar,96,68,Pass,https://www.legis.ga.gov/legislation/74184
26334-73482,2026-03-25,SB 547,Offenses of Pimping and Pandering; modify the penalties,PASSAGE,166,2,Pass,https://www.legis.ga.gov/legislation/73482
26335-72487,2026-03-25,SB 430,Taxes; certain military museums qualify as destination marketing organizations and private sector nonprofit organizations; provide,PASSAGE,169,0,Pass,https://www.legis.ga.gov/legislation/72487
26336-73184,2026-03-25,SB 503,Insurance; rental home marketplace guarantees from the definition of property insurance; exempt,PASSAGE,165,2,Pass,https://www.legis.ga.gov/legislation/73184
26337-70298,2026-03-25,HB 439,Revenue and taxation; revise deductions allowed to dealers,Agree to Senate Substitute,99,64,Pass,https://www.legis.ga.gov/legislation/70298
26338-73452,2026-03-25,SB 540,Online Internet Safety; certain disclosures related to conversational AI services; require,PASSAGE,166,0,Pass,https://www.legis.ga.gov/legislation/73452
26339-73658,2026-03-25,SB 594,Internet and E-mail Fraud; the criminal offense of digital identity fraud; establish,PASSAGE,159,6,Pass,https://www.legis.ga.gov/legislation/73658
26340-73564,2026-03-25,SB 566,Ad Valorem Taxation of Property; the acceptance of tax digests in the event of a publication error made by a newspaper; provide,PASSAGE,161,0,Pass,https://www.legis.ga.gov/legislation/73564
26341-72966,2026-03-25,SB 472,Local Boards of Education; audit findings or findings by the state auditor of financial mismanagement or misconduct; provide for the suspension of members,PASSAGE,96,58,Pass,https://www.legis.ga.gov/legislation/72966
26342-72824,2026-03-25,HB 1182,Agriculture; soil amendments; provide for additional prohibited acts,Agree to Senate Sub as Am,153,0,Pass,https://www.legis.ga.gov/legislation/72824
26343-72350,2026-03-25,HB 1020,Judicial Retirement System; payment of monthly retirement benefits for creditable service as a district attorney at the age of 65 years; provide,Agree to Senate Substitute,100,55,Pass,https://www.legis.ga.gov/legislation/72350
26345-73347,2026-03-25,HB 1367,Fulton County; appointment of a certain number of board members in the case of vacancies on the board; provide,LOCAL CONSENT CALENDAR,50,0,Pass,https://www.legis.ga.gov/legislation/73347
26345-73774,2026-03-25,HB 1485,Union County; Probate Court; authorize assessment and collection of a technology fee,LOCAL CONSENT CALENDAR,50,0,Pass,https://www.legis.ga.gov/legislation/73774
26345-73776,2026-03-25,HB 1487,"Cornelia, City of; remove millage rate cap",LOCAL CONSENT CALENDAR,50,0,Pass,https://www.legis.ga.gov/legislation/73776
26345-73777,2026-03-25,HB 1488,Hinesville Conference Center and Tourism Authority Act; enact,LOCAL CONSENT CALENDAR,50,0,Pass,https://www.legis.ga.gov/legislation/73777
26345-73778,2026-03-25,HB 1489,"Douglasville, City of; require candidates seeking election from a district to reside in such district for a certain amount of time prior to the date of such election",LOCAL CONSENT CALENDAR,50,0,Pass,https://www.legis.ga.gov/legislation/73778
26345-73917,2026-03-25,HB 1514,Fulton County; Board of Education; change election date of president ,LOCAL CONSENT CALENDAR,50,0,Pass,https://www.legis.ga.gov/legislation/73917
26345-73988,2026-03-25,HB 1528,"Franklin Springs, City of; Municipal Court; authorize assessment and collection of a technology fee",LOCAL CONSENT CALENDAR,50,0,Pass,https://www.legis.ga.gov/legislation/73988
26345-73989,2026-03-25,HB 1529,"Canon, City of; Municipal Court; authorize assessment and collection of a technology fee",LOCAL CONSENT CALENDAR,50,0,Pass,https://www.legis.ga.gov/legislation/73989
26345-73991,2026-03-25,HB 1531,"Ball Ground, City of; primaries and elections shall be held and conducted in accordance with the Georgia Election Code; revise provisions",LOCAL CONSENT CALENDAR,50,0,Pass,https://www.legis.ga.gov/legislation/73991
26345-73996,2026-03-25,HB 1534,Chatham County; State Court; provide additional judge,LOCAL CONSENT CALENDAR,50,0,Pass,https://www.legis.ga.gov/legislation/73996
26345-74008,2026-03-25,HB 1535,"Sandy Springs, City of; Redevelopment Powers Law; provide for a referendum",LOCAL CONSENT CALENDAR,50,0,Pass,https://www.legis.ga.gov/legislation/74008
26345-74015,2026-03-25,HB 1537,Bibb County; ad valorem tax for educational purposes; provide a homestead exemption,LOCAL CONSENT CALENDAR,50,0,Pass,https://www.legis.ga.gov/legislation/74015
26345-74016,2026-03-25,HB 1538,Macon-Bibb County; ad valorem tax for county purposes; provide a homestead exemption,LOCAL CONSENT CALENDAR,50,0,Pass,https://www.legis.ga.gov/legislation/74016
26345-74032,2026-03-25,HB 1539,Ware County; Probate Court; authorize assessment and collection of a technology fee,LOCAL CONSENT CALENDAR,50,0,Pass,https://www.legis.ga.gov/legislation/74032
26345-74033,2026-03-25,HB 1540,Ware County; State Court; authorize assessment and collection of a technology fee,LOCAL CONSENT CALENDAR,50,0,Pass,https://www.legis.ga.gov/legislation/74033
26345-74034,2026-03-25,HB 1541,Ware County; Magistrate Court; authorize assessment and collection of a technology fee,LOCAL CONSENT CALENDAR,50,0,Pass,https://www.legis.ga.gov/legislation/74034
26345-74039,2026-03-25,HB 1545,Putnam County; board of commissioners; current board members to continue their terms of office; provide,LOCAL CONSENT CALENDAR,50,0,Pass,https://www.legis.ga.gov/legislation/74039
26345-74054,2026-03-25,HB 1547,Liberty County; board of elections and registration; provide staggered terms for certain future appointees,LOCAL CONSENT CALENDAR,50,0,Pass,https://www.legis.ga.gov/legislation/74054
26345-74257,2026-03-25,SB 627,City of Dallas; ad valorem taxes for municipal purposes; provide a homestead exemption,LOCAL CONSENT CALENDAR,50,0,Pass,https://www.legis.ga.gov/legislation/74257
26347-69978,2026-03-25,HB 304,Local government; Georgia Municipal Court Clerks' Council; create,PASSAGE BY SUBSTITUTE,51,0,Pass,https://www.legis.ga.gov/legislation/69978
26348-70057,2026-03-25,HB 328,Revenue and taxation; increase annual aggregate limit for tax credits available for certain contributions to student scholarship organizations,PASSAGE BY SUBSTITUTE,30,20,Pass,https://www.legis.ga.gov/legislation/70057
26349-70131,2026-03-25,HB 369,Motor vehicles; sale of food or beverages; provide vehicle equipment standards,PASSAGE BY SUBSTITUTE,32,21,Pass,https://www.legis.ga.gov/legislation/70131
26350-70297,2026-03-25,HB 438,Employees' Retirement System of Georgia; allow certain sworn law enforcement officers to be eligible for retirement benefits at age 55; provisions,PASSAGE,52,0,Pass,https://www.legis.ga.gov/legislation/70297
26351-70499,2026-03-25,HB 519,Revenue and taxation; amount of federal work opportunity credit claimed by a taxpayer shall also be allowed as a tax credit; provide,PASSAGE,47,1,Pass,https://www.legis.ga.gov/legislation/70499
26352-70513,2026-03-25,HB 530,Courts; authorization for electronic filing of pleadings in probate court; provide,PASSAGE BY SUBSTITUTE,48,0,Pass,https://www.legis.ga.gov/legislation/70513
26353-72636,2026-03-25,HB 1112,Commerce and trade; rounding of total price of sale of goods or services when using legal tender; provide,PASSAGE BY SUBSTITUTE,50,0,Pass,https://www.legis.ga.gov/legislation/72636
26354-72682,2026-03-25,HB 1128,State Board of Workers' Compensation; notice of eligibility for compensation to an injured employee to his or her legal guardian; provide,PASSAGE,49,0,Pass,https://www.legis.ga.gov/legislation/72682
26358-73010,2026-03-25,HB 1247,Georgia Bureaucratic Deference Elimination Act; enact,PASSAGE BY SUBSTITUTE,48,2,Pass,https://www.legis.ga.gov/legislation/73010
26359-73059,2026-03-25,HB 1266,Watercraft; use of certain motors on vessels being operated on the Ogeechee River; repeal a provision,PASSAGE,47,1,Pass,https://www.legis.ga.gov/legislation/73059
26360-73259,2026-03-25,HB 1328,University of North Georgia military scholarships; authorize selection committee to select additional scholarship recipients,PASSAGE,48,0,Pass,https://www.legis.ga.gov/legislation/73259
26361-73512,2026-03-25,SR 834,Bangladeshi Peacekeepers in United Nations Peacekeeping Operations; recognize,ADOPTION,48,0,Pass,https://www.legis.ga.gov/legislation/73512
26363-70850,2026-03-25,HB 651,Motor vehicles; use of automated traffic enforcement safety devices in school zones; revise provisions,AGREE TO HOUSE AMENDMENT TO SENATE SUBSTITUTE AS AMENDED,49,1,Pass,https://www.legis.ga.gov/legislation/70850
26364-70289,2026-03-25,SB 160,Reckless Stunt Driving; a motor vehicle involved in a second offense of reckless stunt driving; replace the forfeiture penalty,AGREE TO HOUSE SUBSTITUTE,49,0,Pass,https://www.legis.ga.gov/legislation/70289
26365-70441,2026-03-25,SB 195,Pharmacies; pharmacists are authorized to dispense preexposure prophylaxis and postexposure prophylaxis under certain conditions; provide,AGREE TO HOUSE SUBSTITUTE,45,0,Pass,https://www.legis.ga.gov/legislation/70441
26366-73343,2026-03-25,SB 523,Education; public schools and postsecondary educational institutions to consider antisemitism in the same manner as discrimination based on religion; authorize,AGREE TO HOUSE SUBSTITUTE,46,0,Pass,https://www.legis.ga.gov/legislation/73343
26367-72666,2026-03-25,SB 444,Private Review Agents; certain decisions with regard to the provision of insurance coverage for healthcare services shall not be based solely on artificial intelligence systems; provide,AGREE TO HOUSE SUBSTITUTE,47,0,Pass,https://www.legis.ga.gov/legislation/72666
26368-71508,2026-03-25,SB 350,"DeKalb County; certain judges, judicial officers, and county officers; revise the compensation",AGREE TO HOUSE SUBSTITUTE,46,0,Pass,https://www.legis.ga.gov/legislation/71508
26371-73457,2026-03-27,HB 1404,"Pooler, City of; levy an excise tax",Local Calendar,153,0,Pass,https://www.legis.ga.gov/legislation/73457
26371-74113,2026-03-27,HB 1558,"Palmetto, City of; ad valorem tax for municipal purposes; provide homestead exemption",Local Calendar,153,0,Pass,https://www.legis.ga.gov/legislation/74113
26371-74115,2026-03-27,HB 1560,"Springfield, City of; Redevelopment Powers Law; provide for a referendum",Local Calendar,153,0,Pass,https://www.legis.ga.gov/legislation/74115
26371-74117,2026-03-27,HB 1562,Pike County; ad valorem tax; increase amount of homestead exemption for residents who are totally disabled,Local Calendar,153,0,Pass,https://www.legis.ga.gov/legislation/74117
26371-74118,2026-03-27,HB 1563,Pike County; ad valorem tax; increase amount of homestead exemption for residents who are senior citizens,Local Calendar,153,0,Pass,https://www.legis.ga.gov/legislation/74118
26371-74124,2026-03-27,HB 1564,Lee County; school district ad valorem tax; provide homestead exemption,Local Calendar,153,0,Pass,https://www.legis.ga.gov/legislation/74124
26371-74125,2026-03-27,HB 1565,Lee County; school district ad valorem tax; provide homestead exemption,Local Calendar,153,0,Pass,https://www.legis.ga.gov/legislation/74125
26371-74164,2026-03-27,HB 1566,Ware County; school district ad valorem tax; provide homestead exemption,Local Calendar,153,0,Pass,https://www.legis.ga.gov/legislation/74164
26371-74185,2026-03-27,HB 1568,"Woodstock, City of; change corporate limits",Local Calendar,153,0,Pass,https://www.legis.ga.gov/legislation/74185
26371-74186,2026-03-27,HB 1569,"McDonough, City of; Municipal Court; authorize assessment and collection of a technology fee",Local Calendar,153,0,Pass,https://www.legis.ga.gov/legislation/74186
26371-74198,2026-03-27,HB 1573,"Statham, City of; ad valorem tax for municipal purposes; provide homestead exemption",Local Calendar,153,0,Pass,https://www.legis.ga.gov/legislation/74198
26371-74211,2026-03-27,HB 1575,"Kingsland, City of; ad valorem tax; apply exemption to residents 62 years or older",Local Calendar,153,0,Pass,https://www.legis.ga.gov/legislation/74211
26371-74212,2026-03-27,HB 1576,"Kingsland, City of; ad valorem tax for municipal purposes; provide homestead exemption",Local Calendar,153,0,Pass,https://www.legis.ga.gov/legislation/74212
26371-74261,2026-03-27,HB 1582,Fayette County; school district ad valorem tax; provide homestead exemption,Local Calendar,153,0,Pass,https://www.legis.ga.gov/legislation/74261
26371-74262,2026-03-27,HB 1583,Fayette County; ad valorem tax; floating proportional amount based upon any increased property tax collections; provide new exemption,Local Calendar,153,0,Pass,https://www.legis.ga.gov/legislation/74262
26371-74264,2026-03-27,HB 1581,"Fayetteville, City of; ad valorem tax for municipal purposes; provide homestead exemption",Local Calendar,153,0,Pass,https://www.legis.ga.gov/legislation/74264
26371-74271,2026-03-27,HB 1587,Cobb County; abolish office of elected county surveyor; provide appointment,Local Calendar,153,0,Pass,https://www.legis.ga.gov/legislation/74271
26371-74278,2026-03-27,HB 1588,"Cobb County; salaries of chief deputy sheriff, assistant chief deputy sheriff, and executive assistant to the sheriff shall be determined by the sheriff; provide",Local Calendar,153,0,Pass,https://www.legis.ga.gov/legislation/74278
26371-74324,2026-03-27,HB 1594,"Riceboro, City of; revise corporate limits",Local Calendar,153,0,Pass,https://www.legis.ga.gov/legislation/74324
26371-74327,2026-03-27,HB 1595,Clarke County; school district ad valorem tax; revise how income cap is calculated,Local Calendar,153,0,Pass,https://www.legis.ga.gov/legislation/74327
26371-74376,2026-03-27,HB 1598,Laurens County; school district ad valorem tax; provide homestead exemption,Local Calendar,153,0,Pass,https://www.legis.ga.gov/legislation/74376
26371-74377,2026-03-27,HB 1599,Sandersville School Building Authority; members; revise qualification,Local Calendar,153,0,Pass,https://www.legis.ga.gov/legislation/74377
26371-74379,2026-03-27,HB 1601,"Gainesville, City of; ad valorem tax for municipal purposes; provide homestead exemption",Local Calendar,153,0,Pass,https://www.legis.ga.gov/legislation/74379
26371-74382,2026-03-27,HB 1602,"Gainesville, City of; school district ad valorem tax; provide homestead exemption",Local Calendar,153,0,Pass,https://www.legis.ga.gov/legislation/74382
26372-72998,2026-03-27,SB 478,Outdoor Stewardship; provide for a sunset,PASSAGE,163,2,Pass,https://www.legis.ga.gov/legislation/72998
26373-70211,2026-03-27,SB 146,"Health, Local Government, and Property; regulations and protections of cemeteries and burial grounds; provide",PASSAGE,163,2,Pass,https://www.legis.ga.gov/legislation/70211
26374-70242,2026-03-27,SB 150,Retirement; permit public school systems to employ certain beneficiaries of the Teachers Retirement System of Georgia as classroom teachers; extend the program,PASSAGE,159,0,Pass,https://www.legis.ga.gov/legislation/70242
26375-71103,2026-03-27,HB 717,Medical Practice Act; regulation of the administration of psychedelic-assisted treatment and therapy; provide,Agree to Senate Substitute,153,3,Pass,https://www.legis.ga.gov/legislation/71103
26376-72239,2026-03-27,HB 979,State government; procedures for retrocession of jurisdiction in certain circumstances; provide,Agree to Senate Sub as Am,149,6,Pass,https://www.legis.ga.gov/legislation/72239
26377-72360,2026-03-27,HB 1030,Math Matters Act; enact,Agree to Senate Substitute,158,0,Pass,https://www.legis.ga.gov/legislation/72360
26378-72591,2026-03-27,HB 1085,Income tax; various tax credits for forestry manufacturing facilities; provide,Agree to Senate Sub as Am,155,4,Pass,https://www.legis.ga.gov/legislation/72591
26379-72613,2026-03-27,HB 1097,"Mental health; criminal background, license status, and registry checks for owners, applicants, and employees of certain mental health facilities; provide",Agree to Senate Substitute,160,2,Pass,https://www.legis.ga.gov/legislation/72613
26380-70513,2026-03-27,HB 530,Courts; authorization for electronic filing of pleadings in probate court; provide,Agree to Senate Substitute,159,0,Pass,https://www.legis.ga.gov/legislation/70513
26381-69978,2026-03-27,HB 304,Local government; Georgia Municipal Court Clerks' Council; create,Agree to Senate Substitute,159,2,Pass,https://www.legis.ga.gov/legislation/69978
26382-73715,2026-03-27,SB 605,Prosecuting Attorneys; additional grounds for discipline of a district attorney or solicitor-general or for his or her removal or involuntary retirement from office; provide,PASSAGE,156,7,Pass,https://www.legis.ga.gov/legislation/73715
26383-71940,2026-03-27,SB 369,"""Charter Schools Act of 1998""; completion charter schools; provide",PASSAGE,151,6,Pass,https://www.legis.ga.gov/legislation/71940
26384-72252,2026-03-27,SB 403,Unclaimed Property; property is presumed abandoned; provide for exceptions,PASSAGE,158,0,Pass,https://www.legis.ga.gov/legislation/72252
26385-69327,2026-03-27,SB 8,Courts; arrest warrant requirements when juvenile courts are acting as courts of inquiry; provide,PASSAGE,115,45,Pass,https://www.legis.ga.gov/legislation/69327
26386-73567,2026-03-27,SB 569,Motor Vehicles and Traffic; the issuance of emergency vehicle light permits for towing service companies in certain instances; provide,PASSAGE,160,0,Pass,https://www.legis.ga.gov/legislation/73567
26387-73650,2026-03-27,SB 589,"""Quality Basic Education Act""; the date by which a child must attain a certain age to be eligible for enrollment in kindergarten or first grade; revise",PASSAGE,156,3,Pass,https://www.legis.ga.gov/legislation/73650
26388-72635,2026-03-27,SB 442,Drivers' Licenses; revocation and expiration of commercial drivers' licenses for noncitizens; provide,PASSAGE,98,59,Pass,https://www.legis.ga.gov/legislation/72635
26389-70131,2026-03-27,HB 369,Motor vehicles; sale of food or beverages; provide vehicle equipment standards,Agree to Senate Substitute,93,64,Pass,https://www.legis.ga.gov/legislation/70131
26391-73932,2026-03-27,HB 1519,Peachtree City Public Facilities Authority; terms of office for certain members; provide,LOCAL CONSENT CALENDAR,47,0,Pass,https://www.legis.ga.gov/legislation/73932
26391-73975,2026-03-27,HB 1525,"Auburn, City of; revise and readopt charter in its entirety",LOCAL CONSENT CALENDAR,47,0,Pass,https://www.legis.ga.gov/legislation/73975
26391-74009,2026-03-27,HB 1536,"Eatonton, City of; provide a new charter",LOCAL CONSENT CALENDAR,47,0,Pass,https://www.legis.ga.gov/legislation/74009
26391-74035,2026-03-27,HB 1542,Worth County; Magistrate Court; authorize assessment and collection of a technology fee,LOCAL CONSENT CALENDAR,47,0,Pass,https://www.legis.ga.gov/legislation/74035
26391-74092,2026-03-27,HB 1551,Pickens County; school district ad valorem tax; homestead exemption; increase income cap,LOCAL CONSENT CALENDAR,47,0,Pass,https://www.legis.ga.gov/legislation/74092
26391-74093,2026-03-27,HB 1552,"Bremen, City of; school district ad valorem tax; provide homestead exemption",LOCAL CONSENT CALENDAR,47,0,Pass,https://www.legis.ga.gov/legislation/74093
26391-74100,2026-03-27,HB 1555,"Fort Valley, City of; deannex certain territory",LOCAL CONSENT CALENDAR,47,0,Pass,https://www.legis.ga.gov/legislation/74100
26391-74102,2026-03-27,HB 1556,"Nicholls, City of; provide new charter",LOCAL CONSENT CALENDAR,47,0,Pass,https://www.legis.ga.gov/legislation/74102
26393-72209,2026-03-27,HB 960,Gwinnett Judicial Circuit; superior courts; provide twelfth judge,PASSAGE BY SUBSTITUTE,32,21,Pass,https://www.legis.ga.gov/legislation/72209
26395-69834,2026-03-27,HB 229,Sales and use tax; exempt materials used in construction of capital outlay projects for educational purposes; provisions,PASSAGE BY SUBSTITUTE,51,0,Pass,https://www.legis.ga.gov/legislation/69834
26396-72234,2026-03-27,HB 974,"General appropriations; State Fiscal Year July 1, 2026 - June 30, 2027",PASSAGE BY SUBSTITUTE,52,0,Pass,https://www.legis.ga.gov/legislation/72234
26398-70323,2026-03-27,HB 451,Quality Basic Education Act; local boards shall be authorized to provide instruction in hunting safety in grades six through 12; provide,PASSAGE BY SUBSTITUTE,33,18,Pass,https://www.legis.ga.gov/legislation/70323
26399-72672,2026-03-27,HB 1118,Public officers and employees; 120 hours of maternal birth leave; provide,PASSAGE,50,0,Pass,https://www.legis.ga.gov/legislation/72672
26400-72884,2026-03-27,HB 1208,Civil practice; require depositions to be taken before certified court reporters,PASSAGE,48,0,Pass,https://www.legis.ga.gov/legislation/72884
26402-72198,2026-03-27,SB 395,Department of Public Health; eligible for the Low THC Oil Patient Registry; require a physician to submit certain information to the Georgia Composite Medical Board,AGREE TO HOUSE SUBSTITUTE,46,0,Pass,https://www.legis.ga.gov/legislation/72198
26403-72945,2026-03-27,SB 470,"""Emergency & Public Safety Signal Protection Act""; enact",AGREE TO HOUSE SUBSTITUTE,46,0,Pass,https://www.legis.ga.gov/legislation/72945
26404-70926,2026-03-27,SB 284,"""Georgia Uniform Securities Act of 2008,""; issuance of orders by the Commissioner of Securities directing persons who have violated certain securities provisions to return; authorize",AGREE TO HOUSE SUBSTITUTE,44,0,Pass,https://www.legis.ga.gov/legislation/70926
26405-73166,2026-03-27,SB 500,Behavioral Health Care Workforce Data Base; expand to include data from licensed health care professionals,AGREE TO HOUSE SUBSTITUTE,45,2,Pass,https://www.legis.ga.gov/legislation/73166
26406-73564,2026-03-27,SB 566,Ad Valorem Taxation of Property; the acceptance of tax digests in the event of a publication error made by a newspaper; provide,AGREE TO HOUSE SUBSTITUTE,48,1,Pass,https://www.legis.ga.gov/legislation/73564
26407-72966,2026-03-27,SB 472,Local Boards of Education; audit findings or findings by the state auditor of financial mismanagement or misconduct; provide for the suspension of members,AGREE TO HOUSE SUBSTITUTE,29,17,Pass,https://www.legis.ga.gov/legislation/72966
26408-73480,2026-03-27,SB 542,Sexual Offenses; clergy members to be charged with certain improper sexual contact offenses; permit,AGREE TO HOUSE SUBSTITUTE,47,0,Pass,https://www.legis.ga.gov/legislation/73480
26412-73438,2026-03-27,HB 1396,State government; require certain privately funded organizations that operate a shelter or provide outreach services to homeless individuals participate in the Georgia Homeless Management Information System (HMIS),PASSAGE AS AMENDED,33,17,Pass,https://www.legis.ga.gov/legislation/73438
26413-73245,2026-03-27,HB 1316,Walker County; school district ad valorem tax; remove five year residency requirement for homestead exemption,PASSAGE,48,0,Pass,https://www.legis.ga.gov/legislation/73245
26414-70962,2026-03-27,HB 668,Crimes and offenses; change references to assistance and guide dogs to service dogs,PASSAGE BY SUBSTITUTE,47,0,Pass,https://www.legis.ga.gov/legislation/70962
26415-72675,2026-03-27,HB 1121,Cordele Judicial Court; change certain terms of court,PASSAGE BY SUBSTITUTE,47,0,Pass,https://www.legis.ga.gov/legislation/72675
26416-72245,2026-03-27,HB 985,Veterans affairs; revise terms of eligibility for persons to be buried in Georgia veteran cemeteries,PASSAGE,48,0,Pass,https://www.legis.ga.gov/legislation/72245
26417-73021,2026-03-27,HB 1254,Professions and businesses; move regulation of various professions from individual boards to Secretary of State,PASSAGE,49,0,Pass,https://www.legis.ga.gov/legislation/73021
26418-73120,2026-03-27,HB 1278,Professions and businesses; improve efficiencies in issuance of permits for dentists to administer conscious sedation and general anesthesia,PASSAGE,46,0,Pass,https://www.legis.ga.gov/legislation/73120
26419-70586,2026-03-27,HB 549,Peace officers; extend time frame for which reimbursement of total training expenses by a subsequent employer may be sought,PASSAGE,47,2,Pass,https://www.legis.ga.gov/legislation/70586
26420-73133,2026-03-27,HB 1284,Education; awarding of high school diplomas to high school students who are at the end of life; provide,PASSAGE,48,0,Pass,https://www.legis.ga.gov/legislation/73133
26421-70897,2026-03-27,SB 285,Emergency Communications Authority; increase in the percentage of all 9-1-1 charges to be remitted to the Peace Officers' Annuity and Benefit Fund; increase,AGREE TO HOUSE SUBSTITUTE,46,0,Pass,https://www.legis.ga.gov/legislation/70897
26422-73054,2026-03-27,SB 485,Professional Counselors; applicants for a license in social work enrolled in a master's degree program to take the master's social work licensing examination in their final semester of the program; authorize,AGREE TO HOUSE SUBSTITUTE,46,0,Pass,https://www.legis.ga.gov/legislation/73054
26423-73452,2026-03-27,SB 540,Online Internet Safety; certain disclosures related to conversational AI services; require,AGREE TO HOUSE SUBSTITUTE,44,1,Pass,https://www.legis.ga.gov/legislation/73452
26424-73478,2026-03-27,SB 543,"Board of Commissioners of Roads and Revenues for Butts County; required to read an ordinance, resolution, or other matter before the board at one meeting prior to the adoption; provide",AGREE TO HOUSE SUBSTITUTE,47,0,Pass,https://www.legis.ga.gov/legislation/73478
26425-73569,2026-03-27,SB 570,"""Georgia Human Trafficking Prevention Training Act""; enact",AGREE TO HOUSE SUBSTITUTE,38,6,Pass,https://www.legis.ga.gov/legislation/73569
26427-70927,2026-03-27,SB 293,License Plates for Certain Veterans; the number of free license plates issued to certain veterans; increase,AGREE TO HOUSE SUBSTITUTE AS AMENDED,41,2,Pass,https://www.legis.ga.gov/legislation/70927
26428-71275,2026-03-27,HB 750,Forsyth County; State Court; add a judge,AGREE TO HOUSE AMENDMENT TO SENATE SUBSTITUTE,47,0,Pass,https://www.legis.ga.gov/legislation/71275
26429-69368,2026-03-27,SB 10,Superior Courts of the Alapaha Judicial Circuit; additional judge; provide,AGREE TO HOUSE SUBSTITUTE AS AMENDED,38,7,Pass,https://www.legis.ga.gov/legislation/69368
26430-73522,2026-03-27,SB 553,"Professions and Businesses; repeal Chapter 14, relating to electrical contractors, plumbers, conditioned air contractors, low voltage contractors, and utility contractors and enact a new Chapter 14",AGREE TO HOUSE SUBSTITUTE,46,0,Pass,https://www.legis.ga.gov/legislation/73522
26431-73116,2026-03-27,HB 1275,Medical practice; ensure that stem cell therapies are used to advance medical treatments and improve patient outcomes in an ethical manner that does not involve stem cells derived from aborted fetuses,PASSAGE BY SUBSTITUTE,48,0,Pass,https://www.legis.ga.gov/legislation/73116
26432-72626,2026-03-27,HB 1107,Excellent Teacher Preparation Act; enact,PASSAGE,49,0,Pass,https://www.legis.ga.gov/legislation/72626
26433-70671,2026-03-27,HB 583,Motor vehicles; increase number of free license plates issued to certain veterans,PASSAGE BY SUBSTITUTE,34,15,Pass,https://www.legis.ga.gov/legislation/70671
26434-72521,2026-03-27,HB 1070,Income tax; increase and extend a credit for expenditures on maintenance of railroad track owned or leased by Class III railroads,PASSAGE BY SUBSTITUTE,44,3,Pass,https://www.legis.ga.gov/legislation/72521
26435-72951,2026-03-27,HB 1230,Aviation; prohibit operation of unmanned aircraft systems over a place of incarceration,PASSAGE,45,0,Pass,https://www.legis.ga.gov/legislation/72951
26437-72827,2026-03-27,HB 1185,Courts; certain shareholder claims to be brought before the Georgia State-wide Business Court; provide,PASSAGE AS AMENDED,45,2,Pass,https://www.legis.ga.gov/legislation/72827
26439-73525,2026-03-31,HR 1445,Georgia Building Authority team; continued historical preservation of the Georgia State Capitol; urge,ADOPT,170,0,Pass,https://www.legis.ga.gov/legislation/73525
26440-73645,2026-03-31,SB 587,Offenses Against Public Health and Morals; the establishment of an animal cruelty database; provide,PASSAGE,163,0,Pass,https://www.legis.ga.gov/legislation/73645
26441-73243,2026-03-31,SB 515,"""Quality Basic Education Act""; grants for educational programs; provisions relative to the teacher recruitment and retention tax credit program; revise",PASSAGE,158,9,Pass,https://www.legis.ga.gov/legislation/73243
26442-72251,2026-03-31,SB 402,"Children and Youth; pilot program provision for screenings, clinical evaluations, training for autism spectrum disorder to children in foster care; establish",PASSAGE,171,0,Pass,https://www.legis.ga.gov/legislation/72251
26443-72253,2026-03-31,SB 406,"""Georgia Property Owners' Bill of Rights Act""; enact",PASSAGE,155,10,Pass,https://www.legis.ga.gov/legislation/72253
26444-69294,2026-03-31,HB 14,State symbols; cornbread as official state bread; designate,Agree to Senate Substitute,161,5,Pass,https://www.legis.ga.gov/legislation/69294
26445-69642,2026-03-31,HB 165,Income tax credit; business enterprises for leased motor vehicles; repeal and reserve,Agree to Senate Substitute,166,3,Pass,https://www.legis.ga.gov/legislation/69642
26446-70927,2026-03-31,SB 293,License Plates for Certain Veterans; the number of free license plates issued to certain veterans; increase,Agree to Senate Amend to House Sub,168,1,Pass,https://www.legis.ga.gov/legislation/70927
26447-72830,2026-03-31,SB 458,"""Home Inspector Licensing Act of Georgia""; enact",PASSAGE,138,19,Pass,https://www.legis.ga.gov/legislation/72830
26448-69990,2026-03-31,SB 111,"""Georgia Consumer Privacy Protection Act""; enact",PASSAGE,162,1,Pass,https://www.legis.ga.gov/legislation/69990
26449-73180,2026-03-31,SB 501,Office of the Safety Fire Commissioner; update provisions,PASSAGE,155,9,Pass,https://www.legis.ga.gov/legislation/73180
26450-71630,2026-03-31,SB 359,Henry County; Board of Commissioners; code of ethics; revise and restate provisions,Local Calendar,161,3,Pass,https://www.legis.ga.gov/legislation/71630
26450-73789,2026-03-31,SB 613,Superior Court of Clayton County; change the compensation of the sheriff,Local Calendar,161,3,Pass,https://www.legis.ga.gov/legislation/73789
26450-73935,2026-03-31,HB 1522,Clayton County Water Authority; fix compensation and reimbursement of expenses for members; authorize,Local Calendar,161,3,Pass,https://www.legis.ga.gov/legislation/73935
26450-74111,2026-03-31,SB 623,State Court of Clayton County; compensation of the solicitor-general of the state court; revise provisions,Local Calendar,161,3,Pass,https://www.legis.ga.gov/legislation/74111
26451-73523,2026-03-31,SB 552,"""True Patriotism and Universal Student Access (TPUSA) Act""; enact",PASSAGE,95,68,Pass,https://www.legis.ga.gov/legislation/73523
26452-72694,2026-03-31,SB 447,Control of Soil Erosion and Sedimentation; denial or nonacceptance of permits; revise provisions,PASSAGE,95,72,Pass,https://www.legis.ga.gov/legislation/72694
26453-72848,2026-03-31,SB 462,"""Surprise Billing Consumer Protection Act""; insurance coverage for certain out-of-network ambulance transportation service; provide",PASSAGE,167,0,Pass,https://www.legis.ga.gov/legislation/72848
26454-72204,2026-03-31,SB 398,"Wiretapping, Eavesdropping, Surveillance, and Related Offenses; criminal offenses of virtual peeping; establish",PASSAGE,164,2,Pass,https://www.legis.ga.gov/legislation/72204
26455-72232,2026-03-31,SB 400,Education; unaccredited institutions from offering degrees; prohibit,PASSAGE,168,1,Pass,https://www.legis.ga.gov/legislation/72232
26456-70178,2026-03-31,SB 143,Georgia Firefighter's Pension Fund; certain members to retire at age 50; provide,PASSAGE,168,0,Pass,https://www.legis.ga.gov/legislation/70178
26457-72521,2026-03-31,HB 1070,Income tax; increase and extend a credit for expenditures on maintenance of railroad track owned or leased by Class III railroads,Agree to Senate Substitute,139,26,Pass,https://www.legis.ga.gov/legislation/72521
26458-70962,2026-03-31,HB 668,Crimes and offenses; change references to assistance and guide dogs to service dogs,Agree to Senate Substitute,168,0,Pass,https://www.legis.ga.gov/legislation/70962
26459-72675,2026-03-31,HB 1121,Cordele Judicial Court; change certain terms of court,Agree to Senate Substitute,165,0,Pass,https://www.legis.ga.gov/legislation/72675
26460-69533,2026-03-31,HB 134,Sales and use tax; manufactured homes; revise and expand exemption ,Agree to Senate Sub as Am,156,5,Pass,https://www.legis.ga.gov/legislation/69533
26461-73363,2026-03-31,HB 1374,Insurance; methods of payment to healthcare providers; provide certain requirements,Agree to Senate Substitute,165,0,Pass,https://www.legis.ga.gov/legislation/73363
26462-73116,2026-03-31,HB 1275,Medical practice; ensure that stem cell therapies are used to advance medical treatments and improve patient outcomes in an ethical manner that does not involve stem cells derived from aborted fetuses,Agree to Senate Substitute,166,1,Pass,https://www.legis.ga.gov/legislation/73116
26464-70344,2026-03-31,SB 175,Elections and Primaries; use of ranked-choice voting; prohibit,PASSAGE,89,73,Pass,https://www.legis.ga.gov/legislation/70344
26465-72842,2026-03-31,HB 1193,Georgia Early Literacy Act of 2026; enact,Agree to Senate Substitute,168,0,Pass,https://www.legis.ga.gov/legislation/72842
26466-69550,2026-03-31,SB 33,"""Georgia Hemp Farming Act""; total THC concentration of consumable hemp products; provide limits",PASSAGE,151,14,Pass,https://www.legis.ga.gov/legislation/69550
26467-73644,2026-03-31,SB 586,"""K-9 Law Enforcement Heroes Act of 2026""; enact",PASSAGE,166,1,Pass,https://www.legis.ga.gov/legislation/73644
26468-72149,2026-03-31,HR 1007,House of Representatives; effectiveness of arts for health initiatives in improving mental health outcomes; acknowledge,ADOPT,168,0,Pass,https://www.legis.ga.gov/legislation/72149
26469-71615,2026-03-31,HR 713,Healthcare providers; help promote 988 Suicide and Crisis Lifeline; urge,ADOPT,167,0,Pass,https://www.legis.ga.gov/legislation/71615
26470-69480,2026-03-31,SB 23,Retirement; total percentage of funds that the Employees' Retirement System of Georgia may invest in alternative investments; raise the limit,PASSAGE,166,0,Pass,https://www.legis.ga.gov/legislation/69480
26471-70890,2026-03-31,SB 261,Magistrates Retirement Fund; early retirement benefit; provide,PASSAGE,167,0,Pass,https://www.legis.ga.gov/legislation/70890
26472-72486,2026-03-31,SB 431,Education; enrollment of foster care students within two school days of a request for enrollment by such student's parent or legal custodian; require,PASSAGE,168,0,Pass,https://www.legis.ga.gov/legislation/72486
26473-73654,2026-03-31,SB 591,Offenses Against Public Order; the disruption of a religious service; prohibit,PASSAGE,128,39,Pass,https://www.legis.ga.gov/legislation/73654
26474-72503,2026-03-31,HB 1077,"Sales and use tax; exemption for sales of tickets, fees, and charges of admission to certain museums and fine arts performances or exhibitions at nonprofit facilities; extend sunset date",Agree to Senate Substitute,153,14,Pass,https://www.legis.ga.gov/legislation/72503
26475-72827,2026-03-31,HB 1185,Courts; certain shareholder claims to be brought before the Georgia State-wide Business Court; provide,Agree to Senate Amendment,97,65,Pass,https://www.legis.ga.gov/legislation/72827
26476-70493,2026-03-31,SB 207,Professions and Businesses; a preclearance process in the licensing of individuals with criminal records who make application to or are investigated by certain licensing boards and commissions; create,Agree to SAm to HSub As HAm,160,3,Pass,https://www.legis.ga.gov/legislation/70493
26477-70518,2026-03-31,HB 535,Penal institutions; credit for time served regarding probation revocation sentencing; provide,Agree to Senate Substitute,160,0,Pass,https://www.legis.ga.gov/legislation/70518
26478-70057,2026-03-31,HB 328,Revenue and taxation; increase annual aggregate limit for tax credits available for certain contributions to student scholarship organizations,Agree to Senate Sub as Am,99,67,Pass,https://www.legis.ga.gov/legislation/70057
26480-73865,2026-03-31,HB 1500,"Suwanee, City of; change corporate limits ",LOCAL CONSENT CALENDAR,45,0,Pass,https://www.legis.ga.gov/legislation/73865
26480-74089,2026-03-31,HB 1548,"Clarkesville, City of; Municipal Court; authorize assessment and collection of a technology fee",LOCAL CONSENT CALENDAR,45,0,Pass,https://www.legis.ga.gov/legislation/74089
26480-74090,2026-03-31,HB 1549,"Cornelia, City of; Municipal Court; authorize assessment and collection of a technology fee",LOCAL CONSENT CALENDAR,45,0,Pass,https://www.legis.ga.gov/legislation/74090
26480-74091,2026-03-31,HB 1550,"Byron, City of; change corporate limits",LOCAL CONSENT CALENDAR,45,0,Pass,https://www.legis.ga.gov/legislation/74091
26480-74098,2026-03-31,HB 1553,"Forest Park, City of; Municipal Court; authorize assessment and collection of a technology fee",LOCAL CONSENT CALENDAR,45,0,Pass,https://www.legis.ga.gov/legislation/74098
26480-74108,2026-03-31,HB 1557,Fayette County; board of elections; revise composition,LOCAL CONSENT CALENDAR,45,0,Pass,https://www.legis.ga.gov/legislation/74108
26480-74187,2026-03-31,HB 1570,Cochran/Bleckley Airport Authority; board; revise membership,LOCAL CONSENT CALENDAR,45,0,Pass,https://www.legis.ga.gov/legislation/74187
26480-74188,2026-03-31,HB 1571,Bryan County; State Court; revise terms,LOCAL CONSENT CALENDAR,45,0,Pass,https://www.legis.ga.gov/legislation/74188
26480-74214,2026-03-31,HB 1578,"Arcade, Town of; municipality; clarify name",LOCAL CONSENT CALENDAR,45,0,Pass,https://www.legis.ga.gov/legislation/74214
26480-74319,2026-03-31,SB 629,Town of Braswell; transfer of duties and obligations to Paulding and Polk counties; provide,LOCAL CONSENT CALENDAR,45,0,Pass,https://www.legis.ga.gov/legislation/74319
26481-74184,2026-03-31,HB 1567,"Quitman, City of; transfer of all legal rights, privileges, and assets to Brooks County; provide",PASSAGE BY SUBSTITUTE,31,16,Pass,https://www.legis.ga.gov/legislation/74184
26484-70279,2026-03-31,HR 251,Local government; probate judges shall be elected in nonpartisan elections; provide - CA,ADOPTION OF CONSTITUTIONAL AMENDMENT,46,0,Pass,https://www.legis.ga.gov/legislation/70279
26485-72891,2026-03-31,HR 1243,Georgia Next Generation 9-1-1 Fund; authorize creation - CA,ADOPTION OF CONSTITUTIONAL AMENDMENT,49,0,Pass,https://www.legis.ga.gov/legislation/72891
26486-72842,2026-03-31,HB 1193,Georgia Early Literacy Act of 2026; enact,PASSAGE BY SUBSTITUTE,49,0,Pass,https://www.legis.ga.gov/legislation/72842
26487-70317,2026-03-31,HB 445,Ad valorem tax; language required to be included in notices of current assessment; revise,PASSAGE BY SUBSTITUTE,46,0,Pass,https://www.legis.ga.gov/legislation/70317
26488-72644,2026-03-31,HB 1116,Homeownership Opportunity and Market Equalization Act of 2026; enact,PASSAGE BY SUBSTITUTE,31,19,Pass,https://www.legis.ga.gov/legislation/72644
26490-72899,2026-03-31,HB 1215,Middle Judicial Circuit; superior courts; provide for a third judge,PASSAGE BY SUBSTITUTE,47,3,Pass,https://www.legis.ga.gov/legislation/72899
26491-73008,2026-03-31,HB 1245,Walker County; Board of Education; members shall be elected by voters of the respective education districts; provide,PASSAGE,48,0,Pass,https://www.legis.ga.gov/legislation/73008
26492-73246,2026-03-31,HB 1317,"Fort Oglethorpe, City of; levy an excise tax",PASSAGE,41,3,Pass,https://www.legis.ga.gov/legislation/73246
26493-73986,2026-03-31,HB 1526,Early County; repeal a former local constitutional amendment,PASSAGE,47,0,Pass,https://www.legis.ga.gov/legislation/73986
26494-74036,2026-03-31,HB 1543,Chattooga County; school district ad valorem tax; homestead exemption; increase income cap,PASSAGE,44,0,Pass,https://www.legis.ga.gov/legislation/74036
26495-74037,2026-03-31,HB 1544,Chattooga County; ad valorem tax; county purposes; provide a homestead exemption,PASSAGE,46,0,Pass,https://www.legis.ga.gov/legislation/74037
26496-72683,2026-03-31,HB 1129,Local government; designation of enterprise zones; provisions,PASSAGE BY SUBSTITUTE,45,2,Pass,https://www.legis.ga.gov/legislation/72683
26497-73469,2026-03-31,HB 1415,"Stone Mountain Memorial Association; hold all real property obtained before January 1, 1971, in trust; require",PASSAGE,47,0,Pass,https://www.legis.ga.gov/legislation/73469
26498-72503,2026-03-31,HB 1077,"Sales and use tax; exemption for sales of tickets, fees, and charges of admission to certain museums and fine arts performances or exhibitions at nonprofit facilities; extend sunset date",PASSAGE BY SUBSTITUTE,43,5,Pass,https://www.legis.ga.gov/legislation/72503
26499-72878,2026-03-31,HB 1202,Georgia Motor Vehicle Crime Prevention Advisory Board; correct a scrivener's error in a cross-reference,PASSAGE,41,6,Pass,https://www.legis.ga.gov/legislation/72878
26500-72959,2026-03-31,HB 1238,"Community Health, Department of; submit a waiver request to the federal Centers for Medicare and Medicaid Services to authorize the qualification of certain caregivers for Medicaid reimbursement",PASSAGE BY SUBSTITUTE,46,0,Pass,https://www.legis.ga.gov/legislation/72959
26501-70436,2026-03-31,HB 506,Social services; Medicaid coverage for tobacco cessation treatments; provide,PASSAGE BY SUBSTITUTE,48,0,Pass,https://www.legis.ga.gov/legislation/70436
26502-70182,2026-03-31,HB 382,Controlled substances; Schedule I; psilocybin; revise a provision,PASSAGE,38,10,Pass,https://www.legis.ga.gov/legislation/70182
26503-72141,2026-03-31,HB 943,Social services; establish a pilot program for autism spectrum disorder to children in foster care; provide,PASSAGE,46,0,Pass,https://www.legis.ga.gov/legislation/72141
26504-72343,2026-03-31,HB 1015,Self-insurers Guaranty Trust Fund; revise certain funded levels,PASSAGE,46,1,Pass,https://www.legis.ga.gov/legislation/72343
26505-73132,2026-03-31,HB 1283,Family Justice Center Act; enact,PASSAGE AS AMENDED,48,0,Pass,https://www.legis.ga.gov/legislation/73132
26506-69869,2026-03-31,HB 256,Social services; foster parents bill of rights; revise provisions,PASSAGE BY SUBSTITUTE,47,0,Pass,https://www.legis.ga.gov/legislation/69869
26507-70938,2026-03-31,HB 659,Health; rural assistance; expand medical education funding and the service cancelable loan program to include optometrists,PASSAGE AS AMENDED,46,0,Pass,https://www.legis.ga.gov/legislation/70938
26510-69971,2026-03-31,HB 297,Ad valorem tax; define multipurpose off-highway vehicle; provisions,PASSAGE BY SUBSTITUTE,30,19,Pass,https://www.legis.ga.gov/legislation/69971
26511-70354,2026-03-31,HB 466,State symbols; marsh tacky horse as official Georgia heritage horse breed; designate,PASSAGE BY SUBSTITUTE,41,6,Pass,https://www.legis.ga.gov/legislation/70354
26512-70254,2026-03-31,HB 413,Agriculture; prohibit local ordinances that prohibit operation of mobile sawmills on agricultural land,PASSAGE BY SUBSTITUTE,49,0,Pass,https://www.legis.ga.gov/legislation/70254
26513-70936,2026-03-31,HB 657,Mental health; qualifications of recovery community organizations for substance use; provide,PASSAGE BY SUBSTITUTE,47,1,Pass,https://www.legis.ga.gov/legislation/70936
26514-72501,2026-03-31,HB 1075,Sexual offenses; modify penalty for offenders previously convicted of the offense of trafficking of persons for labor or sexual servitude,PASSAGE BY SUBSTITUTE,47,0,Pass,https://www.legis.ga.gov/legislation/72501
26516-72733,2026-03-31,HB 1161,Motor vehicles; proper operation upon approach by an authorized emergency vehicle or by a law enforcement vehicle for purposes of a traffic stop; provide,PASSAGE BY SUBSTITUTE,46,3,Pass,https://www.legis.ga.gov/legislation/72733
26517-72885,2026-03-31,HB 1209,Sales and use tax; purchases of tangible property and construction materials used for or in the construction and furnishing of certain buildings; provide exemption,PASSAGE,42,8,Pass,https://www.legis.ga.gov/legislation/72885
26518-73056,2026-03-31,HB 1263,Insurance; premiums made within three years of payment to the Commissioner; provide for a claim for a refund of certain fees and taxes ,PASSAGE BY SUBSTITUTE,44,7,Pass,https://www.legis.ga.gov/legislation/73056
26520-73523,2026-03-31,SB 552,"""True Patriotism and Universal Student Access (TPUSA) Act""; enact",AGREE TO HOUSE SUBSTITUTE,42,7,Pass,https://www.legis.ga.gov/legislation/73523
26521-73645,2026-03-31,SB 587,Offenses Against Public Health and Morals; the establishment of an animal cruelty database; provide,AGREE TO HOUSE SUBSTITUTE,48,0,Pass,https://www.legis.ga.gov/legislation/73645
26522-72252,2026-03-31,SB 403,Unclaimed Property; property is presumed abandoned; provide for exceptions,AGREE TO HOUSE SUBSTITUTE,49,0,Pass,https://www.legis.ga.gov/legislation/72252
26523-70242,2026-03-31,SB 150,Retirement; permit public school systems to employ certain beneficiaries of the Teachers Retirement System of Georgia as classroom teachers; extend the program,AGREE TO HOUSE SUBSTITUTE,49,0,Pass,https://www.legis.ga.gov/legislation/70242
26524-72998,2026-03-31,SB 478,Outdoor Stewardship; provide for a sunset,AGREE TO HOUSE SUBSTITUTE,49,0,Pass,https://www.legis.ga.gov/legislation/72998
26525-72253,2026-03-31,SB 406,"""Georgia Property Owners' Bill of Rights Act""; enact",AGREE TO HOUSE SUBSTITUTE,51,0,Pass,https://www.legis.ga.gov/legislation/72253
26526-73567,2026-03-31,SB 569,Motor Vehicles and Traffic; the issuance of emergency vehicle light permits for towing service companies in certain instances; provide,AGREE TO HOUSE SUBSTITUTE,44,6,Pass,https://www.legis.ga.gov/legislation/73567
26527-71940,2026-03-31,SB 369,"""Charter Schools Act of 1998""; completion charter schools; provide",AGREE TO HOUSE SUBSTITUTE,49,0,Pass,https://www.legis.ga.gov/legislation/71940
26528-73184,2026-03-31,SB 503,Insurance; rental home marketplace guarantees from the definition of property insurance; exempt,AGREE TO HOUSE SUBSTITUTE AS AMENDED,50,0,Pass,https://www.legis.ga.gov/legislation/73184
26529-70090,2026-03-31,SB 131,Georgia Board of Health Care Workforce; Georgia Health Care Professionals Data System; establishment,AGREE TO HOUSE SUBSTITUTE AS AMENDED,39,11,Pass,https://www.legis.ga.gov/legislation/70090
26530-69533,2026-03-31,HB 134,Sales and use tax; manufactured homes; revise and expand exemption ,AGREE TO HOUSE AMENDMENT TO SENATE SUBSTITUTE,50,0,Pass,https://www.legis.ga.gov/legislation/69533
26531-69393,2026-03-31,SB 17,"""Ricky and Alyssa's Law""; enact",AGREE TO HOUSE SUBSTITUTE AS AMENDED,32,17,Pass,https://www.legis.ga.gov/legislation/69393
26532-73650,2026-03-31,SB 589,"""Quality Basic Education Act""; the date by which a child must attain a certain age to be eligible for enrollment in kindergarten or first grade; revise",AGREE TO HOUSE SUBSTITUTE,49,0,Pass,https://www.legis.ga.gov/legislation/73650
26534-72636,2026-04-02,HB 1112,Commerce and trade; rounding of total price of sale of goods or services when using legal tender; provide,Agree to Senate Substitute,163,4,Pass,https://www.legis.ga.gov/legislation/72636
26535-73132,2026-04-02,HB 1283,Family Justice Center Act; enact,Agree to Senate Amendment,170,0,Pass,https://www.legis.ga.gov/legislation/73132
26536-70436,2026-04-02,HB 506,Social services; Medicaid coverage for tobacco cessation treatments; provide,Agree to Senate Substitute,168,2,Pass,https://www.legis.ga.gov/legislation/70436
26537-69869,2026-04-02,HB 256,Social services; foster parents bill of rights; revise provisions,Agree to Senate Substitute,171,0,Pass,https://www.legis.ga.gov/legislation/69869
26538-72899,2026-04-02,HB 1215,Middle Judicial Circuit; superior courts; provide for a third judge,Agree to Senate Substitute,172,0,Pass,https://www.legis.ga.gov/legislation/72899
26539-70317,2026-04-02,HB 445,Ad valorem tax; language required to be included in notices of current assessment; revise,Agree to Senate Sub as Am,171,1,Pass,https://www.legis.ga.gov/legislation/70317
26540-69807,2026-04-02,SB 76,License Plates; specialty license plate benefitting the Georgia Veterans Service Foundation; establish,PASSAGE,168,2,Pass,https://www.legis.ga.gov/legislation/69807
26541-70938,2026-04-02,HB 659,Health; rural assistance; expand medical education funding and the service cancelable loan program to include optometrists,Agree to Senate Amendment,164,8,Pass,https://www.legis.ga.gov/legislation/70938
26542-69971,2026-04-02,HB 297,Ad valorem tax; define multipurpose off-highway vehicle; provisions,Agree to Senate Sub as Am,131,40,Pass,https://www.legis.ga.gov/legislation/69971
26543-73535,2026-04-02,SB 556,HOPE Scholarship; the inclusion of advanced placement and international baccalaureate fine arts courses in the calculation of grade point averages; provide,PASSAGE,167,2,Pass,https://www.legis.ga.gov/legislation/73535
26544-73241,2026-04-02,SB 513,"""Every Day Counts Act""; enact",PASSAGE,80,90,Fail,https://www.legis.ga.gov/legislation/73241
26547-73732,2026-04-02,SB 609,DeKalb County; County Board of Education; changes in boundaries of school district; revise provisions,Local Calendar,110,63,Pass,https://www.legis.ga.gov/legislation/73732
26547-73888,2026-04-02,SB 618,Municipal Court of the City of Decatur; the assessment and collection of a technology fee; authorize,Local Calendar,110,63,Pass,https://www.legis.ga.gov/legislation/73888
26547-74094,2026-04-02,SB 622,City of Tucker; annexation of certain territory into the boundaries of the city; provide,Local Calendar,110,63,Pass,https://www.legis.ga.gov/legislation/74094
26547-74167,2026-04-02,SB 625,City of Decatur Public Facilities Authority; a referendum for issuing revenue bonds for certain projects requested by the City Schools of Decatur; require,Local Calendar,110,63,Pass,https://www.legis.ga.gov/legislation/74167
26548-72638,2026-04-02,SB 440,Department of Public Health; provisions relative to duties or functions; modernize and update,PASSAGE,98,76,Pass,https://www.legis.ga.gov/legislation/72638
26549-72644,2026-04-02,HB 1116,Homeownership Opportunity and Market Equalization Act of 2026; enact,Agree to Senate Sub as Am,102,73,Pass,https://www.legis.ga.gov/legislation/72644
26550-70350,2026-04-02,HB 463,Ad valorem tax; certain senior citizens who volunteer with local governments; provide homestead exemption,Agree to Senate Sub as Am,104,71,Pass,https://www.legis.ga.gov/legislation/70350
26551-73184,2026-04-02,SB 503,Insurance; rental home marketplace guarantees from the definition of property insurance; exempt,Agree to Senate Amend to House Sub,160,6,Pass,https://www.legis.ga.gov/legislation/73184
26552-73438,2026-04-02,HB 1396,State government; require certain privately funded organizations that operate a shelter or provide outreach services to homeless individuals participate in the Georgia Homeless Management Information System (HMIS),Agree to Senate Am as Am,93,75,Pass,https://www.legis.ga.gov/legislation/73438
26553-72959,2026-04-02,HB 1238,"Community Health, Department of; submit a waiver request to the federal Centers for Medicare and Medicaid Services to authorize the qualification of certain caregivers for Medicaid reimbursement",Agree to Senate Sub as Am,165,2,Pass,https://www.legis.ga.gov/legislation/72959
26555-73010,2026-04-02,HB 1247,Georgia Bureaucratic Deference Elimination Act; enact,Agree to Senate Sub as Am,98,70,Pass,https://www.legis.ga.gov/legislation/73010
26556-72288,2026-04-02,SB 411,Professions and Businesses; dry needling to be performed by certain licensed professionals; provide,PASSAGE,166,5,Pass,https://www.legis.ga.gov/legislation/72288
26557-70548,2026-04-02,SB 214,Elections and Primaries; electors to cast physical absentee on-request ballots as an alternative to using other authorized means of casting in-person votes; authorize,PASSAGE,132,39,Pass,https://www.legis.ga.gov/legislation/70548
26558-73709,2026-04-02,SB 601,"Atlanta Board of Education; residency limitations on qualifications for employment of the executive assistant to the board, chief financial officer, and internal auditor; remove",Supplemental Local Calendar,94,75,Pass,https://www.legis.ga.gov/legislation/73709
26558-73790,2026-04-02,SB 614,City of Hampton; homestead exemption; ad valorem taxes for municipal purposes; provide,Supplemental Local Calendar,94,75,Pass,https://www.legis.ga.gov/legislation/73790
26558-73853,2026-04-02,SB 616,Fulton County; written consent for the creation of community improvement districts; provide,Supplemental Local Calendar,94,75,Pass,https://www.legis.ga.gov/legislation/73853
26558-74055,2026-04-02,SB 619,Board of Education of Hancock County; the description of the education districts; change,Supplemental Local Calendar,94,75,Pass,https://www.legis.ga.gov/legislation/74055
26558-74056,2026-04-02,SB 621,"""Barrow County Public Facilities Authority Act""; enact",Supplemental Local Calendar,94,75,Pass,https://www.legis.ga.gov/legislation/74056
26558-74057,2026-04-02,SB 620,State Court of Barrow County; a full-time solicitor-general; provide,Supplemental Local Calendar,94,75,Pass,https://www.legis.ga.gov/legislation/74057
26558-74257,2026-04-02,SB 627,City of Dallas; ad valorem taxes for municipal purposes; provide a homestead exemption,Supplemental Local Calendar,94,75,Pass,https://www.legis.ga.gov/legislation/74257
26560-72473,2026-04-02,SR 624,Officer Drew Haynes Brown Memorial Intersection; Cobb County; dedicate,ADOPT,173,0,Pass,https://www.legis.ga.gov/legislation/72473
26561-73286,2026-04-02,HB 1344,Georgia Insurance Affordability and Claims Integrity Act; enact,Agree to Senate Substitute,164,3,Pass,https://www.legis.ga.gov/legislation/73286
26562-70254,2026-04-02,HB 413,Agriculture; prohibit local ordinances that prohibit operation of mobile sawmills on agricultural land,Agree to Senate Substitute,96,70,Pass,https://www.legis.ga.gov/legislation/70254
26563-73073,2026-04-02,HR 1300,Representative Penny Houston Roundabout; Cook County; dedicate,Agree to Senate Substitute,171,0,Pass,https://www.legis.ga.gov/legislation/73073
26564-70354,2026-04-02,HB 466,State symbols; marsh tacky horse as official Georgia heritage horse breed; designate,Agree to Senate Substitute,170,1,Pass,https://www.legis.ga.gov/legislation/70354
26565-72733,2026-04-02,HB 1161,Motor vehicles; proper operation upon approach by an authorized emergency vehicle or by a law enforcement vehicle for purposes of a traffic stop; provide,Agree to Senate Sub as Am,163,6,Pass,https://www.legis.ga.gov/legislation/72733
26566-72685,2026-04-02,HB 1131,Criminal procedure; personal service of process for notice of a warrant application hearing; provide,Agree to Senate Substitute,166,0,Pass,https://www.legis.ga.gov/legislation/72685
26567-69969,2026-04-02,HB 295,Local government; procedures for real property owners to make claims for compensation for loss of property value or expenses incurred; provisions,Agree to Senate Amend as HAm,93,76,Pass,https://www.legis.ga.gov/legislation/69969
26568-70064,2026-04-02,HB 334,Sickle Cell Disease Protection Act; enact,Agree to Senate Substitute,149,18,Pass,https://www.legis.ga.gov/legislation/70064
26569-72683,2026-04-02,HB 1129,Local government; designation of enterprise zones; provisions,Agree to Senate Substitute,170,1,Pass,https://www.legis.ga.gov/legislation/72683
26570-73546,2026-04-02,HB 1434,Aviation; air facilities; identification of airport affected areas; provide,Agree to Senate Substitute,172,0,Pass,https://www.legis.ga.gov/legislation/73546
26571-69807,2026-04-02,SB 76,License Plates; specialty license plate benefitting the Georgia Veterans Service Foundation; establish,Agree to Senate Amend to House Sub,168,2,Pass,https://www.legis.ga.gov/legislation/69807
26572-73996,2026-04-02,HB 1534,Chatham County; State Court; provide additional judge,Supplemental Local Calendar #2,101,69,Pass,https://www.legis.ga.gov/legislation/73996
26573-69629,2026-04-02,SB 52,"""Timberlands Recovery, Exemption, and Earnings Stability (TREES) Act""; enact",PASSAGE,172,2,Pass,https://www.legis.ga.gov/legislation/69629
26574-73119,2026-04-02,HB 1277,Conservation and natural resources; increase project cost threshold for public roads or airports requiring environmental evaluations,Agree to Senate Substitute,122,50,Pass,https://www.legis.ga.gov/legislation/73119
26575-72697,2026-04-02,HB 1138,Increasing Access to Contraceptives Act; enact,Agree to Senate Substitute,158,11,Pass,https://www.legis.ga.gov/legislation/72697
26576-72501,2026-04-02,HB 1075,Sexual offenses; modify penalty for offenders previously convicted of the offense of trafficking of persons for labor or sexual servitude,Agree to Senate Substitute,138,32,Pass,https://www.legis.ga.gov/legislation/72501
26577-72234,2026-04-02,HB 974,"General appropriations; State Fiscal Year July 1, 2026 - June 30, 2027",Adopt CCR,163,5,Pass,https://www.legis.ga.gov/legislation/72234
26583-73457,2026-04-02,HB 1404,"Pooler, City of; levy an excise tax",LOCAL CONSENT CALENDAR,49,0,Pass,https://www.legis.ga.gov/legislation/73457
26583-74113,2026-04-02,HB 1558,"Palmetto, City of; ad valorem tax for municipal purposes; provide homestead exemption",LOCAL CONSENT CALENDAR,49,0,Pass,https://www.legis.ga.gov/legislation/74113
26583-74114,2026-04-02,HB 1559,"Palmetto, City of; qualifications, terms, powers, and duties of mayor, councilmembers, and city manager; revise provisions",LOCAL CONSENT CALENDAR,49,0,Pass,https://www.legis.ga.gov/legislation/74114
26583-74115,2026-04-02,HB 1560,"Springfield, City of; Redevelopment Powers Law; provide for a referendum",LOCAL CONSENT CALENDAR,49,0,Pass,https://www.legis.ga.gov/legislation/74115
26583-74117,2026-04-02,HB 1562,Pike County; ad valorem tax; increase amount of homestead exemption for residents who are totally disabled,LOCAL CONSENT CALENDAR,49,0,Pass,https://www.legis.ga.gov/legislation/74117
26583-74118,2026-04-02,HB 1563,Pike County; ad valorem tax; increase amount of homestead exemption for residents who are senior citizens,LOCAL CONSENT CALENDAR,49,0,Pass,https://www.legis.ga.gov/legislation/74118
26583-74124,2026-04-02,HB 1564,Lee County; school district ad valorem tax; provide homestead exemption,LOCAL CONSENT CALENDAR,49,0,Pass,https://www.legis.ga.gov/legislation/74124
26583-74125,2026-04-02,HB 1565,Lee County; school district ad valorem tax; provide homestead exemption,LOCAL CONSENT CALENDAR,49,0,Pass,https://www.legis.ga.gov/legislation/74125
26583-74164,2026-04-02,HB 1566,Ware County; school district ad valorem tax; provide homestead exemption,LOCAL CONSENT CALENDAR,49,0,Pass,https://www.legis.ga.gov/legislation/74164
26583-74185,2026-04-02,HB 1568,"Woodstock, City of; change corporate limits",LOCAL CONSENT CALENDAR,49,0,Pass,https://www.legis.ga.gov/legislation/74185
26583-74186,2026-04-02,HB 1569,"McDonough, City of; Municipal Court; authorize assessment and collection of a technology fee",LOCAL CONSENT CALENDAR,49,0,Pass,https://www.legis.ga.gov/legislation/74186
26583-74198,2026-04-02,HB 1573,"Statham, City of; ad valorem tax for municipal purposes; provide homestead exemption",LOCAL CONSENT CALENDAR,49,0,Pass,https://www.legis.ga.gov/legislation/74198
26583-74211,2026-04-02,HB 1575,"Kingsland, City of; ad valorem tax; apply exemption to residents 62 years or older",LOCAL CONSENT CALENDAR,49,0,Pass,https://www.legis.ga.gov/legislation/74211
26583-74212,2026-04-02,HB 1576,"Kingsland, City of; ad valorem tax for municipal purposes; provide homestead exemption",LOCAL CONSENT CALENDAR,49,0,Pass,https://www.legis.ga.gov/legislation/74212
26583-74216,2026-04-02,HB 1580,Henry County Airport Authority; current operative provisions; repeal and replace,LOCAL CONSENT CALENDAR,49,0,Pass,https://www.legis.ga.gov/legislation/74216
26583-74261,2026-04-02,HB 1582,Fayette County; school district ad valorem tax; provide homestead exemption,LOCAL CONSENT CALENDAR,49,0,Pass,https://www.legis.ga.gov/legislation/74261
26583-74262,2026-04-02,HB 1583,Fayette County; ad valorem tax; floating proportional amount based upon any increased property tax collections; provide new exemption,LOCAL CONSENT CALENDAR,49,0,Pass,https://www.legis.ga.gov/legislation/74262
26583-74264,2026-04-02,HB 1581,"Fayetteville, City of; ad valorem tax for municipal purposes; provide homestead exemption",LOCAL CONSENT CALENDAR,49,0,Pass,https://www.legis.ga.gov/legislation/74264
26583-74271,2026-04-02,HB 1587,Cobb County; abolish office of elected county surveyor; provide appointment,LOCAL CONSENT CALENDAR,49,0,Pass,https://www.legis.ga.gov/legislation/74271
26583-74278,2026-04-02,HB 1588,"Cobb County; salaries of chief deputy sheriff, assistant chief deputy sheriff, and executive assistant to the sheriff shall be determined by the sheriff; provide",LOCAL CONSENT CALENDAR,49,0,Pass,https://www.legis.ga.gov/legislation/74278
26583-74324,2026-04-02,HB 1594,"Riceboro, City of; revise corporate limits",LOCAL CONSENT CALENDAR,49,0,Pass,https://www.legis.ga.gov/legislation/74324
26583-74327,2026-04-02,HB 1595,Clarke County; school district ad valorem tax; revise how income cap is calculated,LOCAL CONSENT CALENDAR,49,0,Pass,https://www.legis.ga.gov/legislation/74327
26583-74376,2026-04-02,HB 1598,Laurens County; school district ad valorem tax; provide homestead exemption,LOCAL CONSENT CALENDAR,49,0,Pass,https://www.legis.ga.gov/legislation/74376
26583-74377,2026-04-02,HB 1599,Sandersville School Building Authority; members; revise qualification,LOCAL CONSENT CALENDAR,49,0,Pass,https://www.legis.ga.gov/legislation/74377
26583-74379,2026-04-02,HB 1601,"Gainesville, City of; ad valorem tax for municipal purposes; provide homestead exemption",LOCAL CONSENT CALENDAR,49,0,Pass,https://www.legis.ga.gov/legislation/74379
26583-74382,2026-04-02,HB 1602,"Gainesville, City of; school district ad valorem tax; provide homestead exemption",LOCAL CONSENT CALENDAR,49,0,Pass,https://www.legis.ga.gov/legislation/74382
26584-73119,2026-04-02,HB 1277,Conservation and natural resources; increase project cost threshold for public roads or airports requiring environmental evaluations,PASSAGE BY SUBSTITUTE,51,1,Pass,https://www.legis.ga.gov/legislation/73119
26585-73286,2026-04-02,HB 1344,Georgia Insurance Affordability and Claims Integrity Act; enact,PASSAGE BY SUBSTITUTE,53,0,Pass,https://www.legis.ga.gov/legislation/73286
26587-72697,2026-04-02,HB 1138,Increasing Access to Contraceptives Act; enact,PASSAGE BY SUBSTITUTE,49,1,Pass,https://www.legis.ga.gov/legislation/72697
26588-73462,2026-04-02,HB 1409,Domestic relations; revise mandated reporting of child abuse,PASSAGE BY SUBSTITUTE,52,0,Pass,https://www.legis.ga.gov/legislation/73462
26589-70064,2026-04-02,HB 334,Sickle Cell Disease Protection Act; enact,PASSAGE BY SUBSTITUTE,49,0,Pass,https://www.legis.ga.gov/legislation/70064
26594-69969,2026-04-02,HB 295,Local government; procedures for real property owners to make claims for compensation for loss of property value or expenses incurred; provisions,PASSAGE AS AMENDED,30,22,Pass,https://www.legis.ga.gov/legislation/69969
26595-70319,2026-04-02,HB 447,"Crimes and offenses; crimes of gift card theft, gift card forgery, and gift card fraud; provide",PASSAGE,49,1,Pass,https://www.legis.ga.gov/legislation/70319
26596-73073,2026-04-02,HR 1300,Representative Penny Houston Roundabout; Cook County; dedicate,ADOPTION BY SUBSTITUTE,52,0,Pass,https://www.legis.ga.gov/legislation/73073
26597-70178,2026-04-02,SB 143,Georgia Firefighter's Pension Fund; certain members to retire at age 50; provide,AGREE TO HOUSE SUBSTITUTE,52,1,Pass,https://www.legis.ga.gov/legislation/70178
26598-73644,2026-04-02,SB 586,"""K-9 Law Enforcement Heroes Act of 2026""; enact",AGREE TO HOUSE SUBSTITUTE AS AMENDED,49,0,Pass,https://www.legis.ga.gov/legislation/73644
26599-72251,2026-04-02,SB 402,"Children and Youth; pilot program provision for screenings, clinical evaluations, training for autism spectrum disorder to children in foster care; establish",AGREE TO HOUSE SUBSTITUTE,52,0,Pass,https://www.legis.ga.gov/legislation/72251
26600-72486,2026-04-02,SB 431,Education; enrollment of foster care students within two school days of a request for enrollment by such student's parent or legal custodian; require,AGREE TO HOUSE SUBSTITUTE,51,0,Pass,https://www.legis.ga.gov/legislation/72486
26601-70341,2026-04-02,SB 173,Pleadings and Motions; movants to file notices of uncontested motions in superior courts and state courts; authorize,AGREE TO HOUSE SUBSTITUTE AS AMENDED,41,8,Pass,https://www.legis.ga.gov/legislation/70341
26602-70493,2026-04-02,SB 207,Professions and Businesses; a preclearance process in the licensing of individuals with criminal records who make application to or are investigated by certain licensing boards and commissions; create,AGREE TO HOUSE AMENDMENT TO SENATE AMENDMENT TO HOUSE SUBSTITUTE,50,0,Pass,https://www.legis.ga.gov/legislation/70493
26603-70020,2026-04-02,HB 309,Local government; require adoption of a resolution or ordinance and voter approval prior to abolishment of a police force that was created by such method,PASSAGE BY SUBSTITUTE,47,0,Pass,https://www.legis.ga.gov/legislation/70020
26604-72685,2026-04-02,HB 1131,Criminal procedure; personal service of process for notice of a warrant application hearing; provide,PASSAGE BY SUBSTITUTE,47,2,Pass,https://www.legis.ga.gov/legislation/72685
26605-73172,2026-04-02,HB 1295,Physician Assistant Licensure Compact; enter into an interstate compact,PASSAGE AS AMENDED,49,0,Pass,https://www.legis.ga.gov/legislation/73172
26606-73546,2026-04-02,HB 1434,Aviation; air facilities; identification of airport affected areas; provide,PASSAGE BY SUBSTITUTE,52,0,Pass,https://www.legis.ga.gov/legislation/73546
26607-72829,2026-04-02,HB 1187,Trey's Law; enact,PASSAGE,50,0,Pass,https://www.legis.ga.gov/legislation/72829
26608-69349,2026-04-02,HB 52,Ad valorem tax; qualified disabled veterans; extend homestead exemption to unremarried surviving spouses or minor children ,PASSAGE BY SUBSTITUTE,50,0,Pass,https://www.legis.ga.gov/legislation/69349
26609-73077,2026-04-02,HB 1272,Banking and finance; licensing of payment stablecoin issuers; provisions,PASSAGE,50,1,Pass,https://www.legis.ga.gov/legislation/73077
26611-72642,2026-04-02,HB 1114,Quality Basic Education Act; allow for students in ninth and tenth grade to complete the high school graduation financial literacy course requirement,PASSAGE BY SUBSTITUTE,46,4,Pass,https://www.legis.ga.gov/legislation/72642
26612-70890,2026-04-02,SB 261,Magistrates Retirement Fund; early retirement benefit; provide,AGREE TO HOUSE SUBSTITUTE,53,0,Pass,https://www.legis.ga.gov/legislation/70890
26613-72279,2026-04-02,HB 999,Magistrate courts; collecting sums and fees authorized by law; revise provisions,AGREE TO HOUSE AMENDMENT TO SENATE AMENDMENT,48,1,Pass,https://www.legis.ga.gov/legislation/72279
26614-73535,2026-04-02,SB 556,HOPE Scholarship; the inclusion of advanced placement and international baccalaureate fine arts courses in the calculation of grade point averages; provide,AGREE TO HOUSE SUBSTITUTE AS AMENDED,25,25,Fail,https://www.legis.ga.gov/legislation/73535
26615-73535,2026-04-02,SB 556,HOPE Scholarship; the inclusion of advanced placement and international baccalaureate fine arts courses in the calculation of grade point averages; provide,AGREE TO HOUSE SUBSTITUTE,36,17,Pass,https://www.legis.ga.gov/legislation/73535
26616-69480,2026-04-02,SB 23,Retirement; total percentage of funds that the Employees' Retirement System of Georgia may invest in alternative investments; raise the limit,AGREE TO HOUSE SUBSTITUTE,49,1,Pass,https://www.legis.ga.gov/legislation/69480
26617-73180,2026-04-02,SB 501,Office of the Safety Fire Commissioner; update provisions,AGREE TO HOUSE SUBSTITUTE AS AMENDED,51,0,Pass,https://www.legis.ga.gov/legislation/73180
26618-71660,2026-04-02,HB 858,Cobb County; State Court; change compensation and number of certain staff of solicitor-general,AGREE TO HOUSE AMENDMENT TO SENATE SUBSTITUTE,50,0,Pass,https://www.legis.ga.gov/legislation/71660
26619-71006,2026-04-02,SB 306,Bona Fide Conservation Use Property; impending expiration to be sent via certified mail; require notices,AGREE TO HOUSE SUBSTITUTE,52,0,Pass,https://www.legis.ga.gov/legislation/71006
26620-69327,2026-04-02,SB 8,Courts; arrest warrant requirements when juvenile courts are acting as courts of inquiry; provide,AGREE TO HOUSE SUBSTITUTE AS AMENDED,26,26,Fail,https://www.legis.ga.gov/legislation/69327
26621-70317,2026-04-02,HB 445,Ad valorem tax; language required to be included in notices of current assessment; revise,AGREE TO HOUSE AMENDMENT TO SENATE SUBSTITUTE,52,0,Pass,https://www.legis.ga.gov/legislation/70317
26622-72944,2026-04-02,SB 469,Board of Commissioners of Forsyth County;  term limits for members; provide,AGREE TO HOUSE SUBSTITUTE,52,0,Pass,https://www.legis.ga.gov/legislation/72944
26623-69990,2026-04-02,SB 111,"""Georgia Consumer Privacy Protection Act""; enact",AGREE TO HOUSE SUBSTITUTE,48,0,Pass,https://www.legis.ga.gov/legislation/69990
26624-74111,2026-04-02,SB 623,State Court of Clayton County; compensation of the solicitor-general of the state court; revise provisions,AGREE TO HOUSE SUBSTITUTE,50,0,Pass,https://www.legis.ga.gov/legislation/74111
26625-73789,2026-04-02,SB 613,Superior Court of Clayton County; change the compensation of the sheriff,AGREE TO HOUSE SUBSTITUTE,52,0,Pass,https://www.legis.ga.gov/legislation/73789
26626-69807,2026-04-02,SB 76,License Plates; specialty license plate benefitting the Georgia Veterans Service Foundation; establish,AGREE TO HOUSE SUBSTITUTE AS AMENDED,53,0,Pass,https://www.legis.ga.gov/legislation/69807
26627-70350,2026-04-02,HB 463,Ad valorem tax; certain senior citizens who volunteer with local governments; provide homestead exemption,AGREE TO HOUSE AMENDMENT TO SENATE SUBSTITUTE,33,20,Pass,https://www.legis.ga.gov/legislation/70350
26629-70057,2026-04-02,HB 328,Revenue and taxation; increase annual aggregate limit for tax credits available for certain contributions to student scholarship organizations,AGREE TO HOUSE AMENDMENT TO SENATE SUBSTITUTE,30,22,Pass,https://www.legis.ga.gov/legislation/70057
26630-72644,2026-04-02,HB 1116,Homeownership Opportunity and Market Equalization Act of 2026; enact,AGREE TO HOUSE AMENDMENT TO SENATE SUBSTITUTE,24,28,Fail,https://www.legis.ga.gov/legislation/72644
26631-72234,2026-04-02,HB 974,"General appropriations; State Fiscal Year July 1, 2026 - June 30, 2027",ADOPT CONFERENCE COMMITTEE REPORT,53,0,Pass,https://www.legis.ga.gov/legislation/72234
26632-69563,2026-04-02,HB 141,Revenue and taxation; allow businesses and practitioners to provide affidavits of certified public accountants in lieu of tax returns,PASSAGE,51,0,Pass,https://www.legis.ga.gov/legislation/69563
26633-70112,2026-04-02,HB 350,Domestic relations; safe places for newborns; revise provisions,PASSAGE BY SUBSTITUTE,49,1,Pass,https://www.legis.ga.gov/legislation/70112
26634-73723,2026-04-02,HB 1470,Torts; abusive litigation based on alleged website access violations under federal and state law; create a cause of action,PASSAGE,50,0,Pass,https://www.legis.ga.gov/legislation/73723
26636-69550,2026-04-02,SB 33,"""Georgia Hemp Farming Act""; total THC concentration of consumable hemp products; provide limits",AGREE TO HOUSE SUBSTITUTE AS AMENDED,32,21,Pass,https://www.legis.ga.gov/legislation/69550
26637-73198,2026-04-02,HB 1310,State symbols; cotton as official state fabric; designate,PASSAGE,50,1,Pass,https://www.legis.ga.gov/legislation/73198
26578-70112,2026-04-03,HB 350,Domestic relations; safe places for newborns; revise provisions,Agree to Senate Substitute,164,4,Pass,https://www.legis.ga.gov/legislation/70112
26579-70850,2026-04-03,HB 651,Motor vehicles; use of automated traffic enforcement safety devices in school zones; revise provisions,Agree to Senate Amend to HAm to SSub,156,14,Pass,https://www.legis.ga.gov/legislation/70850
26580-69550,2026-04-03,SB 33,"""Georgia Hemp Farming Act""; total THC concentration of consumable hemp products; provide limits",Agree to Senate Amend to House Sub,97,72,Pass,https://www.legis.ga.gov/legislation/69550
26581-73462,2026-04-03,HB 1409,Domestic relations; revise mandated reporting of child abuse,Agree to Senate Substitute,155,12,Pass,https://www.legis.ga.gov/legislation/73462
26638-72733,2026-04-03,HB 1161,Motor vehicles; proper operation upon approach by an authorized emergency vehicle or by a law enforcement vehicle for purposes of a traffic stop; provide,AGREE TO HOUSE AMENDMENT TO SENATE SUBSTITUTE,33,19,Pass,https://www.legis.ga.gov/legislation/72733
26639-73010,2026-04-03,HB 1247,Georgia Bureaucratic Deference Elimination Act; enact,AGREE TO HOUSE AMENDMENT TO SENATE SUBSTITUTE,34,18,Pass,https://www.legis.ga.gov/legislation/73010
26641-69971,2026-04-03,HB 297,Ad valorem tax; define multipurpose off-highway vehicle; provisions,AGREE TO HOUSE AMENDMENT TO SENATE SUBSTITUTE,38,14,Pass,https://www.legis.ga.gov/legislation/69971
26642-72473,2026-04-03,SR 624,Officer Drew Haynes Brown Memorial Intersection; Cobb County; dedicate,AGREE TO HOUSE SUBSTITUTE,51,0,Pass,https://www.legis.ga.gov/legislation/72473
26643-69969,2026-04-03,HB 295,Local government; procedures for real property owners to make claims for compensation for loss of property value or expenses incurred; provisions,AGREE TO HOUSE AMENDMENT TO SENATE AMENDMENT,34,19,Pass,https://www.legis.ga.gov/legislation/69969
26644-72487,2026-04-03,SB 430,Taxes; certain military museums qualify as destination marketing organizations and private sector nonprofit organizations; provide,AGREE TO HOUSE SUBSTITUTE,53,0,Pass,https://www.legis.ga.gov/legislation/72487
26645-72694,2026-04-03,SB 447,Control of Soil Erosion and Sedimentation; denial or nonacceptance of permits; revise provisions,AGREE TO HOUSE SUBSTITUTE,51,2,Pass,https://www.legis.ga.gov/legislation/72694
26646-71630,2026-04-03,SB 359,Henry County; Board of Commissioners; code of ethics; revise and restate provisions,AGREE TO HOUSE SUBSTITUTE,44,6,Pass,https://www.legis.ga.gov/legislation/71630
